source,dataset,resolution,transform,cap_bytes,delta,bits_bitplane,bytes_bitplane,bits_entropy,bytes_entropy,psnr_y,ssim_y,psnr_hvs,nonzero_fraction,coefficients,seconds
kodak_kodim04,kodak,1920,cdf97,150000,83.40852,1199997,149999,553490,69186,29.229,0.75788,,0.02168,3686400,3.6
kodak_kodim04,kodak,1920,cdf97,200000,65.54434,1599962,199995,766063,95758,30.123,0.78793,,0.03048,3686400,5.5
kodak_kodim04,kodak,1920,cdf97,250000,54.82549,1999970,249996,979513,122439,30.82,0.8106,,0.03964,3686400,7.3
kodak_kodim04,kodak,1920,cdf97,300000,46.38156,2399924,299990,1226058,153257,31.508,0.83165,,0.05055,3686400,9.2
kodak_kodim04,kodak,1920,cdf97,350000,39.90219,2799956,349994,1495248,186906,32.204,0.85016,,0.06268,3686400,11.1
kodak_kodim04,kodak,1920,cdf97,400000,34.71214,3200000,400000,1780323,222540,32.887,0.86659,,0.07609,3686400,12.9
kodak_kodim04,kodak,1920,cdf97,416667,33.12055,3333311,416663,1882049,235256,33.126,0.87193,34.928246,0.081,3686400,14.8
kodak_kodim04,kodak,1920,cdf97,450000,30.14521,3599922,449990,2096847,262106,33.613,0.88219,,0.09161,3686400,17.6
kodak_kodim04,kodak,1920,cdf97,500000,26.6619,3999985,499998,2406475,300809,34.258,0.89473,,0.10721,3686400,19.5
kodak_kodim04,kodak,1920,cdf97,550000,23.74049,4399946,549993,2724885,340611,34.907,0.90563,,0.12362,3686400,21.3
kodak_kodim04,kodak,1920,cdf53,150000,87.01093,1199963,149995,542551,67819,28.86,0.75528,,0.02154,3686400,3.0
kodak_kodim04,kodak,1920,cdf53,200000,68.49317,1599949,199993,761662,95208,29.782,0.78508,,0.03065,3686400,4.8
kodak_kodim04,kodak,1920,cdf53,250000,57.44212,1999885,249985,968117,121015,30.506,0.80779,,0.03959,3686400,6.6
kodak_kodim04,kodak,1920,cdf53,300000,48.47744,2399999,299999,1216883,152110,31.23,0.82886,,0.05071,3686400,8.3
kodak_kodim04,kodak,1920,cdf53,350000,41.5257,2799937,349992,1483056,185382,31.924,0.84749,,0.06287,3686400,10.1
kodak_kodim04,kodak,1920,cdf53,400000,36.21638,3199950,399993,1756988,219624,32.573,0.86331,,0.07564,3686400,11.9
kodak_kodim04,kodak,1920,cdf53,416667,34.58779,3333101,416637,1856644,232081,32.808,0.86863,34.062329,0.08035,3686400,13.6
kodak_kodim04,kodak,1920,cdf53,450000,31.73945,3599803,449975,2058142,257268,33.26,0.87819,,0.0902,3686400,16.0
kodak_kodim04,kodak,1920,cdf53,500000,28.06506,3999966,499995,2358351,294794,33.919,0.89083,,0.10521,3686400,17.8
kodak_kodim04,kodak,1920,cdf53,550000,24.95867,4399999,549999,2676915,334614,34.565,0.90216,,0.1215,3686400,19.6
kodak_kodim04,kodak,1920,haar,150000,100.43295,1199974,149996,562169,70271,27.794,0.68396,,0.02253,3686400,2.5
kodak_kodim04,kodak,1920,haar,200000,81.21271,1599586,199948,750151,93769,28.536,0.71635,,0.03021,3686400,4.2
kodak_kodim04,kodak,1920,haar,250000,67.56476,1999292,249911,959500,119938,29.244,0.74463,,0.03869,3686400,5.9
kodak_kodim04,kodak,1920,haar,300000,57.17943,2399690,299961,1194023,149253,29.952,0.77067,,0.04875,3686400,7.6
kodak_kodim04,kodak,1920,haar,350000,48.38222,2799657,349957,1472778,184097,30.694,0.79653,,0.06135,3686400,9.3
kodak_kodim04,kodak,1920,haar,400000,42.18779,3199993,399999,1743419,217927,31.34,0.81709,,0.07412,3686400,11.0
kodak_kodim04,kodak,1920,haar,416667,40.15484,3333220,416652,1846686,230836,31.582,0.82391,33.475315,0.0791,3686400,12.6
kodak_kodim04,kodak,1920,haar,450000,36.88481,3599837,449979,2029908,253738,32.013,0.83597,,0.0881,3686400,15.0
kodak_kodim04,kodak,1920,haar,500000,32.7094,3999321,499915,2317913,289739,32.626,0.85232,,0.10254,3686400,16.7
kodak_kodim04,kodak,1920,haar,550000,29.2703,4399996,549999,2616411,327051,33.228,0.86669,,0.11783,3686400,18.4
kodak_kodim04,kodak,1920,db2,150000,88.1458,1199979,149997,574535,71817,28.749,0.73301,,0.02273,3686400,5.8
kodak_kodim04,kodak,1920,db2,200000,70.12009,1599914,199989,779079,97385,29.578,0.76449,,0.03121,3686400,7.7
kodak_kodim04,kodak,1920,db2,250000,58.17813,1999975,249996,1010072,126259,30.299,0.79084,,0.0411,3686400,9.7
kodak_kodim04,kodak,1920,db2,300000,49.34555,2399885,299985,1264349,158044,30.988,0.81331,,0.05227,3686400,11.7
kodak_kodim04,kodak,1920,db2,350000,42.68604,2799982,349997,1532867,191608,31.677,0.83342,,0.06433,3686400,13.6
kodak_kodim04,kodak,1920,db2,400000,37.10872,3199949,399993,1812420,226553,32.379,0.85149,,0.0776,3686400,15.6
kodak_kodim04,kodak,1920,db2,416667,35.53008,3333273,416659,1906431,238304,32.601,0.85705,34.716439,0.08224,3686400,17.5
kodak_kodim04,kodak,1920,db2,450000,32.56863,3599999,449999,2102070,262759,33.053,0.86762,,0.09185,3686400,20.1
kodak_kodim04,kodak,1920,db2,500000,28.78754,3999993,499999,2409414,301177,33.704,0.88164,,0.10717,3686400,22.1
kodak_kodim04,kodak,1920,db2,550000,25.55146,4399976,549997,2730567,341321,34.371,0.89454,,0.12378,3686400,24.0
kodak_kodim04,kodak,1920,db4,150000,81.88038,1199990,149998,593515,74189,29.116,0.74802,,0.02421,3686400,9.2
kodak_kodim04,kodak,1920,db4,200000,65.12161,1599939,199992,816559,102070,29.981,0.77947,,0.0336,3686400,11.2
kodak_kodim04,kodak,1920,db4,250000,53.98159,1999886,249985,1058648,132331,30.745,0.80524,,0.04411,3686400,13.3
kodak_kodim04,kodak,1920,db4,300000,45.59811,2399950,299993,1323582,165448,31.491,0.82734,,0.05594,3686400,15.3
kodak_kodim04,kodak,1920,db4,350000,38.97509,2799772,349971,1609581,201198,32.217,0.84697,,0.06924,3686400,17.4
kodak_kodim04,kodak,1920,db4,400000,34.11731,3199926,399990,1895952,236994,32.87,0.8633,,0.08289,3686400,19.5
kodak_kodim04,kodak,1920,db4,416667,32.58835,3333317,416664,2001158,250145,33.101,0.86881,35.333394,0.08805,3686400,21.5
kodak_kodim04,kodak,1920,db4,450000,29.85743,3599876,449984,2214974,276872,33.558,0.87897,,0.09856,3686400,24.2
kodak_kodim04,kodak,1920,db4,500000,26.36375,4000000,500000,2536768,317096,34.239,0.89223,,0.1149,3686400,26.3
kodak_kodim04,kodak,1920,db4,550000,23.52778,4399999,549999,2861856,357732,34.871,0.9037,,0.13186,3686400,28.3
kodak_kodim04,kodak,1920,lap,150000,68.0002,1199944,149993,713561,89195,26.194,0.67931,,0.02003,4914000,3.2
kodak_kodim04,kodak,1920,lap,200000,57.38398,1599950,199993,1003157,125395,27.02,0.70596,,0.0289,4914000,5.4
kodak_kodim04,kodak,1920,lap,250000,49.07351,1999950,249993,1294184,161773,27.765,0.73022,,0.03838,4914000,7.6
kodak_kodim04,kodak,1920,lap,300000,43.11084,2399735,299966,1602597,200325,28.421,0.75326,,0.04893,4914000,9.8
kodak_kodim04,kodak,1920,lap,350000,38.57048,2799734,349966,1909498,238687,29.079,0.77464,,0.05976,4914000,12.0
kodak_kodim04,kodak,1920,lap,400000,34.76544,3199952,399994,2230871,278859,29.707,0.79413,,0.07148,4914000,14.2
kodak_kodim04,kodak,1920,lap,416667,33.6676,3333213,416651,2335471,291934,29.893,0.79989,28.199393,0.07538,4914000,16.5
kodak_kodim04,kodak,1920,lap,450000,31.64679,3599967,449995,2544641,318080,30.272,0.81138,,0.08322,4914000,19.5
kodak_kodim04,kodak,1920,lap,500000,28.76404,3999937,499992,2898008,362251,30.847,0.82854,,0.09707,4914000,21.7
kodak_kodim04,kodak,1920,lap,550000,26.42913,4399940,549992,3237863,404733,31.38,0.84351,,0.11073,4914000,24.0
kodak_kodim04,kodak,1920,wht8,150000,116.55776,1199240,149905,523395,65424,27.036,0.65793,,0.02814,3686400,2.3
kodak_kodim04,kodak,1920,wht8,200000,91.86318,1599809,199976,684180,85523,27.904,0.6913,,0.0338,3686400,4.1
kodak_kodim04,kodak,1920,wht8,250000,76.8521,1999503,249937,852544,106568,28.54,0.718,,0.04018,3686400,5.9
kodak_kodim04,kodak,1920,wht8,300000,66.43475,2399917,299989,1025711,128214,29.078,0.73918,,0.04699,3686400,7.7
kodak_kodim04,kodak,1920,wht8,350000,57.78879,2799764,349970,1227418,153427,29.674,0.76274,,0.05549,3686400,9.5
kodak_kodim04,kodak,1920,wht8,400000,50.73846,3199483,399935,1439649,179956,30.255,0.78295,,0.0648,3686400,11.2
kodak_kodim04,kodak,1920,wht8,416667,48.52036,3333300,416662,1518907,189863,30.454,0.78955,31.860157,0.06834,3686400,13.0
kodak_kodim04,kodak,1920,wht8,450000,44.67773,3599797,449974,1678872,209859,30.831,0.80182,,0.07568,3686400,15.4
kodak_kodim04,kodak,1920,wht8,500000,40.04061,3999904,499988,1916691,239586,31.36,0.81773,,0.08677,3686400,17.1
kodak_kodim04,kodak,1920,wht8,550000,35.83844,4399755,549969,2177648,272206,31.935,0.83408,,0.09943,3686400,18.9
kodak_kodim04,kodak,1920,wht16,150000,114.86652,1199998,149999,444757,55595,27.121,0.66068,,0.01996,3686400,4.4
kodak_kodim04,kodak,1920,wht16,200000,92.18186,1599528,199941,597961,74745,27.856,0.6888,,0.02632,3686400,7.7
kodak_kodim04,kodak,1920,wht16,250000,77.37959,1999875,249984,755295,94412,28.438,0.71291,,0.03298,3686400,11.0
kodak_kodim04,kodak,1920,wht16,300000,66.91563,2399646,299955,924582,115573,28.967,0.73268,,0.04018,3686400,14.4
kodak_kodim04,kodak,1920,wht16,350000,58.83478,2799955,349994,1101351,137669,29.476,0.75271,,0.04807,3686400,17.9
kodak_kodim04,kodak,1920,wht16,400000,52.13865,3199346,399918,1295088,161886,29.985,0.77081,,0.05704,3686400,21.1
kodak_kodim04,kodak,1920,wht16,416667,50.00995,3333214,416651,1369075,171134,30.168,0.77834,31.565128,0.06058,3686400,24.4
kodak_kodim04,kodak,1920,wht16,450000,46.04855,3599999,449999,1524488,190561,30.524,0.79025,,0.06806,3686400,28.4
kodak_kodim04,kodak,1920,wht16,500000,41.27415,3999758,499969,1754503,219313,31.023,0.80588,,0.07937,3686400,31.8
kodak_kodim04,kodak,1920,wht16,550000,36.99509,4399662,549957,2005726,250716,31.556,0.82235,,0.09214,3686400,35.2
kodak_kodim04,kodak,1920,wht32,150000,114.76591,1199940,149992,411187,51398,26.833,0.64569,,0.01934,3686400,10.4
kodak_kodim04,kodak,1920,wht32,200000,94.7126,1599918,199989,538262,67283,27.467,0.67093,,0.02498,3686400,15.4
kodak_kodim04,kodak,1920,wht32,250000,80.8244,1999872,249984,671606,83951,27.984,0.69114,,0.03097,3686400,20.2
kodak_kodim04,kodak,1920,wht32,300000,70.6726,2399997,299999,819385,102423,28.441,0.70601,,0.03786,3686400,25.0
kodak_kodim04,kodak,1920,wht32,350000,62.17651,2799854,349981,982998,122875,28.927,0.72565,,0.04546,3686400,29.9
kodak_kodim04,kodak,1920,wht32,400000,55.74576,3199593,399949,1148917,143615,29.354,0.74124,,0.05333,3686400,34.7
kodak_kodim04,kodak,1920,wht32,416667,53.59637,3333092,416636,1215908,151989,29.511,0.74801,30.600548,0.05656,3686400,39.5
kodak_kodim04,kodak,1920,wht32,450000,49.97077,3599881,449985,1340257,167532,29.804,0.75903,,0.06264,3686400,45.0
kodak_kodim04,kodak,1920,wht32,500000,45.07579,3999470,499933,1541585,192698,30.249,0.77356,,0.07287,3686400,49.8
kodak_kodim04,kodak,1920,wht32,550000,41.19326,4399777,549972,1744048,218006,30.645,0.78669,,0.08326,3686400,54.7
kodak_kodim04,kodak,1920,wht64,150000,99.19775,1199786,149973,448699,56087,26.818,0.62922,,0.02406,3686400,35.4
kodak_kodim04,kodak,1920,wht64,200000,82.94668,1599956,199994,593498,74187,27.376,0.65191,,0.03169,3686400,49.3
kodak_kodim04,kodak,1920,wht64,250000,72.40053,1999853,249981,740734,92592,27.835,0.67048,,0.03923,3686400,63.4
kodak_kodim04,kodak,1920,wht64,300000,64.27469,2399984,299998,888535,111067,28.287,0.68766,,0.04684,3686400,77.7
kodak_kodim04,kodak,1920,wht64,350000,57.57329,2799998,349999,1046725,130841,28.72,0.70658,,0.05526,3686400,91.7
kodak_kodim04,kodak,1920,wht64,400000,52.32068,3199722,399965,1208251,151031,29.098,0.72091,,0.06391,3686400,105.7
kodak_kodim04,kodak,1920,wht64,416667,50.756,3333088,416636,1266624,158328,29.221,0.72627,30.25441,0.06703,3686400,119.6
kodak_kodim04,kodak,1920,wht64,450000,47.52635,3600000,450000,1389305,173663,29.494,0.73546,,0.07378,3686400,134.6
kodak_kodim04,kodak,1920,wht64,500000,43.77449,3999986,499998,1573139,196642,29.851,0.74793,,0.0838,3686400,148.7
kodak_kodim04,kodak,1920,wht64,550000,40.17102,4399818,549977,1776090,222011,30.241,0.76198,,0.09544,3686400,162.7
kodak_kodim04,kodak,1920,dct8,150000,108.8227,1199976,149997,522673,65334,27.741,0.67938,,0.02818,3686400,2.2
kodak_kodim04,kodak,1920,dct8,200000,86.4627,1599956,199994,689153,86144,28.603,0.71611,,0.03416,3686400,4.0
kodak_kodim04,kodak,1920,dct8,250000,71.31483,1999821,249977,862943,107868,29.358,0.74716,,0.0408,3686400,5.7
kodak_kodim04,kodak,1920,dct8,300000,60.71557,2399891,299986,1045173,130647,30.009,0.7716,,0.04826,3686400,7.5
kodak_kodim04,kodak,1920,dct8,350000,52.41383,2799648,349956,1253179,156647,30.635,0.79416,,0.05695,3686400,9.2
kodak_kodim04,kodak,1920,dct8,400000,45.23276,3199868,399983,1487412,185926,31.338,0.8169,,0.06737,3686400,11.0
kodak_kodim04,kodak,1920,dct8,416667,43.58294,3333120,416640,1551750,193969,31.504,0.82178,32.871683,0.0703,3686400,12.8
kodak_kodim04,kodak,1920,dct8,450000,40.4099,3599423,449927,1691153,211394,31.862,0.83241,,0.07659,3686400,15.1
kodak_kodim04,kodak,1920,dct8,500000,36.20035,3999294,499911,1917111,239639,32.399,0.84735,,0.08722,3686400,16.9
kodak_kodim04,kodak,1920,dct8,550000,32.53881,4399632,549954,2162571,270321,32.931,0.8612,,0.09899,3686400,18.7
kodak_kodim04,kodak,1920,dct16,150000,101.98956,1199944,149993,455693,56962,28.271,0.70774,,0.02043,3686400,4.5
kodak_kodim04,kodak,1920,dct16,200000,81.71165,1599986,199998,605183,75648,29.043,0.73838,,0.02652,3686400,7.9
kodak_kodim04,kodak,1920,dct16,250000,67.84932,1999861,249982,767952,95994,29.735,0.76344,,0.03339,3686400,11.3
kodak_kodim04,kodak,1920,dct16,300000,58.59422,2399987,299998,934372,116797,30.288,0.78374,,0.04064,3686400,14.7
kodak_kodim04,kodak,1920,dct16,350000,50.9581,2799868,349983,1121133,140142,30.84,0.80212,,0.04903,3686400,18.0
kodak_kodim04,kodak,1920,dct16,400000,45.02908,3199452,399931,1321826,165228,31.378,0.81855,,0.05824,3686400,21.3
kodak_kodim04,kodak,1920,dct16,416667,43.37083,3333240,416655,1387058,173382,31.538,0.82383,32.91452,0.06123,3686400,24.6
kodak_kodim04,kodak,1920,dct16,450000,40.37913,3599986,449998,1517370,189671,31.863,0.83288,,0.06726,3686400,28.5
kodak_kodim04,kodak,1920,dct16,500000,35.84388,3999963,499995,1752234,219029,32.412,0.84805,,0.07869,3686400,31.7
kodak_kodim04,kodak,1920,dct16,550000,32.40399,4399708,549963,1981596,247700,32.908,0.85996,,0.09009,3686400,35.1
kodak_kodim04,kodak,1920,dct32,150000,99.60303,1199462,149932,408708,51088,28.271,0.71057,,0.01863,3686400,10.2
kodak_kodim04,kodak,1920,dct32,200000,79.9116,1599952,199994,554941,69368,28.984,0.73542,,0.02518,3686400,15.0
kodak_kodim04,kodak,1920,dct32,250000,66.87926,1999989,249998,707394,88424,29.61,0.75575,,0.03208,3686400,20.0
kodak_kodim04,kodak,1920,dct32,300000,58.1108,2399735,299966,863067,107883,30.108,0.77304,,0.0392,3686400,25.0
kodak_kodim04,kodak,1920,dct32,350000,51.76283,2799949,349993,1015075,126884,30.547,0.78783,,0.04625,3686400,29.9
kodak_kodim04,kodak,1920,dct32,400000,46.32543,3199958,399994,1180171,147521,30.987,0.80183,,0.05412,3686400,34.9
kodak_kodim04,kodak,1920,dct32,416667,44.79553,3333250,416656,1237554,154694,31.122,0.80628,32.27241,0.05683,3686400,39.7
kodak_kodim04,kodak,1920,dct32,450000,42.12181,3599986,449998,1353624,169203,31.384,0.81385,,0.06245,3686400,45.2
kodak_kodim04,kodak,1920,dct32,500000,38.24949,3999809,499976,1537147,192143,31.812,0.82665,,0.07169,3686400,50.0
kodak_kodim04,kodak,1920,dct32,550000,35.20113,4399999,549999,1722529,215316,32.182,0.83649,,0.08109,3686400,54.9
kodak_kodim04,kodak,2560,cdf97,150000,106.92519,1199821,149977,570725,71341,29.169,0.75262,,0.01269,6553600,6.8
kodak_kodim04,kodak,2560,cdf97,200000,85.30648,1599953,199994,784685,98086,29.967,0.77749,,0.01755,6553600,10.2
kodak_kodim04,kodak,2560,cdf97,250000,70.9626,1999911,249988,1005269,125659,30.644,0.79851,,0.02271,6553600,13.5
kodak_kodim04,kodak,2560,cdf97,300000,59.97624,2399999,299999,1249038,156130,31.299,0.81728,,0.02867,6553600,16.9
kodak_kodim04,kodak,2560,cdf97,350000,52.63771,2799881,349985,1482433,185304,31.834,0.83236,,0.03446,6553600,20.3
kodak_kodim04,kodak,2560,cdf97,400000,46.632,3199790,399973,1730727,216341,32.336,0.84576,,0.04073,6553600,23.8
kodak_kodim04,kodak,2560,cdf97,416667,44.8497,3333078,416634,1820151,227519,32.507,0.84995,32.752321,0.043,6553600,27.2
kodak_kodim04,kodak,2560,cdf97,450000,41.74901,3599995,449999,1995250,249406,32.822,0.85759,,0.04746,6553600,31.8
kodak_kodim04,kodak,2560,cdf97,500000,37.66546,3999924,499990,2271054,283882,33.297,0.86856,,0.05459,6553600,35.3
kodak_kodim04,kodak,2560,cdf97,550000,34.23039,4399997,549999,2549728,318716,33.745,0.87807,,0.06187,6553600,38.7
kodak_kodim04,kodak,2560,cdf53,150000,109.56818,1199878,149984,560813,70102,28.86,0.75243,,0.01274,6553600,5.5
kodak_kodim04,kodak,2560,cdf53,200000,88.11262,1599744,199968,778515,97314,29.65,0.77646,,0.01771,6553600,8.8
kodak_kodim04,kodak,2560,cdf53,250000,72.93824,1999587,249948,1001299,125162,30.346,0.79711,,0.02308,6553600,12.1
kodak_kodim04,kodak,2560,cdf53,300000,62.62946,2399810,299976,1226810,153351,30.963,0.81456,,0.02852,6553600,15.4
kodak_kodim04,kodak,2560,cdf53,350000,54.499,2799886,349985,1467517,183440,31.52,0.82969,,0.03451,6553600,18.7
kodak_kodim04,kodak,2560,cdf53,400000,48.37604,3199833,399979,1708730,213591,32.033,0.84279,,0.04057,6553600,21.9
kodak_kodim04,kodak,2560,cdf53,416667,46.43734,3333212,416651,1798825,224853,32.212,0.84729,32.114592,0.04286,6553600,25.2
kodak_kodim04,kodak,2560,cdf53,450000,43.12803,3599995,449999,1977799,247225,32.532,0.85514,,0.0474,6553600,29.6
kodak_kodim04,kodak,2560,cdf53,500000,38.85019,3999950,499993,2247475,280934,33.019,0.86584,,0.05439,6553600,32.9
kodak_kodim04,kodak,2560,cdf53,550000,35.21376,4399823,549977,2531050,316381,33.471,0.87558,,0.06189,6553600,36.1
kodak_kodim04,kodak,2560,haar,150000,132.71978,1199720,149965,579775,72472,27.584,0.67877,,0.01294,6553600,4.7
kodak_kodim04,kodak,2560,haar,200000,104.76535,1599820,199977,782061,97758,28.345,0.70694,,0.0175,6553600,7.9
kodak_kodim04,kodak,2560,haar,250000,88.47359,1999700,249962,981415,122677,28.917,0.72841,,0.02203,6553600,11.1
kodak_kodim04,kodak,2560,haar,300000,75.88335,2399905,299988,1209857,151232,29.462,0.74881,,0.02732,6553600,14.2
kodak_kodim04,kodak,2560,haar,350000,66.87292,2798460,349807,1433776,179222,29.93,0.76531,,0.03262,6553600,17.4
kodak_kodim04,kodak,2560,haar,400000,59.93585,3199255,399906,1656508,207063,30.402,0.7793,,0.03777,6553600,20.5
kodak_kodim04,kodak,2560,haar,416667,57.86772,3332330,416541,1742176,217772,30.553,0.78407,30.932528,0.03986,6553600,23.6
kodak_kodim04,kodak,2560,haar,450000,53.86086,3599420,449927,1901944,237743,30.863,0.79364,,0.04395,6553600,27.8
kodak_kodim04,kodak,2560,haar,500000,48.68128,3999410,499926,2161326,270166,31.307,0.80749,,0.05067,6553600,30.8
kodak_kodim04,kodak,2560,haar,550000,44.08523,4399440,549930,2436266,304533,31.74,0.82023,,0.05793,6553600,33.9
kodak_kodim04,kodak,2560,db2,150000,114.54403,1199958,149994,594759,74345,28.585,0.7251,,0.01312,6553600,10.5
kodak_kodim04,kodak,2560,db2,200000,92.42836,1599801,199975,805082,100635,29.322,0.75123,,0.01791,6553600,13.9
kodak_kodim04,kodak,2560,db2,250000,76.10855,1999798,249974,1042787,130348,30.033,0.77537,,0.02353,6553600,17.2
kodak_kodim04,kodak,2560,db2,300000,65.27103,2399866,299983,1276604,159575,30.607,0.79427,,0.02921,6553600,20.6
kodak_kodim04,kodak,2560,db2,350000,57.57582,2799947,349993,1520584,190073,31.107,0.80977,,0.03507,6553600,23.9
kodak_kodim04,kodak,2560,db2,400000,51.33938,3199955,399994,1768813,221102,31.608,0.82384,,0.0412,6553600,27.3
kodak_kodim04,kodak,2560,db2,416667,49.38293,3333320,416665,1861086,232636,31.78,0.82872,32.344422,0.04352,6553600,30.7
kodak_kodim04,kodak,2560,db2,450000,45.98492,3599888,449986,2034946,254368,32.097,0.83735,,0.04794,6553600,35.4
kodak_kodim04,kodak,2560,db2,500000,41.75893,3999787,499973,2294275,286784,32.531,0.84847,,0.05464,6553600,38.9
kodak_kodim04,kodak,2560,db2,550000,38.01619,4399928,549991,2568328,321041,32.964,0.85915,,0.06178,6553600,42.3
kodak_kodim04,kodak,2560,db4,150000,106.64566,1199715,149964,610943,76368,28.998,0.73947,,0.01408,6553600,16.8
kodak_kodim04,kodak,2560,db4,200000,84.47816,1599727,199965,839028,104879,29.82,0.76781,,0.01943,6553600,20.5
kodak_kodim04,kodak,2560,db4,250000,70.02506,1999840,249980,1085455,135682,30.52,0.79064,,0.02537,6553600,24.2
kodak_kodim04,kodak,2560,db4,300000,60.39083,2399768,299971,1324883,165610,31.091,0.80788,,0.03116,6553600,27.9
kodak_kodim04,kodak,2560,db4,350000,52.87698,2799862,349982,1580003,197500,31.642,0.82416,,0.03746,6553600,31.6
kodak_kodim04,kodak,2560,db4,400000,46.99261,3199142,399892,1839906,229988,32.144,0.83811,,0.04408,6553600,35.3
kodak_kodim04,kodak,2560,db4,416667,45.33605,3333221,416652,1926498,240812,32.299,0.8422,32.850196,0.04631,6553600,39.0
kodak_kodim04,kodak,2560,db4,450000,42.33703,3599971,449996,2106616,263327,32.596,0.84993,,0.05094,6553600,43.8
kodak_kodim04,kodak,2560,db4,500000,38.58679,3999696,499962,2371685,296461,33.019,0.86017,,0.05774,6553600,47.5
kodak_kodim04,kodak,2560,db4,550000,34.98295,4399732,549966,2669358,333670,33.489,0.87078,,0.06557,6553600,51.3
kodak_kodim04,kodak,2560,lap,150000,79.14368,1199913,149989,747712,93464,26.177,0.68206,,0.01146,8736000,5.9
kodak_kodim04,kodak,2560,lap,200000,67.17216,1599758,199969,1010856,126357,26.804,0.69959,,0.01565,8736000,9.9
kodak_kodim04,kodak,2560,lap,250000,59.17343,1999787,249973,1269924,158741,27.332,0.71429,,0.01986,8736000,14.0
kodak_kodim04,kodak,2560,lap,300000,52.94699,2399949,299993,1555142,194393,27.844,0.72765,,0.02462,8736000,18.0
kodak_kodim04,kodak,2560,lap,350000,48.49654,2799868,349983,1842810,230351,28.232,0.73954,,0.02954,8736000,21.9
kodak_kodim04,kodak,2560,lap,400000,44.44591,3199737,399967,2153348,269169,28.666,0.75252,,0.0351,8736000,25.8
kodak_kodim04,kodak,2560,lap,416667,43.27431,3333202,416650,2251725,281466,28.783,0.75651,26.29765,0.0369,8736000,29.7
kodak_kodim04,kodak,2560,lap,450000,41.18728,3599845,449980,2449712,306214,29.048,0.76428,,0.04056,8736000,34.7
kodak_kodim04,kodak,2560,lap,500000,38.45492,3999769,499971,2746052,343256,29.375,0.77527,,0.04615,8736000,38.6
kodak_kodim04,kodak,2560,lap,550000,35.94756,4399903,549987,3063767,382971,29.739,0.7864,,0.05219,8736000,42.6
kodak_kodim04,kodak,2560,wht8,150000,162.58137,1199705,149963,567241,70905,26.444,0.64442,,0.02105,6553600,3.7
kodak_kodim04,kodak,2560,wht8,200000,127.06286,1598965,199870,733875,91734,27.44,0.6767,,0.0239,6553600,6.7
kodak_kodim04,kodak,2560,wht8,250000,103.66931,1999265,249908,929670,116209,28.165,0.70038,,0.02756,6553600,9.6
kodak_kodim04,kodak,2560,wht8,300000,88.55836,2399205,299900,1107921,138490,28.765,0.72321,,0.03113,6553600,12.6
kodak_kodim04,kodak,2560,wht8,350000,77.79587,2799360,349920,1302516,162814,29.252,0.74104,,0.0352,6553600,15.7
kodak_kodim04,kodak,2560,wht8,400000,68.71625,3199755,399969,1510417,188802,29.726,0.75775,,0.03972,6553600,18.7
kodak_kodim04,kodak,2560,wht8,416667,66.35976,3332385,416548,1574362,196795,29.877,0.76249,29.825424,0.04114,6553600,21.7
kodak_kodim04,kodak,2560,wht8,450000,62.12519,3599300,449912,1701399,212675,30.138,0.77132,,0.04399,6553600,25.8
kodak_kodim04,kodak,2560,wht8,500000,56.40723,3999820,499977,1914979,239372,30.557,0.78484,,0.04901,6553600,28.8
kodak_kodim04,kodak,2560,wht8,550000,51.356,4399125,549890,2146455,268307,30.962,0.79794,,0.05466,6553600,31.8
kodak_kodim04,kodak,2560,wht16,150000,157.64985,1199710,149963,446760,55845,26.879,0.65564,,0.01183,6553600,7.3
kodak_kodim04,kodak,2560,wht16,200000,128.23248,1599455,199931,574201,71775,27.513,0.67724,,0.0146,6553600,12.4
kodak_kodim04,kodak,2560,wht16,250000,109.17401,1999450,249931,719174,89897,28.037,0.69493,,0.01785,6553600,17.3
kodak_kodim04,kodak,2560,wht16,300000,93.96864,2399280,299910,874083,109260,28.528,0.7126,,0.02147,6553600,22.5
kodak_kodim04,kodak,2560,wht16,350000,84.09424,2799670,349958,1021582,127698,28.912,0.72668,,0.02487,6553600,27.6
kodak_kodim04,kodak,2560,wht16,400000,75.57242,3199940,399992,1183319,147915,29.299,0.74084,,0.02874,6553600,32.7
kodak_kodim04,kodak,2560,wht16,416667,72.91994,3332755,416594,1242070,155259,29.416,0.74498,29.105847,0.03018,6553600,38.0
kodak_kodim04,kodak,2560,wht16,450000,68.59609,3599670,449958,1347041,168380,29.649,0.75293,,0.03277,6553600,44.3
kodak_kodim04,kodak,2560,wht16,500000,62.95349,3998760,499845,1512469,189059,29.987,0.76409,,0.03681,6553600,49.7
kodak_kodim04,kodak,2560,wht16,550000,57.91832,4399615,549951,1687588,210948,30.337,0.77594,,0.04131,6553600,55.0
kodak_kodim04,kodak,2560,wht32,150000,158.74869,1199070,149883,392627,49078,26.689,0.64082,,0.01019,6553600,32.4
kodak_kodim04,kodak,2560,wht32,200000,132.13959,1598695,199836,503514,62939,27.241,0.66131,,0.0129,6553600,72.6
kodak_kodim04,kodak,2560,wht32,250000,113.52476,1998270,249783,620593,77574,27.71,0.6785,,0.01575,6553600,113.0
kodak_kodim04,kodak,2560,wht32,300000,99.62496,2400000,300000,746024,93253,28.115,0.69334,,0.01884,6553600,153.7
kodak_kodim04,kodak,2560,wht32,350000,89.77208,2799995,349999,868489,108561,28.455,0.70559,,0.02187,6553600,193.6
kodak_kodim04,kodak,2560,wht32,400000,81.31487,3199998,399999,998121,124765,28.771,0.71804,,0.02505,6553600,233.3
kodak_kodim04,kodak,2560,wht32,416667,79.19771,3332933,416616,1040518,130065,28.865,0.72127,28.272214,0.02614,6553600,274.0
kodak_kodim04,kodak,2560,wht32,450000,74.66187,3599195,449899,1133498,141687,29.064,0.72758,,0.02846,6553600,317.2
kodak_kodim04,kodak,2560,wht32,500000,68.36331,3998975,499871,1284989,160624,29.375,0.73798,,0.03236,6553600,360.4
kodak_kodim04,kodak,2560,wht32,550000,63.27321,4399764,549970,1444003,180500,29.669,0.74721,,0.03651,6553600,401.6
kodak_kodim04,kodak,2560,wht64,150000,139.7661,1199875,149984,418453,52307,26.73,0.63123,,0.01192,6553600,64.4
kodak_kodim04,kodak,2560,wht64,200000,115.4687,1598990,199873,550610,68826,27.282,0.64956,,0.01553,6553600,88.6
kodak_kodim04,kodak,2560,wht64,250000,100.69065,1999145,249893,682162,85270,27.69,0.66258,,0.01902,6553600,112.3
kodak_kodim04,kodak,2560,wht64,300000,89.58709,2399245,299905,816144,102018,28.061,0.67712,,0.02269,6553600,136.3
kodak_kodim04,kodak,2560,wht64,350000,80.87424,2799565,349945,954142,119268,28.392,0.68843,,0.02653,6553600,160.3
kodak_kodim04,kodak,2560,wht64,400000,74.23507,3199080,399885,1090905,136363,28.684,0.7008,,0.03033,6553600,184.1
kodak_kodim04,kodak,2560,wht64,416667,71.83435,3332695,416586,1145331,143166,28.804,0.70548,28.327924,0.03191,6553600,208.4
kodak_kodim04,kodak,2560,wht64,450000,68.66862,3599740,449967,1227663,153458,28.96,0.71164,,0.03412,6553600,233.3
kodak_kodim04,kodak,2560,wht64,500000,64.04106,3999320,499915,1365047,170631,29.212,0.71927,,0.03791,6553600,257.3
kodak_kodim04,kodak,2560,wht64,550000,59.78482,4399170,549896,1509095,188637,29.492,0.73122,,0.04206,6553600,281.4
kodak_kodim04,kodak,2560,dct8,150000,155.32645,1199580,149947,576112,72014,27.05,0.65761,,0.0213,6553600,3.8
kodak_kodim04,kodak,2560,dct8,200000,117.70244,1599235,199904,768413,96052,28.147,0.69564,,0.02472,6553600,6.7
kodak_kodim04,kodak,2560,dct8,250000,95.3799,1999475,249934,955817,119477,28.999,0.72666,,0.02836,6553600,9.6
kodak_kodim04,kodak,2560,dct8,300000,81.42791,2399830,299978,1142516,142814,29.634,0.75127,,0.03222,6553600,12.5
kodak_kodim04,kodak,2560,dct8,350000,70.51967,2798130,349766,1344071,168009,30.208,0.77104,,0.03658,6553600,15.4
kodak_kodim04,kodak,2560,dct8,400000,61.85879,3199150,399893,1565542,195693,30.773,0.78994,,0.04167,6553600,18.4
kodak_kodim04,kodak,2560,dct8,416667,59.53382,3332875,416609,1639077,204885,30.947,0.7962,30.749853,0.0434,6553600,21.4
kodak_kodim04,kodak,2560,dct8,450000,55.75398,3599995,449999,1769567,221196,31.249,0.80588,,0.0465,6553600,25.5
kodak_kodim04,kodak,2560,dct8,500000,49.8284,3999754,499969,2001043,250130,31.743,0.8208,,0.0521,6553600,28.5
kodak_kodim04,kodak,2560,dct8,550000,45.60212,4397820,549727,2207892,275986,32.152,0.83269,,0.0572,6553600,31.7
kodak_kodim04,kodak,2560,dct16,150000,143.87283,1198820,149852,453404,56676,27.873,0.69109,,0.01195,6553600,7.6
kodak_kodim04,kodak,2560,dct16,200000,114.72751,1599490,199936,601400,75175,28.638,0.7185,,0.0153,6553600,12.8
kodak_kodim04,kodak,2560,dct16,250000,96.0223,1999990,249998,757459,94682,29.297,0.74249,,0.01883,6553600,18.0
kodak_kodim04,kodak,2560,dct16,300000,82.0706,2399080,299885,924772,115597,29.88,0.76232,,0.02287,6553600,23.2
kodak_kodim04,kodak,2560,dct16,350000,71.46209,2799680,349960,1099304,137413,30.414,0.78032,,0.02719,6553600,28.5
kodak_kodim04,kodak,2560,dct16,400000,63.33482,3200000,400000,1281368,160171,30.904,0.79624,,0.03173,6553600,33.7
kodak_kodim04,kodak,2560,dct16,416667,61.18832,3332985,416623,1335604,166951,31.051,0.80114,30.721248,0.0331,6553600,38.9
kodak_kodim04,kodak,2560,dct16,450000,56.44151,3599365,449920,1470282,183785,31.393,0.81123,,0.03661,6553600,45.3
kodak_kodim04,kodak,2560,dct16,500000,51.68198,4000000,500000,1640126,205016,31.756,0.82175,,0.04091,6553600,50.6
kodak_kodim04,kodak,2560,dct16,550000,47.22971,4399330,549916,1835443,229430,32.139,0.83237,,0.04601,6553600,56.1
kodak_kodim04,kodak,2560,dct32,150000,145.76666,1199755,149969,384261,48033,27.925,0.69583,,0.00973,6553600,35.5
kodak_kodim04,kodak,2560,dct32,200000,117.5305,1599515,199939,508942,63618,28.612,0.71942,,0.01268,6553600,77.9
kodak_kodim04,kodak,2560,dct32,250000,96.95463,2000000,250000,658960,82370,29.255,0.7412,,0.01642,6553600,122.0
kodak_kodim04,kodak,2560,dct32,300000,83.05962,2398710,299838,808367,101046,29.789,0.75863,,0.02021,6553600,166.7
kodak_kodim04,kodak,2560,dct32,350000,73.63185,2799925,349990,954907,119363,30.221,0.77288,,0.02399,6553600,210.6
kodak_kodim04,kodak,2560,dct32,400000,66.65377,3199610,399951,1095266,136908,30.605,0.78527,,0.02755,6553600,256.1
kodak_kodim04,kodak,2560,dct32,416667,64.38629,3332605,416575,1144195,143024,30.735,0.78924,30.110524,0.02885,6553600,299.2
kodak_kodim04,kodak,2560,dct32,450000,59.55703,3598885,449860,1263517,157940,31.047,0.79888,,0.03208,6553600,343.5
kodak_kodim04,kodak,2560,dct32,500000,54.00167,3998950,499868,1439597,179950,31.444,0.8112,,0.03679,6553600,387.1
kodak_kodim04,kodak,2560,dct32,550000,49.216,4399915,549989,1621906,202738,31.834,0.82167,,0.04178,6553600,432.3
kodak_kodim07,kodak,1920,cdf97,150000,114.90572,1199997,149999,585734,73217,26.865,0.78892,,0.027,3686400,3.8
kodak_kodim07,kodak,1920,cdf97,200000,90.78733,1599916,199989,797402,99675,27.98,0.82203,,0.03624,3686400,5.6
kodak_kodim07,kodak,1920,cdf97,250000,74.53148,1999937,249992,1020270,127534,29.017,0.84898,,0.04573,3686400,7.4
kodak_kodim07,kodak,1920,cdf97,300000,61.07567,2400000,300000,1276402,159550,30.085,0.87264,,0.05712,3686400,9.2
kodak_kodim07,kodak,1920,cdf97,350000,50.67505,2799969,349996,1553952,194244,31.103,0.89225,,0.06941,3686400,11.0
kodak_kodim07,kodak,1920,cdf97,400000,42.90349,3199932,399991,1840993,230124,32.039,0.90793,,0.08203,3686400,12.9
kodak_kodim07,kodak,1920,cdf97,416667,40.89723,3333283,416660,1932972,241622,32.324,0.91217,33.858209,0.08606,3686400,14.7
kodak_kodim07,kodak,1920,cdf97,450000,36.95463,3599978,449997,2128164,266021,32.915,0.92082,,0.09481,3686400,17.1
kodak_kodim07,kodak,1920,cdf97,500000,32.23968,3999889,499986,2415071,301884,33.745,0.9311,,0.1077,3686400,18.9
kodak_kodim07,kodak,1920,cdf97,550000,28.05153,4399977,549997,2723948,340493,34.581,0.93996,,0.12181,3686400,20.7
kodak_kodim07,kodak,1920,cdf53,150000,117.60867,1199912,149989,563582,70448,26.446,0.78785,,0.02593,3686400,2.9
kodak_kodim07,kodak,1920,cdf53,200000,93.18783,1599731,199966,783784,97973,27.643,0.82241,,0.0355,3686400,4.7
kodak_kodim07,kodak,1920,cdf53,250000,76.19104,1999930,249991,1005574,125697,28.658,0.84922,,0.04522,3686400,6.4
kodak_kodim07,kodak,1920,cdf53,300000,63.2611,2399941,299992,1252003,156500,29.664,0.8723,,0.0559,3686400,8.2
kodak_kodim07,kodak,1920,cdf53,350000,52.19401,2799816,349977,1532804,191601,30.724,0.89245,,0.06824,3686400,10.0
kodak_kodim07,kodak,1920,cdf53,400000,44.30786,3199782,399972,1809970,226246,31.605,0.90791,,0.08058,3686400,11.8
kodak_kodim07,kodak,1920,cdf53,416667,42.36603,3333335,416666,1894577,236822,31.864,0.91184,32.981501,0.08427,3686400,13.5
kodak_kodim07,kodak,1920,cdf53,450000,38.55953,3599963,449995,2081571,260196,32.415,0.91984,,0.09258,3686400,16.0
kodak_kodim07,kodak,1920,cdf53,500000,33.67501,3999995,499999,2383205,297901,33.287,0.93063,,0.10614,3686400,17.7
kodak_kodim07,kodak,1920,cdf53,550000,29.35051,4399999,549999,2711912,338989,34.168,0.93971,,0.12137,3686400,19.5
kodak_kodim07,kodak,1920,haar,150000,143.41617,1197809,149726,557820,69728,24.905,0.71607,,0.02551,3686400,2.5
kodak_kodim07,kodak,1920,haar,200000,116.1001,1599605,199950,738340,92292,25.884,0.75613,,0.03371,3686400,4.2
kodak_kodim07,kodak,1920,haar,250000,94.99201,1998921,249865,948830,118604,26.808,0.78731,,0.04319,3686400,6.0
kodak_kodim07,kodak,1920,haar,300000,81.06944,2399509,299938,1178170,147271,27.531,0.81125,,0.0532,3686400,7.8
kodak_kodim07,kodak,1920,haar,350000,70.09571,2798811,349851,1438409,179801,28.297,0.83423,,0.06431,3686400,9.6
kodak_kodim07,kodak,1920,haar,400000,60.03384,3199980,399997,1737981,217248,29.254,0.85745,,0.07809,3686400,11.3
kodak_kodim07,kodak,1920,haar,416667,56.86008,3332614,416576,1844506,230563,29.594,0.86457,31.658958,0.08319,3686400,13.1
kodak_kodim07,kodak,1920,haar,450000,51.91061,3599582,449947,2022348,252793,30.165,0.87604,,0.09163,3686400,15.5
kodak_kodim07,kodak,1920,haar,500000,44.88793,3999767,499970,2326528,290816,31.082,0.893,,0.10572,3686400,17.2
kodak_kodim07,kodak,1920,haar,550000,39.3297,4399891,549986,2608739,326092,31.979,0.90654,,0.11885,3686400,19.0
kodak_kodim07,kodak,1920,db2,150000,124.39652,1199945,149993,590400,73800,26.021,0.75286,,0.02719,3686400,6.0
kodak_kodim07,kodak,1920,db2,200000,97.85529,1599983,199997,806849,100856,27.127,0.79166,,0.03703,3686400,7.9
kodak_kodim07,kodak,1920,db2,250000,80.8851,1999996,249999,1025106,128138,28.031,0.81919,,0.04658,3686400,9.7
kodak_kodim07,kodak,1920,db2,300000,67.36113,2399885,299985,1274044,159256,28.959,0.84519,,0.05777,3686400,11.6
kodak_kodim07,kodak,1920,db2,350000,57.31858,2800000,350000,1544459,193057,29.79,0.86573,,0.06985,3686400,13.5
kodak_kodim07,kodak,1920,db2,400000,49.51651,3199931,399991,1855740,231967,30.619,0.88336,,0.08434,3686400,15.4
kodak_kodim07,kodak,1920,db2,416667,46.8615,3333228,416653,1981076,247635,30.959,0.88992,33.136207,0.09025,3686400,17.2
kodak_kodim07,kodak,1920,db2,450000,42.53276,3599999,449999,2198257,274782,31.589,0.90063,,0.10042,3686400,19.8
kodak_kodim07,kodak,1920,db2,500000,37.01334,3999967,499995,2499441,312430,32.52,0.9144,,0.11471,3686400,21.6
kodak_kodim07,kodak,1920,db2,550000,32.33152,4399966,549995,2808879,351110,33.457,0.92598,,0.1294,3686400,23.5
kodak_kodim07,kodak,1920,db4,150000,116.07301,1199861,149982,597953,74744,26.545,0.76174,,0.0286,3686400,9.1
kodak_kodim07,kodak,1920,db4,200000,92.69899,1599894,199986,810910,101364,27.582,0.79761,,0.03817,3686400,11.2
kodak_kodim07,kodak,1920,db4,250000,74.80946,1999937,249992,1063173,132897,28.675,0.83024,,0.04948,3686400,13.2
kodak_kodim07,kodak,1920,db4,300000,61.08132,2399911,299988,1348693,168587,29.743,0.85722,,0.06234,3686400,15.3
kodak_kodim07,kodak,1920,db4,350000,51.0658,2799882,349985,1647362,205920,30.747,0.87919,,0.07574,3686400,17.3
kodak_kodim07,kodak,1920,db4,400000,43.64737,3200000,400000,1940088,242511,31.628,0.89528,,0.08928,3686400,19.4
kodak_kodim07,kodak,1920,db4,416667,41.43566,3333260,416657,2042398,255300,31.933,0.90036,33.911473,0.09397,3686400,21.5
kodak_kodim07,kodak,1920,db4,450000,37.69175,3599771,449971,2241913,280239,32.499,0.90931,,0.10314,3686400,24.3
kodak_kodim07,kodak,1920,db4,500000,32.9089,3999999,499999,2552144,319018,33.333,0.92112,,0.11754,3686400,26.5
kodak_kodim07,kodak,1920,db4,550000,28.7157,4399955,549994,2887223,360903,34.207,0.93185,,0.13353,3686400,28.6
kodak_kodim07,kodak,1920,lap,150000,90.21887,1199492,149936,525135,65642,22.518,0.60953,,0.01508,4914000,3.3
kodak_kodim07,kodak,1920,lap,200000,78.1679,1599901,199987,772765,96596,23.095,0.64117,,0.02259,4914000,5.6
kodak_kodim07,kodak,1920,lap,250000,67.14245,1999879,249984,1110744,138843,23.911,0.68516,,0.03361,4914000,7.8
kodak_kodim07,kodak,1920,lap,300000,58.53813,2399937,299992,1502860,187857,24.921,0.72921,,0.0475,4914000,10.1
kodak_kodim07,kodak,1920,lap,350000,53.18895,2799997,349999,1824305,228038,25.686,0.76142,,0.05942,4914000,12.4
kodak_kodim07,kodak,1920,lap,400000,48.42794,3199950,399993,2203846,275481,26.372,0.78884,,0.07457,4914000,14.6
kodak_kodim07,kodak,1920,lap,416667,46.81778,3333253,416656,2359049,294881,26.587,0.79777,24.282378,0.08102,4914000,16.8
kodak_kodim07,kodak,1920,lap,450000,43.38926,3600000,450000,2706389,338299,27.11,0.81546,,0.09597,4914000,19.7
kodak_kodim07,kodak,1920,lap,500000,38.92261,3999876,499984,3187909,398489,27.893,0.83654,,0.11759,4914000,21.9
kodak_kodim07,kodak,1920,lap,550000,35.10988,4399955,549994,3626558,453320,28.696,0.85462,,0.13747,4914000,24.1
kodak_kodim07,kodak,1920,wht8,150000,145.20997,1199609,149951,519903,64988,24.644,0.70344,,0.03146,3686400,2.2
kodak_kodim07,kodak,1920,wht8,200000,115.52998,1599759,199969,710839,88855,25.613,0.74364,,0.0393,3686400,3.9
kodak_kodim07,kodak,1920,wht8,250000,98.47121,1999188,249898,884707,110588,26.298,0.76743,,0.04664,3686400,5.6
kodak_kodim07,kodak,1920,wht8,300000,83.73307,2399717,299964,1096495,137062,27.037,0.78963,,0.05602,3686400,7.4
kodak_kodim07,kodak,1920,wht8,350000,72.80989,2799930,349991,1325228,165653,27.729,0.81048,,0.06614,3686400,9.1
kodak_kodim07,kodak,1920,wht8,400000,63.07349,3199438,399929,1576338,197042,28.544,0.8328,,0.07747,3686400,10.8
kodak_kodim07,kodak,1920,wht8,416667,60.52166,3332342,416542,1656700,207087,28.775,0.83832,30.634487,0.08125,3686400,12.6
kodak_kodim07,kodak,1920,wht8,450000,54.97827,3599870,449983,1843650,230456,29.34,0.85141,,0.09024,3686400,14.9
kodak_kodim07,kodak,1920,wht8,500000,48.07992,3999941,499992,2130686,266336,30.098,0.86772,,0.10389,3686400,16.7
kodak_kodim07,kodak,1920,wht8,550000,42.35176,4399999,549999,2421616,302702,30.836,0.88167,,0.11778,3686400,18.4
kodak_kodim07,kodak,1920,wht16,150000,131.27521,1199732,149966,515432,64429,24.946,0.70087,,0.02639,3686400,4.3
kodak_kodim07,kodak,1920,wht16,200000,108.44363,1599910,199988,686889,85861,25.69,0.72794,,0.03431,3686400,7.6
kodak_kodim07,kodak,1920,wht16,250000,91.75565,1999885,249985,871422,108928,26.371,0.75113,,0.04313,3686400,10.7
kodak_kodim07,kodak,1920,wht16,300000,79.56314,2399638,299954,1071047,133881,26.966,0.77058,,0.05263,3686400,14.2
kodak_kodim07,kodak,1920,wht16,350000,70.2083,2799805,349975,1277606,159701,27.534,0.78719,,0.06249,3686400,17.5
kodak_kodim07,kodak,1920,wht16,400000,61.51072,3199367,399920,1529073,191134,28.234,0.80787,,0.07503,3686400,20.7
kodak_kodim07,kodak,1920,wht16,416667,59.1935,3333118,416639,1605094,200637,28.438,0.81267,30.236255,0.07893,3686400,24.1
kodak_kodim07,kodak,1920,wht16,450000,54.45642,3599896,449987,1779925,222491,28.892,0.82361,,0.08793,3686400,28.1
kodak_kodim07,kodak,1920,wht16,500000,48.39469,3999824,499978,2053654,256707,29.531,0.83855,,0.10229,3686400,31.4
kodak_kodim07,kodak,1920,wht16,550000,43.3421,4399983,549997,2328368,291046,30.156,0.85217,,0.11675,3686400,34.6
kodak_kodim07,kodak,1920,wht32,150000,123.04823,1199774,149971,524859,65607,24.925,0.67302,,0.02779,3686400,10.1
kodak_kodim07,kodak,1920,wht32,200000,102.93495,1599283,199910,687379,85922,25.594,0.69807,,0.03634,3686400,14.9
kodak_kodim07,kodak,1920,wht32,250000,89.29861,1999810,249976,851182,106398,26.147,0.71683,,0.04464,3686400,19.8
kodak_kodim07,kodak,1920,wht32,300000,78.45375,2399683,299960,1034729,129341,26.68,0.73485,,0.05392,3686400,24.6
kodak_kodim07,kodak,1920,wht32,350000,70.15715,2799932,349991,1227487,153436,27.183,0.74893,,0.0637,3686400,29.4
kodak_kodim07,kodak,1920,wht32,400000,62.74498,3199998,399999,1436579,179572,27.734,0.7691,,0.07477,3686400,34.3
kodak_kodim07,kodak,1920,wht32,416667,60.37248,3333152,416644,1510983,188873,27.926,0.77523,29.574072,0.07874,3686400,39.2
kodak_kodim07,kodak,1920,wht32,450000,56.14037,3599989,449998,1671497,208937,28.299,0.78539,,0.08728,3686400,44.8
kodak_kodim07,kodak,1920,wht32,500000,50.8635,3999987,499998,1909533,238692,28.817,0.79904,,0.10027,3686400,49.7
kodak_kodim07,kodak,1920,wht32,550000,45.99019,4399951,549993,2162657,270332,29.365,0.81268,,0.11414,3686400,54.7
kodak_kodim07,kodak,1920,wht64,150000,117.02882,1199937,149992,516074,64509,24.948,0.65162,,0.02914,3686400,34.8
kodak_kodim07,kodak,1920,wht64,200000,98.3304,1599949,199993,678702,84838,25.586,0.67743,,0.03821,3686400,49.0
kodak_kodim07,kodak,1920,wht64,250000,85.63654,1999968,249996,842430,105304,26.113,0.69803,,0.04718,3686400,63.2
kodak_kodim07,kodak,1920,wht64,300000,75.69731,2400000,300000,1014049,126756,26.613,0.71511,,0.05662,3686400,77.2
kodak_kodim07,kodak,1920,wht64,350000,68.24481,2799862,349982,1189019,148627,27.064,0.72869,,0.06627,3686400,91.1
kodak_kodim07,kodak,1920,wht64,400000,61.89053,3199778,399972,1371319,171415,27.525,0.74476,,0.07659,3686400,105.1
kodak_kodim07,kodak,1920,wht64,416667,60.09665,3333197,416649,1432534,179067,27.667,0.74975,29.15279,0.07993,3686400,119.4
kodak_kodim07,kodak,1920,wht64,450000,56.94376,3599948,449993,1549384,193673,27.937,0.75867,,0.08645,3686400,134.1
kodak_kodim07,kodak,1920,wht64,500000,52.25242,3999997,499999,1749248,218656,28.375,0.77205,,0.09788,3686400,148.0
kodak_kodim07,kodak,1920,wht64,550000,47.75973,4399785,549973,1972453,246557,28.847,0.78516,,0.11099,3686400,162.0
kodak_kodim07,kodak,1920,dct8,150000,140.20095,1199667,149958,536713,67089,25.376,0.72203,,0.03253,3686400,2.3
kodak_kodim07,kodak,1920,dct8,200000,109.62368,1599808,199976,724635,90579,26.549,0.76856,,0.04026,3686400,4.2
kodak_kodim07,kodak,1920,dct8,250000,91.48234,1999551,249943,908579,113572,27.441,0.79483,,0.04775,3686400,6.0
kodak_kodim07,kodak,1920,dct8,300000,77.29701,2398939,299867,1108385,138548,28.319,0.82106,,0.05632,3686400,7.7
kodak_kodim07,kodak,1920,dct8,350000,66.10269,2799901,349987,1317859,164732,29.169,0.8448,,0.06526,3686400,9.5
kodak_kodim07,kodak,1920,dct8,400000,57.19756,3199754,399969,1543859,192982,29.955,0.8622,,0.0752,3686400,11.3
kodak_kodim07,kodak,1920,dct8,416667,54.52552,3333333,416666,1625868,203234,30.229,0.86768,31.827126,0.07874,3686400,13.1
kodak_kodim07,kodak,1920,dct8,450000,49.67374,3599937,449992,1797259,224657,30.749,0.87829,,0.08628,3686400,15.6
kodak_kodim07,kodak,1920,dct8,500000,43.23697,4000000,500000,2063011,257876,31.563,0.89325,,0.09809,3686400,17.4
kodak_kodim07,kodak,1920,dct8,550000,38.47084,4399951,549993,2307639,288455,32.275,0.90488,,0.10928,3686400,19.2
kodak_kodim07,kodak,1920,dct16,150000,120.39614,1199671,149958,533796,66725,26.216,0.74428,,0.02723,3686400,4.3
kodak_kodim07,kodak,1920,dct16,200000,97.12897,1599962,199995,706629,88329,27.133,0.77528,,0.03521,3686400,7.5
kodak_kodim07,kodak,1920,dct16,250000,81.26207,1999801,249975,895554,111944,27.945,0.79935,,0.04396,3686400,10.7
kodak_kodim07,kodak,1920,dct16,300000,69.3885,2399806,299975,1090836,136354,28.704,0.81959,,0.05302,3686400,13.9
kodak_kodim07,kodak,1920,dct16,350000,61.08832,2799668,349958,1284047,160506,29.332,0.83498,,0.06239,3686400,17.1
kodak_kodim07,kodak,1920,dct16,400000,53.26183,3199850,399981,1508645,188581,30.04,0.85078,,0.07315,3686400,20.3
kodak_kodim07,kodak,1920,dct16,416667,50.97369,3333333,416666,1587702,198463,30.268,0.85572,31.831826,0.07698,3686400,23.4
kodak_kodim07,kodak,1920,dct16,450000,46.72829,3600000,450000,1761231,220154,30.747,0.86588,,0.08543,3686400,27.3
kodak_kodim07,kodak,1920,dct16,500000,41.11742,3999985,499998,2030288,253786,31.485,0.8797,,0.09854,3686400,30.6
kodak_kodim07,kodak,1920,dct16,550000,36.68567,4399953,549994,2291725,286466,32.165,0.89127,,0.11152,3686400,33.9
kodak_kodim07,kodak,1920,dct32,150000,110.49232,1199991,149998,526831,65854,26.417,0.73751,,0.0278,3686400,10.3
kodak_kodim07,kodak,1920,dct32,200000,89.75884,1599720,199965,701384,87673,27.262,0.76539,,0.03661,3686400,15.2
kodak_kodim07,kodak,1920,dct32,250000,76.43212,1999931,249991,876861,109608,27.977,0.78672,,0.04549,3686400,20.2
kodak_kodim07,kodak,1920,dct32,300000,66.61387,2399765,299970,1051464,131433,28.607,0.80307,,0.05434,3686400,25.2
kodak_kodim07,kodak,1920,dct32,350000,58.59474,2799894,349986,1244707,155588,29.2,0.81821,,0.0642,3686400,30.0
kodak_kodim07,kodak,1920,dct32,400000,52.92053,3199708,399963,1423335,177917,29.709,0.83105,,0.0732,3686400,34.8
kodak_kodim07,kodak,1920,dct32,416667,51.05658,3332386,416548,1488338,186042,29.893,0.83587,31.292419,0.07644,3686400,39.6
kodak_kodim07,kodak,1920,dct32,450000,47.50595,3599960,449995,1633821,204228,30.262,0.84359,,0.08393,3686400,45.1
kodak_kodim07,kodak,1920,dct32,500000,42.89404,3999989,499998,1850639,231330,30.813,0.85498,,0.09522,3686400,49.9
kodak_kodim07,kodak,1920,dct32,550000,38.66409,4399849,549981,2091431,261429,31.392,0.8668,,0.10773,3686400,54.7
kodak_kodim07,kodak,2560,cdf97,150000,145.08439,1199968,149996,585998,73250,26.777,0.77865,,0.01505,6553600,6.8
kodak_kodim07,kodak,2560,cdf97,200000,115.5661,1599702,199962,813263,101658,27.841,0.81145,,0.0207,6553600,10.2
kodak_kodim07,kodak,2560,cdf97,250000,95.17015,1999870,249983,1046484,130811,28.815,0.8363,,0.02647,6553600,13.6
kodak_kodim07,kodak,2560,cdf97,300000,80.67791,2399971,299996,1293511,161689,29.709,0.85574,,0.03238,6553600,17.1
kodak_kodim07,kodak,2560,cdf97,350000,69.624,2799946,349993,1529456,191182,30.518,0.87148,,0.03805,6553600,20.6
kodak_kodim07,kodak,2560,cdf97,400000,59.9373,3199749,399968,1794001,224250,31.313,0.88637,,0.04457,6553600,24.0
kodak_kodim07,kodak,2560,cdf97,416667,57.2065,3332921,416615,1885860,235732,31.567,0.89076,31.361314,0.04682,6553600,27.5
kodak_kodim07,kodak,2560,cdf97,450000,52.63864,3599889,449986,2058871,257359,32.013,0.89816,,0.05107,6553600,32.1
kodak_kodim07,kodak,2560,cdf97,500000,46.71009,3999865,499983,2333699,291712,32.679,0.90859,,0.05777,6553600,35.4
kodak_kodim07,kodak,2560,cdf97,550000,41.89245,4399684,549960,2600544,325068,33.295,0.91741,,0.0642,6553600,38.8
kodak_kodim07,kodak,2560,cdf53,150000,146.73517,1199842,149980,575418,71927,26.421,0.776,,0.01486,6553600,5.5
kodak_kodim07,kodak,2560,cdf53,200000,116.30604,1599998,199999,787311,98414,27.518,0.81104,,0.02003,6553600,8.8
kodak_kodim07,kodak,2560,cdf53,250000,96.5716,1999875,249984,1033514,129189,28.539,0.83785,,0.02601,6553600,12.1
kodak_kodim07,kodak,2560,cdf53,300000,82.03483,2399973,299996,1259727,157466,29.331,0.85603,,0.03154,6553600,15.3
kodak_kodim07,kodak,2560,cdf53,350000,70.98244,2799590,349948,1497792,187224,30.122,0.87185,,0.03718,6553600,18.6
kodak_kodim07,kodak,2560,cdf53,400000,62.12451,3199727,399965,1746961,218370,30.881,0.88568,,0.04313,6553600,21.9
kodak_kodim07,kodak,2560,cdf53,416667,59.45471,3333334,416666,1834143,229268,31.132,0.8899,30.684295,0.04527,6553600,25.1
kodak_kodim07,kodak,2560,cdf53,450000,54.48616,3599789,449973,2008124,251015,31.619,0.89802,,0.04951,6553600,29.6
kodak_kodim07,kodak,2560,cdf53,500000,48.1861,3999793,499974,2278694,284837,32.294,0.90848,,0.05607,6553600,33.0
kodak_kodim07,kodak,2560,cdf53,550000,42.97212,4399776,549972,2555651,319456,32.926,0.91765,,0.06279,6553600,36.4
kodak_kodim07,kodak,2560,haar,150000,187.35597,1198705,149838,574799,71850,24.713,0.70309,,0.01426,6553600,4.8
kodak_kodim07,kodak,2560,haar,200000,152.92682,1599295,199911,778340,97293,25.575,0.73652,,0.01934,6553600,7.9
kodak_kodim07,kodak,2560,haar,250000,127.65111,1997910,249738,982603,122825,26.417,0.765,,0.02456,6553600,11.1
kodak_kodim07,kodak,2560,haar,300000,109.14854,2398820,299852,1190799,148850,27.177,0.78829,,0.02962,6553600,14.2
kodak_kodim07,kodak,2560,haar,350000,94.36814,2800000,350000,1412637,176580,27.88,0.80797,,0.0349,6553600,17.3
kodak_kodim07,kodak,2560,haar,400000,83.36739,3199285,399910,1627973,203497,28.451,0.82401,,0.04015,6553600,20.4
kodak_kodim07,kodak,2560,haar,416667,80.29853,3332440,416555,1700626,212578,28.623,0.82833,29.095424,0.04191,6553600,23.5
kodak_kodim07,kodak,2560,haar,450000,74.45521,3599475,449934,1862001,232750,28.972,0.83771,,0.04594,6553600,27.7
kodak_kodim07,kodak,2560,haar,500000,67.54869,3998610,499826,2093335,261667,29.415,0.84927,,0.05148,6553600,30.7
kodak_kodim07,kodak,2560,haar,550000,61.4624,4399435,549929,2350764,293846,29.928,0.85992,,0.05718,6553600,33.8
kodak_kodim07,kodak,2560,db2,150000,160.37972,1199751,149968,624539,78067,25.928,0.74226,,0.01604,6553600,10.6
kodak_kodim07,kodak,2560,db2,200000,126.83368,1599655,199956,845542,105693,27.018,0.77873,,0.02179,6553600,14.0
kodak_kodim07,kodak,2560,db2,250000,105.50185,1999717,249964,1069299,133662,27.895,0.80579,,0.02738,6553600,17.4
kodak_kodim07,kodak,2560,db2,300000,90.1216,2399853,299981,1314399,164300,28.703,0.82667,,0.03332,6553600,20.8
kodak_kodim07,kodak,2560,db2,350000,78.24797,2799966,349995,1541966,192746,29.393,0.84366,,0.03905,6553600,24.2
kodak_kodim07,kodak,2560,db2,400000,68.5908,3199901,399987,1785901,223238,30.026,0.85849,,0.045,6553600,27.5
kodak_kodim07,kodak,2560,db2,416667,65.91349,3333182,416647,1870715,233839,30.225,0.86287,30.512933,0.04703,6553600,30.8
kodak_kodim07,kodak,2560,db2,450000,60.58259,3599135,449891,2069576,258697,30.669,0.87252,,0.0518,6553600,35.1
kodak_kodim07,kodak,2560,db2,500000,54.39675,3999822,499977,2340168,292521,31.28,0.88444,,0.0582,6553600,38.4
kodak_kodim07,kodak,2560,db2,550000,48.17941,4399533,549941,2639137,329892,31.972,0.89652,,0.06563,6553600,41.7
kodak_kodim07,kodak,2560,db4,150000,150.91471,1199646,149955,618960,77370,26.33,0.74776,,0.01641,6553600,16.5
kodak_kodim07,kodak,2560,db4,200000,120.08615,1599814,199976,851600,106450,27.415,0.78108,,0.02251,6553600,20.2
kodak_kodim07,kodak,2560,db4,250000,97.93159,1999670,249958,1102980,137873,28.433,0.81154,,0.02898,6553600,23.9
kodak_kodim07,kodak,2560,db4,300000,82.89046,2399749,299968,1348265,168533,29.307,0.83434,,0.03522,6553600,27.7
kodak_kodim07,kodak,2560,db4,350000,71.3973,2800000,350000,1597846,199731,30.068,0.85268,,0.04166,6553600,31.4
kodak_kodim07,kodak,2560,db4,400000,62.57075,3199987,399998,1863852,232982,30.743,0.86749,,0.04815,6553600,35.0
kodak_kodim07,kodak,2560,db4,416667,60.20736,3333296,416662,1948004,243500,30.948,0.87182,30.997952,0.05017,6553600,38.6
kodak_kodim07,kodak,2560,db4,450000,55.4692,3599871,449983,2135163,266895,31.405,0.8805,,0.05468,6553600,43.3
kodak_kodim07,kodak,2560,db4,500000,48.85715,3999834,499979,2437805,304726,32.132,0.89338,,0.0622,6553600,46.9
kodak_kodim07,kodak,2560,db4,550000,43.54917,4399911,549988,2740299,342537,32.785,0.90391,,0.06976,6553600,50.5
kodak_kodim07,kodak,2560,lap,150000,100.22532,1199661,149957,570472,71309,22.739,0.63109,,0.00941,8736000,5.5
kodak_kodim07,kodak,2560,lap,200000,89.13676,1600000,200000,768314,96039,23.166,0.65047,,0.01258,8736000,9.3
kodak_kodim07,kodak,2560,lap,250000,80.15476,1999809,249976,999543,124943,23.584,0.66957,,0.01639,8736000,13.1
kodak_kodim07,kodak,2560,lap,300000,72.52784,2399644,299955,1276194,159524,24.098,0.69179,,0.02109,8736000,17.0
kodak_kodim07,kodak,2560,lap,350000,66.42261,2799721,349965,1591595,198949,24.676,0.71871,,0.0267,8736000,20.9
kodak_kodim07,kodak,2560,lap,400000,60.9203,3199770,399971,1947927,243491,25.375,0.74781,,0.03337,8736000,24.8
kodak_kodim07,kodak,2560,lap,416667,59.15012,3333269,416658,2078729,259841,25.633,0.75732,22.317296,0.0359,8736000,28.8
kodak_kodim07,kodak,2560,lap,450000,55.84071,3599975,449996,2338671,292334,26.14,0.77494,,0.04111,8736000,33.8
kodak_kodim07,kodak,2560,lap,500000,50.7121,3999949,499993,2795336,349417,26.908,0.79954,,0.0504,8736000,37.8
kodak_kodim07,kodak,2560,lap,550000,46.16619,4399940,549992,3252331,406541,27.613,0.8187,,0.06029,8736000,41.6
kodak_kodim07,kodak,2560,wht8,150000,205.27471,1198950,149868,522109,65264,24.186,0.6929,,0.02224,6553600,3.8
kodak_kodim07,kodak,2560,wht8,200000,163.60793,1599270,199908,718074,89759,25.083,0.71721,,0.02613,6553600,6.7
kodak_kodim07,kodak,2560,wht8,250000,138.57424,1998940,249867,888799,111100,25.773,0.74317,,0.02966,6553600,9.7
kodak_kodim07,kodak,2560,wht8,300000,118.29396,2398435,299804,1081684,135211,26.542,0.76706,,0.03398,6553600,12.6
kodak_kodim07,kodak,2560,wht8,350000,103.28204,2799590,349948,1278498,159812,27.199,0.78609,,0.03831,6553600,15.5
kodak_kodim07,kodak,2560,wht8,400000,90.57391,3198720,399840,1487399,185925,27.784,0.80127,,0.04307,6553600,18.5
kodak_kodim07,kodak,2560,wht8,416667,87.27723,3332780,416597,1556090,194511,27.992,0.80928,28.067104,0.04473,6553600,21.5
kodak_kodim07,kodak,2560,wht8,450000,81.20288,3599865,449983,1694099,211762,28.345,0.81819,,0.04789,6553600,25.6
kodak_kodim07,kodak,2560,wht8,500000,73.65244,3997970,499746,1909909,238739,28.797,0.82852,,0.0531,6553600,28.5
kodak_kodim07,kodak,2560,wht8,550000,67.52431,4399750,549968,2118883,264860,29.222,0.83752,,0.05808,6553600,31.5
kodak_kodim07,kodak,2560,wht16,150000,183.47732,1199405,149925,510313,63789,24.702,0.69218,,0.01485,6553600,7.4
kodak_kodim07,kodak,2560,wht16,200000,149.45987,1599300,199912,680977,85122,25.548,0.72409,,0.01926,6553600,12.9
kodak_kodim07,kodak,2560,wht16,250000,125.0605,1999715,249964,854734,106842,26.232,0.74336,,0.0237,6553600,18.2
kodak_kodim07,kodak,2560,wht16,300000,109.30436,2398615,299826,1025897,128237,26.753,0.75617,,0.02801,6553600,23.7
kodak_kodim07,kodak,2560,wht16,350000,97.13731,2799365,349920,1212815,151602,27.246,0.77201,,0.03274,6553600,29.1
kodak_kodim07,kodak,2560,wht16,400000,87.56997,3199270,399908,1398926,174866,27.691,0.78485,,0.03761,6553600,34.4
kodak_kodim07,kodak,2560,wht16,416667,84.43112,3333195,416649,1466666,183333,27.85,0.78975,27.917866,0.03942,6553600,39.6
kodak_kodim07,kodak,2560,wht16,450000,79.3038,3599265,449908,1593528,199191,28.134,0.79767,,0.04277,6553600,46.1
kodak_kodim07,kodak,2560,wht16,500000,72.21189,3999990,499998,1799491,224936,28.561,0.80883,,0.04815,6553600,51.4
kodak_kodim07,kodak,2560,wht16,550000,66.80729,4398830,549853,1992587,249073,28.931,0.81677,,0.05319,6553600,56.7
kodak_kodim07,kodak,2560,wht32,150000,172.70392,1199540,149942,501140,62643,24.709,0.66538,,0.01453,6553600,35.6
kodak_kodim07,kodak,2560,wht32,200000,144.52044,1598840,199855,652937,81617,25.357,0.68834,,0.01882,6553600,82.2
kodak_kodim07,kodak,2560,wht32,250000,125.53192,1999270,249908,797368,99671,25.881,0.70663,,0.02287,6553600,128.0
kodak_kodim07,kodak,2560,wht32,300000,110.43687,2398685,299835,950345,118793,26.356,0.72137,,0.02712,6553600,175.5
kodak_kodim07,kodak,2560,wht32,350000,99.65962,2798670,349833,1105253,138157,26.769,0.73405,,0.03132,6553600,221.0
kodak_kodim07,kodak,2560,wht32,400000,90.14382,3198895,399861,1270998,158875,27.188,0.74588,,0.03603,6553600,268.1
kodak_kodim07,kodak,2560,wht32,416667,87.20136,3333215,416651,1331027,166378,27.322,0.74969,27.037097,0.03769,6553600,314.5
kodak_kodim07,kodak,2560,wht32,450000,82.70416,3599135,449891,1438580,179823,27.545,0.75662,,0.04067,6553600,362.8
kodak_kodim07,kodak,2560,wht32,500000,76.30821,3999839,499979,1608753,201094,27.891,0.76755,,0.04544,6553600,408.1
kodak_kodim07,kodak,2560,wht32,550000,70.77474,4399115,549889,1782675,222834,28.221,0.77654,,0.05031,6553600,453.7
kodak_kodim07,kodak,2560,wht64,150000,165.02019,1199950,149993,500921,62615,24.673,0.64021,,0.01544,6553600,64.6
kodak_kodim07,kodak,2560,wht64,200000,134.95853,1599400,199925,669782,83723,25.393,0.66612,,0.0206,6553600,88.6
kodak_kodim07,kodak,2560,wht64,250000,115.28682,1998985,249873,835531,104441,25.964,0.68635,,0.02555,6553600,112.5
kodak_kodim07,kodak,2560,wht64,300000,101.57434,2399385,299923,1000809,125101,26.435,0.70179,,0.03051,6553600,136.1
kodak_kodim07,kodak,2560,wht64,350000,91.80232,2799930,349991,1157881,144735,26.82,0.71368,,0.03525,6553600,160.3
kodak_kodim07,kodak,2560,wht64,400000,84.17055,3199695,399961,1315789,164474,27.161,0.72506,,0.03998,6553600,184.0
kodak_kodim07,kodak,2560,wht64,416667,82.14363,3332835,416604,1364351,170544,27.258,0.72815,27.024335,0.04146,6553600,208.0
kodak_kodim07,kodak,2560,wht64,450000,78.30053,3599550,449943,1468045,183506,27.455,0.73448,,0.04454,6553600,233.0
kodak_kodim07,kodak,2560,wht64,500000,72.93134,3999670,499958,1628886,203611,27.754,0.74293,,0.04931,6553600,256.6
kodak_kodim07,kodak,2560,wht64,550000,67.89624,4399985,549998,1808643,226080,28.072,0.75209,,0.05476,6553600,280.8
kodak_kodim07,kodak,2560,dct8,150000,203.39656,1199380,149922,542372,67796,24.777,0.70658,,0.02297,6553600,3.7
kodak_kodim07,kodak,2560,dct8,200000,160.27171,1599895,199986,728138,91017,25.765,0.73473,,0.02664,6553600,6.7
kodak_kodim07,kodak,2560,dct8,250000,129.75521,1999190,249898,922941,115368,26.933,0.77265,,0.03085,6553600,9.6
kodak_kodim07,kodak,2560,dct8,300000,108.45771,2399990,299998,1130257,141282,27.794,0.7978,,0.03526,6553600,12.5
kodak_kodim07,kodak,2560,dct8,350000,92.59904,2799035,349879,1336942,167118,28.612,0.81878,,0.0399,6553600,15.4
kodak_kodim07,kodak,2560,dct8,400000,80.66921,3199080,399885,1552980,194122,29.329,0.8375,,0.04479,6553600,18.3
kodak_kodim07,kodak,2560,dct8,416667,77.68736,3332630,416578,1617825,202228,29.487,0.83877,29.184535,0.0462,6553600,21.3
kodak_kodim07,kodak,2560,dct8,450000,72.63474,3598840,449855,1745301,218163,29.862,0.84881,,0.0492,6553600,25.3
kodak_kodim07,kodak,2560,dct8,500000,64.42571,3999055,499881,1972495,246562,30.53,0.8635,,0.05453,6553600,28.2
kodak_kodim07,kodak,2560,dct8,550000,57.92648,4399600,549950,2192923,274115,31.14,0.87639,,0.05974,6553600,31.2
kodak_kodim07,kodak,2560,dct16,150000,170.39933,1198800,149850,525312,65664,25.973,0.73515,,0.01548,6553600,7.5
kodak_kodim07,kodak,2560,dct16,200000,138.68045,1598640,199830,688067,86008,26.847,0.76307,,0.01943,6553600,13.0
kodak_kodim07,kodak,2560,dct16,250000,113.41359,1999985,249998,880467,110058,27.731,0.78743,,0.02429,6553600,18.5
kodak_kodim07,kodak,2560,dct16,300000,96.79851,2399044,299880,1072999,134125,28.466,0.80683,,0.02923,6553600,24.0
kodak_kodim07,kodak,2560,dct16,350000,84.94647,2799295,349911,1264849,158106,29.093,0.82342,,0.03401,6553600,29.1
kodak_kodim07,kodak,2560,dct16,400000,74.43391,3199045,399880,1474010,184251,29.762,0.8391,,0.03942,6553600,34.4
kodak_kodim07,kodak,2560,dct16,416667,71.17633,3333300,416662,1551638,193955,29.996,0.84404,29.726686,0.04145,6553600,39.7
kodak_kodim07,kodak,2560,dct16,450000,65.42641,3599430,449928,1704961,213120,30.443,0.85431,,0.04548,6553600,46.1
kodak_kodim07,kodak,2560,dct16,500000,58.99198,3999490,499936,1908813,238602,30.993,0.86446,,0.05073,6553600,51.4
kodak_kodim07,kodak,2560,dct16,550000,53.37499,4398650,549831,2122953,265369,31.527,0.87492,,0.05632,6553600,56.7
kodak_kodim07,kodak,2560,dct32,150000,164.9548,1199095,149886,475811,59476,26.028,0.72465,,0.01356,6553600,33.9
kodak_kodim07,kodak,2560,dct32,200000,131.58337,1599975,199996,638468,79808,26.899,0.75158,,0.01808,6553600,76.4
kodak_kodim07,kodak,2560,dct32,250000,110.15059,1999315,249914,806726,100841,27.628,0.77223,,0.02269,6553600,122.2
kodak_kodim07,kodak,2560,dct32,300000,97.1078,2399725,299965,964077,120510,28.185,0.78721,,0.02703,6553600,169.0
kodak_kodim07,kodak,2560,dct32,350000,85.88255,2799515,349939,1138590,142324,28.746,0.80204,,0.03187,6553600,212.9
kodak_kodim07,kodak,2560,dct32,400000,76.09347,3200000,400000,1324715,165589,29.325,0.81584,,0.03719,6553600,257.4
kodak_kodim07,kodak,2560,dct32,416667,73.46006,3332525,416565,1385408,173176,29.498,0.8202,28.819155,0.0389,6553600,302.2
kodak_kodim07,kodak,2560,dct32,450000,68.21462,3599920,449990,1517734,189717,29.863,0.82853,,0.04259,6553600,347.5
kodak_kodim07,kodak,2560,dct32,500000,62.52655,3998785,499848,1687905,210988,30.316,0.8387,,0.04738,6553600,393.0
kodak_kodim07,kodak,2560,dct32,550000,56.76314,4399390,549923,1884601,235575,30.822,0.84943,,0.0529,6553600,437.0
kodak_kodim08,kodak,1920,cdf97,150000,234.92436,1199942,149992,558170,69771,19.561,0.5527,,0.02537,3686400,3.6
kodak_kodim08,kodak,1920,cdf97,200000,194.21085,1599941,199992,765086,95636,20.331,0.59908,,0.03482,3686400,5.4
kodak_kodim08,kodak,1920,cdf97,250000,164.86803,1999978,249997,996871,124609,21.073,0.64,,0.04579,3686400,7.1
kodak_kodim08,kodak,1920,cdf97,300000,141.9539,2399907,299988,1240883,155110,21.8,0.67611,,0.05774,3686400,8.9
kodak_kodim08,kodak,1920,cdf97,350000,124.29085,2799984,349998,1480739,185092,22.479,0.70543,,0.06967,3686400,10.7
kodak_kodim08,kodak,1920,cdf97,400000,109.55106,3199882,399985,1733478,216685,23.154,0.73311,,0.08231,3686400,12.4
kodak_kodim08,kodak,1920,cdf97,416667,104.92669,3333309,416663,1823853,227982,23.389,0.74195,25.037287,0.08689,3686400,14.2
kodak_kodim08,kodak,1920,cdf97,450000,96.58202,3599942,449992,2005996,250750,23.857,0.75982,,0.09623,3686400,16.6
kodak_kodim08,kodak,1920,cdf97,500000,85.74199,3999993,499999,2299097,287387,24.544,0.78552,,0.11168,3686400,18.4
kodak_kodim08,kodak,1920,cdf97,550000,76.21268,4399882,549985,2602579,325322,25.226,0.80894,,0.12779,3686400,20.2
kodak_kodim08,kodak,1920,cdf53,150000,232.66478,1199983,149997,530859,66357,19.429,0.55133,,0.02426,3686400,2.8
kodak_kodim08,kodak,1920,cdf53,200000,192.48011,1599962,199995,729887,91236,20.233,0.59993,,0.03335,3686400,4.6
kodak_kodim08,kodak,1920,cdf53,250000,163.44304,1999989,249998,951694,118962,20.99,0.64128,,0.04367,3686400,6.3
kodak_kodim08,kodak,1920,cdf53,300000,142.30373,2399982,299997,1173995,146749,21.675,0.67554,,0.05441,3686400,8.0
kodak_kodim08,kodak,1920,cdf53,350000,124.7602,2799974,349996,1412173,176522,22.368,0.70749,,0.06614,3686400,9.8
kodak_kodim08,kodak,1920,cdf53,400000,110.29789,3199908,399988,1663397,207925,23.034,0.73572,,0.07866,3686400,11.5
kodak_kodim08,kodak,1920,cdf53,416667,106.19862,3333328,416666,1748351,218544,23.241,0.74419,24.383641,0.08294,3686400,13.2
kodak_kodim08,kodak,1920,cdf53,450000,97.62956,3599840,449980,1938579,242322,23.724,0.76216,,0.09262,3686400,15.6
kodak_kodim08,kodak,1920,cdf53,500000,86.94946,3999971,499996,2221015,277627,24.399,0.78676,,0.10741,3686400,17.3
kodak_kodim08,kodak,1920,cdf53,550000,77.38351,4399958,549994,2521861,315233,25.112,0.81023,,0.12343,3686400,19.1
kodak_kodim08,kodak,1920,haar,150000,275.05435,1199510,149938,529404,66175,18.604,0.48929,,0.02366,3686400,2.5
kodak_kodim08,kodak,1920,haar,200000,228.05441,1599887,199985,741023,92628,19.411,0.54488,,0.03325,3686400,4.2
kodak_kodim08,kodak,1920,haar,250000,193.17676,1999622,249952,950101,118763,20.142,0.58663,,0.04301,3686400,6.0
kodak_kodim08,kodak,1920,haar,300000,168.19954,2398873,299859,1154207,144276,20.804,0.62396,,0.05273,3686400,7.7
kodak_kodim08,kodak,1920,haar,350000,147.22703,2799800,349975,1387332,173416,21.488,0.66287,,0.06425,3686400,9.4
kodak_kodim08,kodak,1920,haar,400000,128.50209,3198790,399848,1643722,205465,22.189,0.69768,,0.07716,3686400,11.1
kodak_kodim08,kodak,1920,haar,416667,122.49603,3332741,416592,1739510,217439,22.448,0.70934,24.441417,0.08189,3686400,12.8
kodak_kodim08,kodak,1920,haar,450000,113.20579,3599999,449999,1911067,238883,22.882,0.72767,,0.0903,3686400,15.2
kodak_kodim08,kodak,1920,haar,500000,100.70617,3999563,499945,2170669,271334,23.542,0.75242,,0.10316,3686400,16.9
kodak_kodim08,kodak,1920,haar,550000,89.70491,4399179,549897,2452794,306599,24.21,0.77732,,0.11739,3686400,18.6
kodak_kodim08,kodak,1920,db2,150000,246.49169,1199943,149992,559052,69882,19.266,0.52678,,0.02563,3686400,5.7
kodak_kodim08,kodak,1920,db2,200000,203.97099,1599955,199994,769427,96178,20.038,0.57531,,0.03531,3686400,7.5
kodak_kodim08,kodak,1920,db2,250000,173.17413,1999867,249983,990864,123858,20.757,0.61521,,0.04591,3686400,9.4
kodak_kodim08,kodak,1920,db2,300000,149.26948,2399991,299998,1233136,154142,21.433,0.65262,,0.05782,3686400,11.2
kodak_kodim08,kodak,1920,db2,350000,131.0393,2799971,349996,1487056,185882,22.088,0.68533,,0.07041,3686400,13.0
kodak_kodim08,kodak,1920,db2,400000,116.08885,3199845,399980,1735674,216959,22.727,0.71354,,0.08303,3686400,14.9
kodak_kodim08,kodak,1920,db2,416667,111.55533,3333282,416660,1822329,227791,22.942,0.72274,24.92767,0.08754,3686400,16.7
kodak_kodim08,kodak,1920,db2,450000,102.4967,3599905,449988,2013946,251743,23.41,0.74124,,0.09742,3686400,19.2
kodak_kodim08,kodak,1920,db2,500000,90.76494,3999978,499997,2310021,288753,24.11,0.76854,,0.11298,3686400,21.1
kodak_kodim08,kodak,1920,db2,550000,81.14605,4399776,549972,2603787,325473,24.777,0.79239,,0.12857,3686400,22.9
kodak_kodim08,kodak,1920,db4,150000,242.09985,1199886,149985,554678,69335,19.321,0.53191,,0.02559,3686400,8.9
kodak_kodim08,kodak,1920,db4,200000,196.4898,1599999,199999,784159,98020,20.17,0.58389,,0.0363,3686400,10.9
kodak_kodim08,kodak,1920,db4,250000,165.72614,1999955,249994,1022292,127787,20.921,0.62489,,0.04775,3686400,12.9
kodak_kodim08,kodak,1920,db4,300000,143.03621,2399901,299987,1257996,157249,21.618,0.66038,,0.05953,3686400,14.9
kodak_kodim08,kodak,1920,db4,350000,124.88221,2799950,349993,1509192,188649,22.283,0.69158,,0.07224,3686400,16.9
kodak_kodim08,kodak,1920,db4,400000,109.94489,3199868,399983,1773785,221723,22.953,0.72023,,0.08571,3686400,18.9
kodak_kodim08,kodak,1920,db4,416667,105.39297,3333333,416666,1867104,233388,23.184,0.72966,25.160843,0.09048,3686400,21.0
kodak_kodim08,kodak,1920,db4,450000,96.81279,3599959,449994,2062845,257856,23.651,0.74839,,0.10072,3686400,23.7
kodak_kodim08,kodak,1920,db4,500000,86.1598,3999999,499999,2353486,294186,24.312,0.77389,,0.11628,3686400,25.8
kodak_kodim08,kodak,1920,db4,550000,76.86953,4399878,549984,2661375,332672,24.973,0.79741,,0.13278,3686400,27.9
kodak_kodim08,kodak,1920,lap,150000,175.97397,1199964,149995,444180,55522,16.064,0.30796,,0.01233,4914000,3.2
kodak_kodim08,kodak,1920,lap,200000,157.65228,1600000,200000,666428,83304,16.466,0.349,,0.01889,4914000,5.4
kodak_kodim08,kodak,1920,lap,250000,143.58361,1999913,249989,913460,114182,16.928,0.39166,,0.02674,4914000,7.6
kodak_kodim08,kodak,1920,lap,300000,131.71264,2399992,299999,1181420,147677,17.485,0.43568,,0.0358,4914000,9.9
kodak_kodim08,kodak,1920,lap,350000,119.92209,2799996,349999,1510948,188869,18.139,0.48178,,0.04784,4914000,12.1
kodak_kodim08,kodak,1920,lap,400000,109.27116,3199940,399992,1864655,233082,18.743,0.52628,,0.0618,4914000,14.2
kodak_kodim08,kodak,1920,lap,416667,105.7991,3333335,416666,1993415,249177,18.953,0.54156,16.592886,0.06713,4914000,16.3
kodak_kodim08,kodak,1920,lap,450000,99.40828,3599944,449993,2246857,280857,19.369,0.56937,,0.07794,4914000,19.1
kodak_kodim08,kodak,1920,lap,500000,90.78053,3999937,499992,2646146,330768,20.002,0.6087,,0.09582,4914000,21.2
kodak_kodim08,kodak,1920,lap,550000,83.65421,4399852,549981,3032065,379008,20.567,0.64158,,0.11398,4914000,23.4
kodak_kodim08,kodak,1920,wht8,150000,273.94842,1199674,149959,518922,64865,18.646,0.51257,,0.03202,3686400,2.2
kodak_kodim08,kodak,1920,wht8,200000,225.08405,1599768,199971,689702,86213,19.477,0.57199,,0.03972,3686400,3.9
kodak_kodim08,kodak,1920,wht8,250000,189.19885,1999250,249906,882523,110315,20.223,0.61631,,0.04832,3686400,5.6
kodak_kodim08,kodak,1920,wht8,300000,160.96975,2399999,299999,1097380,137173,20.946,0.65502,,0.0583,3686400,7.3
kodak_kodim08,kodak,1920,wht8,350000,140.93749,2799941,349992,1303105,162888,21.596,0.68929,,0.0681,3686400,9.1
kodak_kodim08,kodak,1920,wht8,400000,125.62786,3199883,399985,1510043,188755,22.133,0.71445,,0.0781,3686400,10.8
kodak_kodim08,kodak,1920,wht8,416667,121.05769,3333178,416647,1576358,197045,22.319,0.72206,24.151509,0.08133,3686400,12.5
kodak_kodim08,kodak,1920,wht8,450000,111.97461,3599939,449992,1728440,216055,22.714,0.73789,,0.08864,3686400,14.9
kodak_kodim08,kodak,1920,wht8,500000,100.87792,3999934,499991,1950076,243759,23.242,0.75751,,0.09987,3686400,16.7
kodak_kodim08,kodak,1920,wht8,550000,91.11371,4398983,549872,2190801,273850,23.765,0.77451,,0.11208,3686400,18.4
kodak_kodim08,kodak,1920,wht16,150000,256.32152,1199959,149994,484774,60597,18.913,0.53636,,0.0247,3686400,4.3
kodak_kodim08,kodak,1920,wht16,200000,210.07475,1599861,199982,661120,82640,19.647,0.58134,,0.0334,3686400,7.6
kodak_kodim08,kodak,1920,wht16,250000,179.53108,1999734,249966,834610,104326,20.264,0.61404,,0.0421,3686400,10.9
kodak_kodim08,kodak,1920,wht16,300000,155.13677,2399835,299979,1029893,128737,20.865,0.64899,,0.05211,3686400,14.4
kodak_kodim08,kodak,1920,wht16,350000,138.57027,2799721,349965,1209295,151162,21.376,0.67416,,0.06119,3686400,17.8
kodak_kodim08,kodak,1920,wht16,400000,123.11218,3199855,399981,1420314,177539,21.915,0.69883,,0.07242,3686400,21.2
kodak_kodim08,kodak,1920,wht16,416667,119.00498,3333306,416663,1487212,185902,22.075,0.70547,23.843022,0.076,3686400,24.4
kodak_kodim08,kodak,1920,wht16,450000,110.68271,3599702,449962,1634221,204278,22.412,0.71696,,0.08393,3686400,28.4
kodak_kodim08,kodak,1920,wht16,500000,100.96746,3999749,499968,1845125,230641,22.863,0.73544,,0.0953,3686400,31.8
kodak_kodim08,kodak,1920,wht16,550000,91.81506,4399708,549963,2080677,260085,23.324,0.75347,,0.10828,3686400,35.1
kodak_kodim08,kodak,1920,wht32,150000,248.47221,1199810,149976,461519,57690,18.793,0.52053,,0.02406,3686400,10.3
kodak_kodim08,kodak,1920,wht32,200000,204.61416,1599876,199984,633749,79219,19.481,0.56079,,0.03312,3686400,15.1
kodak_kodim08,kodak,1920,wht32,250000,174.81939,1999985,249998,816563,102070,20.089,0.59475,,0.04314,3686400,19.9
kodak_kodim08,kodak,1920,wht32,300000,153.53506,2399961,299995,997022,124628,20.618,0.62357,,0.05313,3686400,24.8
kodak_kodim08,kodak,1920,wht32,350000,135.27652,2799909,349988,1195754,149469,21.155,0.65055,,0.06435,3686400,29.6
kodak_kodim08,kodak,1920,wht32,400000,121.55683,3199943,399992,1387362,173420,21.628,0.67203,,0.07529,3686400,34.4
kodak_kodim08,kodak,1920,wht32,416667,117.83493,3333263,416657,1448000,181000,21.77,0.67784,23.366623,0.0787,3686400,39.3
kodak_kodim08,kodak,1920,wht32,450000,110.55534,3599979,449997,1578642,197330,22.056,0.69095,,0.08633,3686400,44.8
kodak_kodim08,kodak,1920,wht32,500000,101.30278,3999517,499939,1773305,221663,22.472,0.70824,,0.09738,3686400,49.8
kodak_kodim08,kodak,1920,wht32,550000,93.0177,4399994,549999,1986416,248302,22.888,0.72391,,0.10996,3686400,54.7
kodak_kodim08,kodak,1920,wht64,150000,227.16146,1199774,149971,506554,63319,18.937,0.51725,,0.02903,3686400,35.0
kodak_kodim08,kodak,1920,wht64,200000,186.95176,1599990,199998,688451,86056,19.641,0.55817,,0.03955,3686400,49.0
kodak_kodim08,kodak,1920,wht64,250000,159.75949,1999942,249992,873115,109139,20.24,0.58904,,0.05046,3686400,63.3
kodak_kodim08,kodak,1920,wht64,300000,140.24633,2399724,299965,1064755,133094,20.766,0.61687,,0.06184,3686400,77.4
kodak_kodim08,kodak,1920,wht64,350000,124.97682,2799708,349963,1269481,158685,21.253,0.64102,,0.07435,3686400,91.4
kodak_kodim08,kodak,1920,wht64,400000,112.60971,3199679,399959,1473184,184148,21.708,0.66235,,0.08681,3686400,105.3
kodak_kodim08,kodak,1920,wht64,416667,108.78653,3333096,416637,1546264,193283,21.867,0.66993,23.708438,0.09116,3686400,119.5
kodak_kodim08,kodak,1920,wht64,450000,102.50212,3599957,449994,1680211,210026,22.146,0.68269,,0.09933,3686400,134.3
kodak_kodim08,kodak,1920,wht64,500000,94.16849,3999995,499999,1890105,236263,22.555,0.70009,,0.11222,3686400,148.2
kodak_kodim08,kodak,1920,wht64,550000,86.72311,4399941,549992,2110965,263871,22.959,0.71558,,0.12612,3686400,162.1
kodak_kodim08,kodak,1920,dct8,150000,268.25764,1199823,149977,527210,65901,19.042,0.53118,,0.03266,3686400,2.2
kodak_kodim08,kodak,1920,dct8,200000,221.40826,1599991,199998,691798,86475,19.871,0.58759,,0.03968,3686400,3.9
kodak_kodim08,kodak,1920,dct8,250000,186.56034,1999910,249988,882102,110263,20.635,0.62914,,0.04796,3686400,5.7
kodak_kodim08,kodak,1920,dct8,300000,159.10067,2399786,299973,1091321,136415,21.366,0.66688,,0.05751,3686400,7.4
kodak_kodim08,kodak,1920,dct8,350000,136.03151,2799898,349987,1326580,165822,22.134,0.70323,,0.06848,3686400,9.2
kodak_kodim08,kodak,1920,dct8,400000,120.1118,3199848,399981,1538410,192301,22.761,0.72933,,0.07875,3686400,11.0
kodak_kodim08,kodak,1920,dct8,416667,115.7971,3332962,416620,1603825,200478,22.948,0.7372,24.745877,0.08194,3686400,12.8
kodak_kodim08,kodak,1920,dct8,450000,106.73092,3599851,449981,1753130,219141,23.355,0.75251,,0.08921,3686400,15.2
kodak_kodim08,kodak,1920,dct8,500000,94.87163,3999874,499984,2004426,250553,23.96,0.77359,,0.1017,3686400,17.0
kodak_kodim08,kodak,1920,dct8,550000,85.44953,4399757,549969,2234617,279327,24.53,0.79199,,0.11314,3686400,18.8
kodak_kodim08,kodak,1920,dct16,150000,257.41069,1199699,149962,475286,59411,19.425,0.55864,,0.02419,3686400,4.4
kodak_kodim08,kodak,1920,dct16,200000,209.28169,1599855,199981,646835,80854,20.245,0.60679,,0.03231,3686400,7.9
kodak_kodim08,kodak,1920,dct16,250000,175.81094,1999998,249999,829132,103641,20.956,0.64627,,0.04108,3686400,11.1
kodak_kodim08,kodak,1920,dct16,300000,150.80478,2399973,299996,1022414,127802,21.631,0.68151,,0.05081,3686400,14.3
kodak_kodim08,kodak,1920,dct16,350000,131.2914,2799302,349912,1222357,152795,22.255,0.7074,,0.06099,3686400,17.6
kodak_kodim08,kodak,1920,dct16,400000,115.57348,3199673,399959,1436210,179526,22.854,0.73013,,0.07202,3686400,20.8
kodak_kodim08,kodak,1920,dct16,416667,111.19121,3333240,416655,1503962,187995,23.04,0.73695,24.722466,0.07549,3686400,24.0
kodak_kodim08,kodak,1920,dct16,450000,102.61479,3599918,449989,1652469,206559,23.416,0.75068,,0.08328,3686400,27.8
kodak_kodim08,kodak,1920,dct16,500000,91.79929,3999998,499999,1890864,236358,23.954,0.7698,,0.09601,3686400,31.1
kodak_kodim08,kodak,1920,dct16,550000,83.9897,4399808,549976,2100582,262573,24.416,0.78507,,0.10724,3686400,34.3
kodak_kodim08,kodak,1920,dct32,150000,245.93717,1199600,149950,455591,56949,19.522,0.56839,,0.02336,3686400,10.1
kodak_kodim08,kodak,1920,dct32,200000,201.4114,1599806,199975,622027,77753,20.273,0.60628,,0.0319,3686400,14.9
kodak_kodim08,kodak,1920,dct32,250000,170.55884,1999714,249964,795449,99431,20.943,0.63963,,0.04103,3686400,19.9
kodak_kodim08,kodak,1920,dct32,300000,145.71885,2399559,299944,987170,123396,21.603,0.67101,,0.05137,3686400,24.9
kodak_kodim08,kodak,1920,dct32,350000,128.22373,2799627,349953,1170070,146259,22.163,0.69463,,0.06131,3686400,29.9
kodak_kodim08,kodak,1920,dct32,400000,114.06012,3199396,399924,1361957,170245,22.686,0.71575,,0.07207,3686400,34.9
kodak_kodim08,kodak,1920,dct32,416667,109.13797,3333233,416654,1434225,179278,22.888,0.72315,24.378639,0.07609,3686400,39.7
kodak_kodim08,kodak,1920,dct32,450000,101.54058,3599782,449972,1571512,196439,23.217,0.7356,,0.08356,3686400,45.2
kodak_kodim08,kodak,1920,dct32,500000,92.01094,3999975,499996,1776856,222107,23.685,0.75297,,0.09523,3686400,50.0
kodak_kodim08,kodak,1920,dct32,550000,83.81662,4399947,549993,1991346,248918,24.141,0.76764,,0.10742,3686400,54.8
kodak_kodim08,kodak,2560,cdf97,150000,302.68777,1199919,149989,561029,70129,19.357,0.51307,,0.01483,6553600,6.6
kodak_kodim08,kodak,2560,cdf97,200000,247.03605,1599963,199995,790676,98834,20.104,0.55726,,0.02052,6553600,9.9
kodak_kodim08,kodak,2560,cdf97,250000,212.41076,1999921,249990,1018642,127330,20.734,0.59099,,0.02611,6553600,13.1
kodak_kodim08,kodak,2560,cdf97,300000,186.37889,2399769,299971,1245908,155738,21.303,0.61914,,0.03187,6553600,16.4
kodak_kodim08,kodak,2560,cdf97,350000,166.15686,2799997,349999,1474802,184350,21.815,0.64411,,0.03783,6553600,19.7
kodak_kodim08,kodak,2560,cdf97,400000,150.68165,3199770,399971,1700073,212509,22.284,0.66554,,0.04375,6553600,23.1
kodak_kodim08,kodak,2560,cdf97,416667,145.81416,3333037,416629,1781949,222744,22.44,0.67237,22.477208,0.04594,6553600,26.5
kodak_kodim08,kodak,2560,cdf97,450000,137.01828,3599995,449999,1933593,241699,22.737,0.68479,,0.05002,6553600,30.9
kodak_kodim08,kodak,2560,cdf97,500000,125.71446,3999814,499976,2165867,270733,23.162,0.70249,,0.05622,6553600,34.3
kodak_kodim08,kodak,2560,cdf97,550000,115.37696,4399687,549960,2420114,302514,23.593,0.7205,,0.06313,6553600,37.7
kodak_kodim08,kodak,2560,cdf53,150000,295.18158,1199998,149999,535241,66905,19.266,0.5141,,0.0143,6553600,5.4
kodak_kodim08,kodak,2560,cdf53,200000,241.30327,1599760,199970,750487,93811,20.003,0.55944,,0.01975,6553600,8.6
kodak_kodim08,kodak,2560,cdf53,250000,207.47008,1999908,249988,965073,120634,20.635,0.5941,,0.02502,6553600,11.8
kodak_kodim08,kodak,2560,cdf53,300000,184.44406,2399933,299991,1169692,146212,21.16,0.61987,,0.03007,6553600,15.0
kodak_kodim08,kodak,2560,cdf53,350000,164.50727,2799915,349989,1391275,173909,21.689,0.64448,,0.03568,6553600,18.2
kodak_kodim08,kodak,2560,cdf53,400000,148.35966,3199701,399962,1621355,202669,22.188,0.66727,,0.04166,6553600,21.4
kodak_kodim08,kodak,2560,cdf53,416667,144.14454,3333124,416640,1691253,211407,22.334,0.67376,22.074984,0.0435,6553600,24.6
kodak_kodim08,kodak,2560,cdf53,450000,135.98331,3599905,449988,1838997,229875,22.63,0.68688,,0.04735,6553600,28.8
kodak_kodim08,kodak,2560,cdf53,500000,124.28291,3999713,499964,2076560,259570,23.089,0.70624,,0.05373,6553600,32.0
kodak_kodim08,kodak,2560,cdf53,550000,113.80979,4399884,549985,2327919,290990,23.532,0.72415,,0.06058,6553600,35.2
kodak_kodim08,kodak,2560,haar,150000,342.1661,1199650,149956,529472,66184,18.405,0.45051,,0.01375,6553600,4.6
kodak_kodim08,kodak,2560,haar,200000,294.838,1599760,199970,709925,88741,18.941,0.48648,,0.01796,6553600,7.5
kodak_kodim08,kodak,2560,haar,250000,259.5355,1999435,249929,921942,115243,19.461,0.52126,,0.02296,6553600,10.6
kodak_kodim08,kodak,2560,haar,300000,228.89341,2399845,299980,1141699,142712,20.009,0.55297,,0.02824,6553600,13.7
kodak_kodim08,kodak,2560,haar,350000,205.30228,2799985,349998,1367435,170929,20.509,0.58169,,0.03391,6553600,16.7
kodak_kodim08,kodak,2560,haar,400000,186.22959,3199200,399900,1587029,198379,20.972,0.60738,,0.03948,6553600,19.8
kodak_kodim08,kodak,2560,haar,416667,180.83816,3333335,416666,1660727,207591,21.112,0.61472,21.492358,0.04139,6553600,22.8
kodak_kodim08,kodak,2560,haar,450000,169.78782,3598880,449860,1808337,226042,21.428,0.6302,,0.04527,6553600,27.0
kodak_kodim08,kodak,2560,haar,500000,153.8599,3999990,499998,2039775,254972,21.932,0.65318,,0.05143,6553600,30.0
kodak_kodim08,kodak,2560,haar,550000,139.75287,4399975,549996,2289943,286243,22.411,0.67499,,0.05834,6553600,33.1
kodak_kodim08,kodak,2560,db2,150000,319.12873,1199955,149994,550043,68755,19.035,0.48064,,0.01457,6553600,10.2
kodak_kodim08,kodak,2560,db2,200000,261.81384,1599900,199987,775733,96967,19.748,0.52658,,0.0202,6553600,13.6
kodak_kodim08,kodak,2560,db2,250000,226.5272,1999711,249963,989502,123688,20.311,0.55856,,0.02547,6553600,16.9
kodak_kodim08,kodak,2560,db2,300000,201.14907,2399958,299994,1205620,150702,20.803,0.58631,,0.03091,6553600,20.3
kodak_kodim08,kodak,2560,db2,350000,180.00521,2799735,349966,1438937,179867,21.279,0.61167,,0.03687,6553600,23.7
kodak_kodim08,kodak,2560,db2,400000,163.36426,3199149,399893,1679606,209951,21.728,0.63547,,0.04315,6553600,26.9
kodak_kodim08,kodak,2560,db2,416667,158.82594,3333251,416656,1757982,219748,21.864,0.64223,22.166903,0.0452,6553600,30.1
kodak_kodim08,kodak,2560,db2,450000,149.24779,3599668,449958,1921547,240193,22.167,0.65631,,0.04962,6553600,34.5
kodak_kodim08,kodak,2560,db2,500000,135.78526,3999911,499988,2174787,271848,22.622,0.67682,,0.0566,6553600,37.7
kodak_kodim08,kodak,2560,db2,550000,124.16012,4399913,549989,2436727,304591,23.066,0.69592,,0.0638,6553600,41.0
kodak_kodim08,kodak,2560,db4,150000,307.99558,1199929,149991,570111,71264,19.151,0.49334,,0.01519,6553600,15.5
kodak_kodim08,kodak,2560,db4,200000,254.49406,1599655,199956,804373,100547,19.882,0.53645,,0.02106,6553600,19.1
kodak_kodim08,kodak,2560,db4,250000,219.20531,1999952,249994,1032495,129062,20.5,0.57047,,0.02687,6553600,22.6
kodak_kodim08,kodak,2560,db4,300000,191.05102,2400000,300000,1267702,158463,21.08,0.60052,,0.03304,6553600,26.4
kodak_kodim08,kodak,2560,db4,350000,170.0231,2799614,349951,1493247,186656,21.585,0.62583,,0.03902,6553600,30.1
kodak_kodim08,kodak,2560,db4,400000,152.77068,3199641,399955,1731203,216400,22.059,0.64884,,0.04543,6553600,33.7
kodak_kodim08,kodak,2560,db4,416667,147.60025,3333127,416640,1811261,226408,22.218,0.65565,22.512989,0.04758,6553600,37.4
kodak_kodim08,kodak,2560,db4,450000,137.77874,3599913,449989,1983500,247938,22.53,0.6698,,0.05229,6553600,42.2
kodak_kodim08,kodak,2560,db4,500000,126.54946,3999847,499980,2218261,277283,22.925,0.68718,,0.05872,6553600,45.8
kodak_kodim08,kodak,2560,db4,550000,116.72005,4399998,549999,2466400,308300,23.311,0.70412,,0.06555,6553600,49.3
kodak_kodim08,kodak,2560,lap,150000,188.32739,1199942,149992,459618,57452,16.185,0.31204,,0.00745,8736000,5.4
kodak_kodim08,kodak,2560,lap,200000,172.67388,1599803,199975,656838,82105,16.512,0.33591,,0.01044,8736000,9.1
kodak_kodim08,kodak,2560,lap,250000,160.62566,1999923,249990,867654,108457,16.848,0.3596,,0.01381,8736000,12.8
kodak_kodim08,kodak,2560,lap,300000,149.99322,2399869,299983,1111835,138979,17.195,0.38425,,0.01789,8736000,16.6
kodak_kodim08,kodak,2560,lap,350000,141.16667,2799869,349983,1362331,170291,17.536,0.40692,,0.02224,8736000,20.3
kodak_kodim08,kodak,2560,lap,400000,133.28462,3199593,399949,1629390,203674,17.873,0.42928,,0.02706,8736000,24.0
kodak_kodim08,kodak,2560,lap,416667,130.97008,3332794,416599,1720053,215007,17.97,0.4363,14.981086,0.02873,8736000,27.7
kodak_kodim08,kodak,2560,lap,450000,126.15418,3599863,449982,1926731,240841,18.198,0.45129,,0.03262,8736000,32.5
kodak_kodim08,kodak,2560,lap,500000,119.12058,3999335,499916,2259144,282393,18.545,0.47438,,0.03918,8736000,36.3
kodak_kodim08,kodak,2560,lap,550000,112.8589,4399875,549984,2585944,323243,18.9,0.49588,,0.0459,8736000,40.2
kodak_kodim08,kodak,2560,wht8,150000,393.64192,1199030,149878,506282,63285,17.857,0.43786,,0.02219,6553600,3.8
kodak_kodim08,kodak,2560,wht8,200000,320.25414,1599990,199998,686606,85826,18.709,0.49154,,0.02609,6553600,6.8
kodak_kodim08,kodak,2560,wht8,250000,271.35949,1999700,249962,863649,107956,19.358,0.534,,0.03012,6553600,9.8
kodak_kodim08,kodak,2560,wht8,300000,239.30507,2399815,299976,1033258,129157,19.917,0.56414,,0.03405,6553600,12.8
kodak_kodim08,kodak,2560,wht8,350000,206.9072,2798995,349874,1261628,157703,20.576,0.60299,,0.03971,6553600,15.8
kodak_kodim08,kodak,2560,wht8,400000,184.75374,3199820,399977,1463983,182998,21.083,0.63007,,0.04487,6553600,18.7
kodak_kodim08,kodak,2560,wht8,416667,178.83049,3333300,416662,1526478,190810,21.228,0.63729,21.400278,0.04645,6553600,21.7
kodak_kodim08,kodak,2560,wht8,450000,167.0636,3599545,449943,1663810,207976,21.53,0.65403,,0.05002,6553600,25.7
kodak_kodim08,kodak,2560,wht8,500000,151.46892,3999305,499913,1874301,234288,22.006,0.67611,,0.05547,6553600,28.7
kodak_kodim08,kodak,2560,wht8,550000,139.68766,4399730,549966,2081921,260240,22.401,0.69558,,0.06088,6553600,31.6
kodak_kodim08,kodak,2560,wht16,150000,356.72587,1199210,149901,473164,59146,18.492,0.48343,,0.0142,6553600,7.4
kodak_kodim08,kodak,2560,wht16,200000,290.0333,1599685,199960,647142,80893,19.18,0.52538,,0.01864,6553600,12.6
kodak_kodim08,kodak,2560,wht16,250000,248.60408,1999145,249893,825996,103249,19.74,0.55937,,0.02332,6553600,17.9
kodak_kodim08,kodak,2560,wht16,300000,216.51031,2399570,299946,1020348,127543,20.271,0.58649,,0.02861,6553600,23.2
kodak_kodim08,kodak,2560,wht16,350000,191.32798,2799990,349998,1226385,153298,20.775,0.61545,,0.0343,6553600,28.7
kodak_kodim08,kodak,2560,wht16,400000,172.18418,3199785,399973,1421745,177718,21.22,0.63975,,0.03985,6553600,34.1
kodak_kodim08,kodak,2560,wht16,416667,166.66538,3332405,416550,1485460,185683,21.369,0.64658,21.563976,0.04166,6553600,39.5
kodak_kodim08,kodak,2560,wht16,450000,156.08231,3599355,449919,1621389,202674,21.648,0.65959,,0.04545,6553600,45.8
kodak_kodim08,kodak,2560,wht16,500000,143.24672,3999760,499970,1813429,226679,22.027,0.67536,,0.05089,6553600,51.1
kodak_kodim08,kodak,2560,wht16,550000,132.01863,4399870,549983,2013401,251675,22.385,0.69173,,0.05671,6553600,56.4
kodak_kodim08,kodak,2560,wht32,150000,346.42291,1199995,149999,434216,54277,18.448,0.46989,,0.01236,6553600,35.2
kodak_kodim08,kodak,2560,wht32,200000,288.29535,1598825,199853,592128,74016,19.03,0.50653,,0.0168,6553600,79.4
kodak_kodim08,kodak,2560,wht32,250000,247.89249,1999240,249905,761086,95136,19.553,0.53566,,0.02165,6553600,125.2
kodak_kodim08,kodak,2560,wht32,300000,216.13502,2399765,299970,942626,117828,20.056,0.56433,,0.02695,6553600,169.7
kodak_kodim08,kodak,2560,wht32,350000,194.22539,2799465,349933,1116627,139578,20.461,0.58603,,0.03207,6553600,213.3
kodak_kodim08,kodak,2560,wht32,400000,175.005,3199995,399999,1299742,162468,20.883,0.60768,,0.03752,6553600,257.8
kodak_kodim08,kodak,2560,wht32,416667,170.086,3332465,416558,1355866,169483,21.007,0.61483,20.99554,0.03918,6553600,302.7
kodak_kodim08,kodak,2560,wht32,450000,159.59743,3599170,449896,1487295,185912,21.281,0.62701,,0.04315,6553600,352.8
kodak_kodim08,kodak,2560,wht32,500000,146.31774,3999676,499959,1676826,209603,21.643,0.644,,0.04898,6553600,400.1
kodak_kodim08,kodak,2560,wht32,550000,135.22025,4399555,549944,1870887,233861,21.984,0.65892,,0.05495,6553600,446.6
kodak_kodim08,kodak,2560,wht64,150000,322.39407,1199890,149986,457453,57182,18.387,0.44719,,0.01412,6553600,65.1
kodak_kodim08,kodak,2560,wht64,200000,265.85005,1599290,199911,633989,79249,19.028,0.48629,,0.01971,6553600,89.1
kodak_kodim08,kodak,2560,wht64,250000,230.96784,1998850,249856,795751,99469,19.523,0.51732,,0.02485,6553600,112.7
kodak_kodim08,kodak,2560,wht64,300000,203.18129,2399220,299902,976881,122110,19.986,0.54396,,0.03065,6553600,137.0
kodak_kodim08,kodak,2560,wht64,350000,181.13222,2799665,349958,1163191,145399,20.412,0.56792,,0.03674,6553600,160.7
kodak_kodim08,kodak,2560,wht64,400000,163.49019,3199415,399926,1359144,169893,20.813,0.58868,,0.04309,6553600,184.5
kodak_kodim08,kodak,2560,wht64,416667,159.11258,3332915,416614,1415879,176985,20.926,0.59378,20.954941,0.04494,6553600,208.6
kodak_kodim08,kodak,2560,wht64,450000,149.82193,3599815,449976,1549771,193721,21.171,0.6062,,0.04935,6553600,233.3
kodak_kodim08,kodak,2560,wht64,500000,137.9314,3999780,499972,1750527,218816,21.521,0.62182,,0.05597,6553600,257.4
kodak_kodim08,kodak,2560,wht64,550000,127.41329,4400000,550000,1958298,244787,21.859,0.63763,,0.06292,6553600,281.2
kodak_kodim08,kodak,2560,dct8,150000,386.68699,1199975,149996,527546,65943,18.329,0.46071,,0.02292,6553600,3.8
kodak_kodim08,kodak,2560,dct8,200000,314.89033,1599995,199999,704677,88085,19.163,0.51217,,0.02671,6553600,6.7
kodak_kodim08,kodak,2560,dct8,250000,262.51742,1998040,249755,892442,111555,19.96,0.55902,,0.03098,6553600,9.6
kodak_kodim08,kodak,2560,dct8,300000,227.74684,2398660,299832,1077869,134734,20.61,0.59378,,0.03535,6553600,12.6
kodak_kodim08,kodak,2560,dct8,350000,199.6644,2799934,349991,1273220,159153,21.172,0.62234,,0.04009,6553600,15.5
kodak_kodim08,kodak,2560,dct8,400000,177.18297,3199215,399901,1480704,185088,21.71,0.6478,,0.04514,6553600,18.5
kodak_kodim08,kodak,2560,dct8,416667,170.69069,3332230,416528,1550381,193798,21.873,0.65603,21.912916,0.04689,6553600,21.6
kodak_kodim08,kodak,2560,dct8,450000,158.09786,3599545,449943,1706073,213259,22.241,0.67339,,0.05081,6553600,25.8
kodak_kodim08,kodak,2560,dct8,500000,142.46831,3999200,499900,1929056,241132,22.777,0.70068,,0.0565,6553600,28.8
kodak_kodim08,kodak,2560,dct8,550000,130.54461,4398961,549870,2140170,267521,23.201,0.71824,,0.06195,6553600,31.8
kodak_kodim08,kodak,2560,dct16,150000,343.71083,1199985,149998,494628,61828,19.151,0.51077,,0.01473,6553600,7.6
kodak_kodim08,kodak,2560,dct16,200000,282.60627,1599325,199915,663256,82907,19.892,0.55748,,0.01896,6553600,12.8
kodak_kodim08,kodak,2560,dct16,250000,238.72571,1999745,249968,848316,106040,20.546,0.59225,,0.02375,6553600,18.1
kodak_kodim08,kodak,2560,dct16,300000,208.57563,2398960,299870,1024976,128122,21.096,0.61849,,0.02833,6553600,23.4
kodak_kodim08,kodak,2560,dct16,350000,184.40102,2798995,349874,1218380,152297,21.608,0.64737,,0.0336,6553600,28.6
kodak_kodim08,kodak,2560,dct16,400000,162.41787,3199390,399923,1443631,180454,22.174,0.67382,,0.03981,6553600,33.8
kodak_kodim08,kodak,2560,dct16,416667,157.00871,3333330,416666,1508895,188612,22.336,0.68091,22.34577,0.04157,6553600,39.2
kodak_kodim08,kodak,2560,dct16,450000,146.97054,3599710,449963,1637011,204626,22.63,0.69334,,0.04515,6553600,45.6
kodak_kodim08,kodak,2560,dct16,500000,133.92349,3999500,499937,1835731,229466,23.067,0.71103,,0.05078,6553600,51.1
kodak_kodim08,kodak,2560,dct16,550000,122.15078,4398975,549871,2049005,256126,23.493,0.7267,,0.05687,6553600,56.5
kodak_kodim08,kodak,2560,dct32,150000,342.67118,1199770,149971,438826,54853,19.192,0.51943,,0.01244,6553600,35.7
kodak_kodim08,kodak,2560,dct32,200000,285.18255,1599045,199880,593469,74184,19.85,0.55806,,0.01665,6553600,83.1
kodak_kodim08,kodak,2560,dct32,250000,240.14793,1999026,249878,763627,95453,20.521,0.59105,,0.02142,6553600,128.0
kodak_kodim08,kodak,2560,dct32,300000,206.71961,2399380,299922,947056,118382,21.096,0.61953,,0.02666,6553600,173.9
kodak_kodim08,kodak,2560,dct32,350000,182.92959,2799380,349922,1125174,140647,21.605,0.64208,,0.03175,6553600,220.3
kodak_kodim08,kodak,2560,dct32,400000,163.58668,3199185,399898,1308135,163517,22.081,0.66194,,0.03707,6553600,265.0
kodak_kodim08,kodak,2560,dct32,416667,158.93543,3332595,416574,1360415,170052,22.204,0.66651,21.959464,0.03859,6553600,313.0
kodak_kodim08,kodak,2560,dct32,450000,149.62547,3599975,449996,1473824,184228,22.449,0.67729,,0.04191,6553600,360.6
kodak_kodim08,kodak,2560,dct32,500000,136.28001,3998860,499857,1666700,208337,22.868,0.69349,,0.04756,6553600,406.4
kodak_kodim08,kodak,2560,dct32,550000,124.80772,4398765,549845,1861415,232677,23.261,0.708,,0.05338,6553600,454.1
kodak_kodim19,kodak,1920,cdf97,150000,113.90379,1199779,149972,755129,94391,26.163,0.69497,,0.02918,3686400,3.5
kodak_kodim19,kodak,1920,cdf97,200000,89.39972,1599772,199971,1005483,125685,27.174,0.72739,,0.03989,3686400,5.2
kodak_kodim19,kodak,1920,cdf97,250000,73.92682,1999977,249997,1246579,155822,27.979,0.75502,,0.05004,3686400,7.0
kodak_kodim19,kodak,1920,cdf97,300000,63.04809,2399996,299999,1484651,185581,28.692,0.78061,,0.06044,3686400,8.7
kodak_kodim19,kodak,1920,cdf97,350000,54.98977,2799990,349998,1721701,215213,29.314,0.80317,,0.07124,3686400,10.4
kodak_kodim19,kodak,1920,cdf97,400000,48.30931,3200000,400000,1983640,247955,29.92,0.82491,,0.08326,3686400,12.1
kodak_kodim19,kodak,1920,cdf97,416667,46.08556,3333305,416663,2088022,261003,30.146,0.83263,32.135878,0.08814,3686400,13.9
kodak_kodim19,kodak,1920,cdf97,450000,42.32035,3599981,449997,2294850,286856,30.565,0.84609,,0.098,3686400,16.2
kodak_kodim19,kodak,1920,cdf97,500000,36.90479,3999999,499999,2660503,332563,31.287,0.86656,,0.11597,3686400,17.9
kodak_kodim19,kodak,1920,cdf97,550000,32.39849,4399952,549994,3049152,381144,32.023,0.88427,,0.13573,3686400,19.6
kodak_kodim19,kodak,1920,cdf53,150000,117.76594,1199969,149996,709474,88684,25.857,0.69332,,0.02756,3686400,2.7
kodak_kodim19,kodak,1920,cdf53,200000,92.53607,1599982,199997,958094,119762,26.939,0.72642,,0.03822,3686400,4.4
kodak_kodim19,kodak,1920,cdf53,250000,75.43329,1999597,249949,1211590,151449,27.821,0.75652,,0.04954,3686400,6.2
kodak_kodim19,kodak,1920,cdf53,300000,65.15445,2399924,299990,1435152,179394,28.438,0.77943,,0.05927,3686400,8.0
kodak_kodim19,kodak,1920,cdf53,350000,57.29435,2799976,349997,1661919,207740,29.039,0.80045,,0.06946,3686400,9.8
kodak_kodim19,kodak,1920,cdf53,400000,50.46974,3199970,399996,1917784,239723,29.645,0.82123,,0.08133,3686400,11.5
kodak_kodim19,kodak,1920,cdf53,416667,48.42826,3333310,416663,2010422,251303,29.843,0.8283,31.203689,0.08573,3686400,13.3
kodak_kodim19,kodak,1920,cdf53,450000,44.03867,3599945,449993,2234324,279291,30.314,0.84291,,0.09653,3686400,15.7
kodak_kodim19,kodak,1920,cdf53,500000,38.28479,3999987,499998,2602671,325334,31.04,0.86361,,0.11461,3686400,17.5
kodak_kodim19,kodak,1920,cdf53,550000,33.36066,4399972,549996,3006413,375802,31.814,0.8822,,0.13521,3686400,19.2
kodak_kodim19,kodak,1920,haar,150000,136.95615,1199904,149988,715497,89437,25.018,0.64716,,0.02763,3686400,2.5
kodak_kodim19,kodak,1920,haar,200000,104.90683,1599973,199996,974274,121784,26.257,0.68112,,0.0388,3686400,4.2
kodak_kodim19,kodak,1920,haar,250000,84.92104,1999832,249979,1212457,151557,27.182,0.70936,,0.0488,3686400,5.8
kodak_kodim19,kodak,1920,haar,300000,72.33584,2399830,299978,1426299,178287,27.854,0.73386,,0.05796,3686400,7.5
kodak_kodim19,kodak,1920,haar,350000,62.50907,2799843,349980,1655487,206936,28.477,0.75662,,0.0677,3686400,9.1
kodak_kodim19,kodak,1920,haar,400000,54.99328,3199988,399998,1892032,236504,29.04,0.77984,,0.07803,3686400,10.7
kodak_kodim19,kodak,1920,haar,416667,52.84416,3333152,416644,1972185,246523,29.22,0.78711,31.24181,0.08164,3686400,12.4
kodak_kodim19,kodak,1920,haar,450000,48.64475,3600000,450000,2153088,269136,29.613,0.8029,,0.09005,3686400,14.6
kodak_kodim19,kodak,1920,haar,500000,42.78746,3998951,499868,2465956,308244,30.232,0.82577,,0.10499,3686400,16.2
kodak_kodim19,kodak,1920,haar,550000,37.94219,4399574,549946,2801014,350127,30.855,0.84575,,0.12136,3686400,17.8
kodak_kodim19,kodak,1920,db2,150000,122.73655,1199898,149987,761855,95232,25.691,0.67383,,0.02982,3686400,5.4
kodak_kodim19,kodak,1920,db2,200000,94.27698,1599758,199969,1027953,128494,26.822,0.70755,,0.04134,3686400,7.2
kodak_kodim19,kodak,1920,db2,250000,77.90762,1999880,249985,1267597,158450,27.616,0.7352,,0.05153,3686400,9.1
kodak_kodim19,kodak,1920,db2,300000,66.88426,2399959,299994,1498282,187285,28.303,0.75915,,0.06129,3686400,11.0
kodak_kodim19,kodak,1920,db2,350000,58.4422,2799985,349998,1726884,215860,28.926,0.78278,,0.07165,3686400,12.9
kodak_kodim19,kodak,1920,db2,400000,50.75131,3199977,399997,2008109,251014,29.58,0.80738,,0.08443,3686400,14.7
kodak_kodim19,kodak,1920,db2,416667,48.48747,3333336,416667,2106036,263255,29.796,0.81507,32.010436,0.08893,3686400,16.6
kodak_kodim19,kodak,1920,db2,450000,44.64981,3599794,449974,2300671,287584,30.201,0.82962,,0.09808,3686400,19.1
kodak_kodim19,kodak,1920,db2,500000,39.21169,3999867,499983,2635157,329395,30.9,0.8511,,0.11422,3686400,20.9
kodak_kodim19,kodak,1920,db2,550000,34.33817,4399955,549994,3016450,377056,31.635,0.87139,,0.13345,3686400,22.8
kodak_kodim19,kodak,1920,db4,150000,116.13921,1199749,149968,777309,97164,25.927,0.68356,,0.03059,3686400,8.7
kodak_kodim19,kodak,1920,db4,200000,89.30824,1599980,199997,1051687,131461,27.035,0.71815,,0.04251,3686400,10.7
kodak_kodim19,kodak,1920,db4,250000,74.91692,1999928,249991,1280425,160053,27.772,0.74331,,0.05225,3686400,12.6
kodak_kodim19,kodak,1920,db4,300000,63.65913,2399844,299980,1531122,191390,28.496,0.76909,,0.06315,3686400,14.6
kodak_kodim19,kodak,1920,db4,350000,55.68774,2799905,349988,1777590,222199,29.118,0.79251,,0.07437,3686400,16.5
kodak_kodim19,kodak,1920,db4,400000,48.81898,3199952,399994,2049835,256229,29.744,0.81497,,0.08703,3686400,18.5
kodak_kodim19,kodak,1920,db4,416667,46.77626,3333268,416658,2145856,268232,29.955,0.82237,32.204101,0.09163,3686400,20.4
kodak_kodim19,kodak,1920,db4,450000,42.95963,3599916,449989,2352272,294034,30.384,0.83688,,0.10155,3686400,23.0
kodak_kodim19,kodak,1920,db4,500000,37.75329,3999901,499987,2698930,337366,31.072,0.85762,,0.11876,3686400,25.0
kodak_kodim19,kodak,1920,db4,550000,32.91484,4399996,549999,3104038,388005,31.856,0.87766,,0.13949,3686400,26.9
kodak_kodim19,kodak,1920,lap,150000,109.33276,1199947,149993,813103,101638,22.091,0.58895,,0.02202,4914000,3.0
kodak_kodim19,kodak,1920,lap,200000,89.49325,1599880,199985,1250002,156250,23.223,0.62726,,0.03641,4914000,5.1
kodak_kodim19,kodak,1920,lap,250000,73.91624,1999999,249999,1723019,215377,24.371,0.66106,,0.05351,4914000,7.1
kodak_kodim19,kodak,1920,lap,300000,64.30668,2400000,300000,2117727,264716,25.251,0.68636,,0.06892,4914000,9.2
kodak_kodim19,kodak,1920,lap,350000,57.28338,2799906,349988,2455915,306989,25.929,0.70798,,0.08251,4914000,11.3
kodak_kodim19,kodak,1920,lap,400000,52.35432,3199980,399997,2746022,343253,26.439,0.72638,,0.09388,4914000,13.4
kodak_kodim19,kodak,1920,lap,416667,50.73935,3333234,416654,2851574,356447,26.638,0.73326,25.57263,0.09794,4914000,15.5
kodak_kodim19,kodak,1920,lap,450000,47.95465,3599920,449990,3049245,381156,26.981,0.74635,,0.10565,4914000,18.2
kodak_kodim19,kodak,1920,lap,500000,43.8759,3999915,499989,3369193,421149,27.519,0.76682,,0.11801,4914000,20.3
kodak_kodim19,kodak,1920,lap,550000,40.04458,4399961,549995,3710950,463869,28.109,0.78809,,0.13137,4914000,22.5
kodak_kodim19,kodak,1920,wht8,150000,144.15215,1199796,149974,604947,75618,24.9,0.63839,,0.03146,3686400,2.3
kodak_kodim19,kodak,1920,wht8,200000,113.54975,1599189,199898,791273,98909,25.829,0.66472,,0.03795,3686400,4.0
kodak_kodim19,kodak,1920,wht8,250000,94.13822,1999885,249985,967498,120937,26.544,0.68831,,0.04439,3686400,5.8
kodak_kodim19,kodak,1920,wht8,300000,81.46108,2399435,299929,1138796,142349,27.095,0.71087,,0.05092,3686400,7.6
kodak_kodim19,kodak,1920,wht8,350000,70.57061,2799795,349974,1340819,167602,27.643,0.73196,,0.05906,3686400,9.4
kodak_kodim19,kodak,1920,wht8,400000,62.18226,3199586,399948,1558586,194823,28.158,0.75378,,0.06831,3686400,11.2
kodak_kodim19,kodak,1920,wht8,416667,59.88191,3333175,416646,1628089,203511,28.307,0.76032,30.113401,0.07137,3686400,13.0
kodak_kodim19,kodak,1920,wht8,450000,55.75865,3599904,449988,1779082,222385,28.616,0.77381,,0.07803,3686400,15.4
kodak_kodim19,kodak,1920,wht8,500000,50.38781,3999472,499934,2017887,252236,29.093,0.79343,,0.08914,3686400,17.1
kodak_kodim19,kodak,1920,wht8,550000,44.92283,4399955,549994,2307273,288409,29.647,0.81405,,0.1031,3686400,18.9
kodak_kodim19,kodak,1920,wht16,150000,152.61739,1199699,149962,449513,56189,24.714,0.63353,,0.01907,3686400,4.3
kodak_kodim19,kodak,1920,wht16,200000,120.52927,1599698,199962,610078,76260,25.499,0.65819,,0.0255,3686400,7.4
kodak_kodim19,kodak,1920,wht16,250000,100.03111,1999995,249999,775215,96902,26.128,0.67804,,0.03247,3686400,10.8
kodak_kodim19,kodak,1920,wht16,300000,86.60482,2399776,299972,938733,117342,26.65,0.69661,,0.03947,3686400,14.1
kodak_kodim19,kodak,1920,wht16,350000,76.10989,2799710,349963,1109965,138746,27.121,0.71563,,0.04695,3686400,17.2
kodak_kodim19,kodak,1920,wht16,400000,67.49741,3199854,399981,1296724,162090,27.571,0.73436,,0.05553,3686400,20.4
kodak_kodim19,kodak,1920,wht16,416667,65.30898,3333137,416642,1357596,169700,27.709,0.73978,29.402111,0.05832,3686400,23.6
kodak_kodim19,kodak,1920,wht16,450000,61.37505,3599722,449965,1478109,184764,27.963,0.7516,,0.06393,3686400,27.4
kodak_kodim19,kodak,1920,wht16,500000,55.67303,3999602,499950,1684354,210544,28.381,0.76808,,0.07378,3686400,30.5
kodak_kodim19,kodak,1920,wht16,550000,50.76259,4399733,549966,1898468,237308,28.804,0.7855,,0.08434,3686400,33.7
kodak_kodim19,kodak,1920,wht32,150000,162.19133,1199818,149977,376693,47087,24.214,0.6115,,0.01615,3686400,10.3
kodak_kodim19,kodak,1920,wht32,200000,130.59894,1599922,199990,509470,63684,24.923,0.63194,,0.02194,3686400,15.2
kodak_kodim19,kodak,1920,wht32,250000,109.40355,1999988,249998,659333,82417,25.506,0.65052,,0.0287,3686400,20.2
kodak_kodim19,kodak,1920,wht32,300000,93.96264,2399972,299996,811032,101379,26.036,0.67061,,0.03574,3686400,25.1
kodak_kodim19,kodak,1920,wht32,350000,81.91879,2799734,349966,975244,121905,26.518,0.68917,,0.04344,3686400,29.9
kodak_kodim19,kodak,1920,wht32,400000,72.81037,3199952,399994,1145595,143199,26.95,0.70732,,0.05158,3686400,34.8
kodak_kodim19,kodak,1920,wht32,416667,70.42038,3333305,416663,1203107,150388,27.078,0.71326,28.587366,0.05435,3686400,39.6
kodak_kodim19,kodak,1920,wht32,450000,66.17186,3599960,449995,1315757,164470,27.325,0.72342,,0.05985,3686400,45.1
kodak_kodim19,kodak,1920,wht32,500000,60.43019,3999723,499965,1494805,186851,27.7,0.73925,,0.06869,3686400,49.9
kodak_kodim19,kodak,1920,wht32,550000,55.061,4399835,549979,1694077,211760,28.1,0.75666,,0.07882,3686400,54.7
kodak_kodim19,kodak,1920,wht64,150000,159.90728,1199963,149995,365308,45663,23.838,0.58739,,0.01742,3686400,35.3
kodak_kodim19,kodak,1920,wht64,200000,128.79325,1599879,199984,508548,63569,24.538,0.61043,,0.02448,3686400,49.3
kodak_kodim19,kodak,1920,wht64,250000,108.89628,1999789,249973,649165,81146,25.11,0.63017,,0.03153,3686400,63.3
kodak_kodim19,kodak,1920,wht64,300000,93.4934,2399929,299991,805430,100679,25.637,0.64742,,0.03954,3686400,77.5
kodak_kodim19,kodak,1920,wht64,350000,82.81403,2799815,349976,963079,120385,26.086,0.66692,,0.04757,3686400,91.7
kodak_kodim19,kodak,1920,wht64,400000,74.13561,3199862,399982,1120927,140116,26.512,0.68418,,0.05578,3686400,105.6
kodak_kodim19,kodak,1920,wht64,416667,71.58523,3333332,416666,1175020,146877,26.649,0.68898,28.011286,0.05869,3686400,119.6
kodak_kodim19,kodak,1920,wht64,450000,67.24348,3599973,449996,1282750,160344,26.893,0.69931,,0.06437,3686400,134.3
kodak_kodim19,kodak,1920,wht64,500000,61.05511,3999760,499970,1463394,182924,27.282,0.71693,,0.07409,3686400,148.6
kodak_kodim19,kodak,1920,wht64,550000,56.15174,4399902,549987,1646280,205785,27.629,0.73271,,0.08388,3686400,162.7
kodak_kodim19,kodak,1920,dct8,150000,141.55787,1199753,149969,602309,75289,25.276,0.64459,,0.03107,3686400,2.2
kodak_kodim19,kodak,1920,dct8,200000,110.6167,1599946,199993,782652,97831,26.269,0.67471,,0.03737,3686400,4.0
kodak_kodim19,kodak,1920,dct8,250000,90.7176,1999674,249959,968315,121039,27.036,0.70317,,0.04417,3686400,5.7
kodak_kodim19,kodak,1920,dct8,300000,77.08815,2399755,299969,1162856,145357,27.658,0.72825,,0.05187,3686400,7.5
kodak_kodim19,kodak,1920,dct8,350000,66.80994,2799783,349972,1365763,170720,28.228,0.74996,,0.06017,3686400,9.2
kodak_kodim19,kodak,1920,dct8,400000,58.21337,3199962,399995,1589271,198659,28.822,0.7757,,0.06983,3686400,11.0
kodak_kodim19,kodak,1920,dct8,416667,56.12628,3332955,416619,1659288,207411,28.996,0.78264,30.754807,0.07291,3686400,12.7
kodak_kodim19,kodak,1920,dct8,450000,52.64153,3599748,449968,1786710,223339,29.278,0.79404,,0.0787,3686400,15.0
kodak_kodim19,kodak,1920,dct8,500000,47.43802,3999815,499976,2013532,251691,29.759,0.8138,,0.08933,3686400,16.8
kodak_kodim19,kodak,1920,dct8,550000,42.39197,4400000,550000,2291126,286391,30.32,0.83365,,0.10267,3686400,18.5
kodak_kodim19,kodak,1920,dct16,150000,144.64299,1199895,149986,449961,56245,25.422,0.65075,,0.01885,3686400,4.4
kodak_kodim19,kodak,1920,dct16,200000,113.94216,1599880,199985,610578,76322,26.254,0.67926,,0.02536,3686400,7.5
kodak_kodim19,kodak,1920,dct16,250000,93.42632,1999895,249986,780329,97541,26.984,0.70595,,0.03256,3686400,10.9
kodak_kodim19,kodak,1920,dct16,300000,78.24021,2399541,299942,960486,120061,27.628,0.73114,,0.04047,3686400,14.3
kodak_kodim19,kodak,1920,dct16,350000,69.31277,2799873,349984,1117640,139705,28.084,0.75047,,0.04742,3686400,17.6
kodak_kodim19,kodak,1920,dct16,400000,61.70998,3199986,399998,1294428,161804,28.532,0.76893,,0.05548,3686400,21.0
kodak_kodim19,kodak,1920,dct16,416667,59.45903,3333189,416648,1354678,169335,28.678,0.77525,30.352809,0.05827,3686400,24.4
kodak_kodim19,kodak,1920,dct16,450000,55.61165,3599755,449969,1483909,185489,28.959,0.78702,,0.06433,3686400,28.2
kodak_kodim19,kodak,1920,dct16,500000,50.40012,3999775,499971,1686132,210766,29.387,0.80362,,0.07415,3686400,31.5
kodak_kodim19,kodak,1920,dct16,550000,45.89471,4399932,549991,1905070,238134,29.809,0.81889,,0.08483,3686400,34.8
kodak_kodim19,kodak,1920,dct32,150000,154.24281,1199832,149979,348457,43557,25.135,0.64545,,0.01458,3686400,10.1
kodak_kodim19,kodak,1920,dct32,200000,121.67946,1599896,199987,487199,60900,25.905,0.66974,,0.02076,3686400,14.9
kodak_kodim19,kodak,1920,dct32,250000,100.78779,1999964,249995,626249,78281,26.545,0.6918,,0.02697,3686400,19.8
kodak_kodim19,kodak,1920,dct32,300000,85.66199,2399860,299982,774949,96869,27.108,0.71396,,0.03387,3686400,24.6
kodak_kodim19,kodak,1920,dct32,350000,74.0454,2799921,349990,943307,117913,27.638,0.7337,,0.04182,3686400,29.4
kodak_kodim19,kodak,1920,dct32,400000,65.57768,3199909,399988,1112034,139004,28.083,0.75317,,0.05,3686400,34.3
kodak_kodim19,kodak,1920,dct32,416667,63.10516,3333234,416654,1170219,146277,28.232,0.75966,29.711142,0.05275,3686400,39.3
kodak_kodim19,kodak,1920,dct32,450000,59.15754,3599729,449966,1278914,159864,28.483,0.77004,,0.05802,3686400,44.8
kodak_kodim19,kodak,1920,dct32,500000,54.11891,3999848,499981,1450246,181281,28.844,0.78526,,0.06647,3686400,49.8
kodak_kodim19,kodak,1920,dct32,550000,49.49275,4399923,549990,1640766,205096,29.234,0.80032,,0.07613,3686400,54.7
kodak_kodim19,kodak,2560,cdf97,150000,151.10987,1199630,149953,744168,93021,25.485,0.67972,,0.01591,6553600,6.4
kodak_kodim19,kodak,2560,cdf97,200000,122.11045,1599636,199954,1028695,128587,26.338,0.70453,,0.02206,6553600,9.6
kodak_kodim19,kodak,2560,cdf97,250000,101.31326,1999658,249957,1325071,165634,27.165,0.72918,,0.02879,6553600,13.0
kodak_kodim19,kodak,2560,cdf97,300000,85.38596,2399977,299997,1607435,200929,27.927,0.75307,,0.03571,6553600,16.3
kodak_kodim19,kodak,2560,cdf97,350000,73.7011,2799827,349978,1892184,236523,28.554,0.77435,,0.04287,6553600,19.6
kodak_kodim19,kodak,2560,cdf97,400000,65.32551,3199764,399970,2162820,270353,29.074,0.79214,,0.04969,6553600,22.9
kodak_kodim19,kodak,2560,cdf97,416667,62.89171,3333251,416656,2256434,282054,29.242,0.79794,29.896369,0.05205,6553600,26.2
kodak_kodim19,kodak,2560,cdf97,450000,59.0511,3599843,449980,2417154,302144,29.529,0.80727,,0.05616,6553600,30.6
kodak_kodim19,kodak,2560,cdf97,500000,53.68836,3999942,499992,2686314,335789,29.963,0.82132,,0.06312,6553600,33.9
kodak_kodim19,kodak,2560,cdf97,550000,49.18394,4399997,549999,2956741,369593,30.377,0.83413,,0.07028,6553600,37.2
kodak_kodim19,kodak,2560,cdf53,150000,151.93015,1199593,149949,674338,84292,25.222,0.68016,,0.01484,6553600,5.4
kodak_kodim19,kodak,2560,cdf53,200000,124.97765,1599959,199994,928873,116109,26.038,0.70499,,0.02032,6553600,8.7
kodak_kodim19,kodak,2560,cdf53,250000,103.91541,1999986,249998,1217852,152232,26.863,0.72903,,0.02697,6553600,11.9
kodak_kodim19,kodak,2560,cdf53,300000,87.55686,2399674,299959,1524675,190584,27.631,0.75321,,0.03439,6553600,15.0
kodak_kodim19,kodak,2560,cdf53,350000,75.13346,2799633,349954,1826131,228266,28.339,0.77522,,0.04213,6553600,18.1
kodak_kodim19,kodak,2560,cdf53,400000,66.28121,3199213,399901,2107298,263412,28.897,0.79338,,0.04947,6553600,21.2
kodak_kodim19,kodak,2560,cdf53,416667,63.95441,3333214,416651,2194733,274342,29.06,0.7986,29.317851,0.05178,6553600,24.4
kodak_kodim19,kodak,2560,cdf53,450000,59.71169,3599995,449999,2368295,296037,29.384,0.80808,,0.05632,6553600,28.5
kodak_kodim19,kodak,2560,cdf53,500000,54.5487,3999746,499968,2622800,327850,29.802,0.82124,,0.06301,6553600,31.7
kodak_kodim19,kodak,2560,cdf53,550000,50.11102,4399842,549980,2884881,360610,30.224,0.83332,,0.06989,6553600,34.8
kodak_kodim19,kodak,2560,haar,150000,186.2706,1199580,149947,683031,85379,24.21,0.62773,,0.01451,6553600,4.4
kodak_kodim19,kodak,2560,haar,200000,148.7315,1599415,199926,969545,121193,25.176,0.65694,,0.0206,6553600,7.3
kodak_kodim19,kodak,2560,haar,250000,119.16806,1999335,249916,1293193,161649,26.118,0.68373,,0.02809,6553600,10.2
kodak_kodim19,kodak,2560,haar,300000,102.28481,2398995,299874,1542624,192828,26.799,0.70215,,0.03396,6553600,13.1
kodak_kodim19,kodak,2560,haar,350000,88.98754,2799995,349999,1803162,225395,27.418,0.7218,,0.04034,6553600,16.0
kodak_kodim19,kodak,2560,haar,400000,79.34117,3199145,399893,2049781,256223,27.912,0.73704,,0.04626,6553600,19.0
kodak_kodim19,kodak,2560,haar,416667,76.43852,3332435,416554,2133334,266667,28.077,0.7428,28.800325,0.04828,6553600,22.0
kodak_kodim19,kodak,2560,haar,450000,71.36603,3599340,449917,2289948,286244,28.378,0.75329,,0.05212,6553600,26.1
kodak_kodim19,kodak,2560,haar,500000,64.85777,3999065,499883,2528823,316103,28.804,0.76837,,0.0579,6553600,29.1
kodak_kodim19,kodak,2560,haar,550000,59.19611,4399915,549989,2768432,346054,29.218,0.78232,,0.06388,6553600,32.1
kodak_kodim19,kodak,2560,db2,150000,166.53591,1199957,149994,732904,91613,24.9,0.65509,,0.01577,6553600,9.9
kodak_kodim19,kodak,2560,db2,200000,132.79957,1599949,199993,1032662,129083,25.828,0.68206,,0.02235,6553600,13.1
kodak_kodim19,kodak,2560,db2,250000,108.63599,1999930,249991,1337361,167170,26.681,0.70814,,0.02943,6553600,16.3
kodak_kodim19,kodak,2560,db2,300000,91.53049,2399663,299957,1640181,205023,27.441,0.73155,,0.03673,6553600,19.5
kodak_kodim19,kodak,2560,db2,350000,79.45286,2799996,349999,1922139,240267,28.063,0.7514,,0.04378,6553600,22.6
kodak_kodim19,kodak,2560,db2,400000,70.78347,3199699,399962,2182954,272869,28.562,0.76865,,0.05028,6553600,25.8
kodak_kodim19,kodak,2560,db2,416667,68.48443,3333333,416666,2266658,283332,28.705,0.77388,29.557911,0.05238,6553600,29.0
kodak_kodim19,kodak,2560,db2,450000,64.24809,3599848,449981,2434831,304354,28.99,0.78391,,0.05655,6553600,33.3
kodak_kodim19,kodak,2560,db2,500000,58.76527,3999786,499973,2685788,335723,29.406,0.79804,,0.06287,6553600,36.4
kodak_kodim19,kodak,2560,db2,550000,53.92101,4399997,549999,2942842,367855,29.819,0.81178,,0.0695,6553600,39.6
kodak_kodim19,kodak,2560,db4,150000,157.61653,1200000,150000,771442,96430,25.13,0.66252,,0.01653,6553600,15.8
kodak_kodim19,kodak,2560,db4,200000,126.19112,1599927,199990,1067487,133436,26.06,0.69012,,0.02316,6553600,19.4
kodak_kodim19,kodak,2560,db4,250000,104.58583,1999810,249976,1353595,169199,26.867,0.71494,,0.0299,6553600,23.1
kodak_kodim19,kodak,2560,db4,300000,88.59131,2399852,299981,1633853,204232,27.6,0.73823,,0.03681,6553600,26.6
kodak_kodim19,kodak,2560,db4,350000,76.79223,2799814,349976,1924034,240504,28.218,0.75921,,0.0441,6553600,30.1
kodak_kodim19,kodak,2560,db4,400000,67.58142,3199851,399981,2218294,277287,28.763,0.77837,,0.05158,6553600,33.6
kodak_kodim19,kodak,2560,db4,416667,65.41244,3333274,416659,2304672,288084,28.902,0.78346,29.804949,0.05375,6553600,37.1
kodak_kodim19,kodak,2560,db4,450000,61.38451,3599115,449889,2477555,309694,29.186,0.7934,,0.05811,6553600,41.6
kodak_kodim19,kodak,2560,db4,500000,56.35398,3999880,499985,2731503,341438,29.585,0.80698,,0.06466,6553600,45.1
kodak_kodim19,kodak,2560,db4,550000,51.41245,4399778,549972,3019626,377453,30.034,0.82112,,0.0722,6553600,48.6
kodak_kodim19,kodak,2560,lap,150000,126.08227,1199907,149988,645742,80718,21.726,0.56737,,0.00923,8736000,5.3
kodak_kodim19,kodak,2560,lap,200000,111.27619,1599865,199983,1017843,127230,22.313,0.59193,,0.01491,8736000,9.0
kodak_kodim19,kodak,2560,lap,250000,98.07593,1999871,249983,1447940,180993,22.897,0.61427,,0.02198,8736000,12.7
kodak_kodim19,kodak,2560,lap,300000,87.58327,2399964,299995,1882930,235366,23.555,0.63485,,0.02972,8736000,16.4
kodak_kodim19,kodak,2560,lap,350000,77.70925,2799999,349999,2351991,293999,24.239,0.65451,,0.03864,8736000,20.3
kodak_kodim19,kodak,2560,lap,400000,70.09679,3199792,399974,2789823,348728,24.85,0.67129,,0.0474,8736000,24.1
kodak_kodim19,kodak,2560,lap,416667,68.01443,3333298,416662,2926600,365825,25.018,0.67615,23.086467,0.05022,8736000,27.9
kodak_kodim19,kodak,2560,lap,450000,63.98779,3599876,449984,3212952,401619,25.4,0.68621,,0.05624,8736000,32.8
kodak_kodim19,kodak,2560,lap,500000,59.26417,3999623,499952,3599055,449882,25.871,0.69966,,0.06456,8736000,36.6
kodak_kodim19,kodak,2560,lap,550000,55.30142,4399882,549985,3958280,494785,26.276,0.71205,,0.07257,8736000,40.3
kodak_kodim19,kodak,2560,wht8,150000,213.5102,1199975,149996,650885,81361,23.733,0.60727,,0.02335,6553600,3.7
kodak_kodim19,kodak,2560,wht8,200000,159.33588,1599390,199923,889456,111182,25.076,0.64531,,0.02774,6553600,6.7
kodak_kodim19,kodak,2560,wht8,250000,131.34546,1999190,249898,1079942,134993,25.851,0.66547,,0.03134,6553600,9.6
kodak_kodim19,kodak,2560,wht8,300000,111.69909,2399340,299917,1287925,160991,26.486,0.68661,,0.03545,6553600,12.5
kodak_kodim19,kodak,2560,wht8,350000,97.64074,2799230,349903,1487024,185878,27.015,0.70406,,0.0395,6553600,15.6
kodak_kodim19,kodak,2560,wht8,400000,87.64944,3199590,399948,1673748,209218,27.431,0.72094,,0.04342,6553600,18.5
kodak_kodim19,kodak,2560,wht8,416667,84.77085,3333335,416666,1733694,216712,27.543,0.72362,27.978779,0.04469,6553600,21.5
kodak_kodim19,kodak,2560,wht8,450000,79.06148,3598660,449832,1872135,234017,27.824,0.73438,,0.04772,6553600,25.5
kodak_kodim19,kodak,2560,wht8,500000,71.71568,3999550,499943,2092451,261556,28.214,0.75153,,0.05264,6553600,28.4
kodak_kodim19,kodak,2560,wht8,550000,65.56628,4399790,549973,2318661,289833,28.591,0.7666,,0.05804,6553600,31.3
kodak_kodim19,kodak,2560,wht16,150000,194.60204,1199939,149992,517408,64676,24.567,0.632,,0.01284,6553600,7.5
kodak_kodim19,kodak,2560,wht16,200000,153.61147,1598795,199849,700279,87535,25.366,0.65435,,0.01675,6553600,13.0
kodak_kodim19,kodak,2560,wht16,250000,128.81168,1999530,249941,871471,108934,25.933,0.67156,,0.02056,6553600,18.4
kodak_kodim19,kodak,2560,wht16,300000,110.42836,2399980,299997,1068641,133580,26.447,0.68836,,0.02511,6553600,23.8
kodak_kodim19,kodak,2560,wht16,350000,98.50135,2799545,349943,1242154,155269,26.862,0.70219,,0.02915,6553600,29.0
kodak_kodim19,kodak,2560,wht16,400000,87.95389,3199995,399999,1434202,179275,27.27,0.7178,,0.03383,6553600,34.3
kodak_kodim19,kodak,2560,wht16,416667,84.82518,3333220,416652,1503576,187947,27.407,0.72235,27.859346,0.03555,6553600,39.6
kodak_kodim19,kodak,2560,wht16,450000,79.49153,3599295,449911,1631386,203923,27.647,0.73129,,0.03874,6553600,46.1
kodak_kodim19,kodak,2560,wht16,500000,73.2493,3998760,499845,1814325,226791,27.958,0.74365,,0.04338,6553600,51.4
kodak_kodim19,kodak,2560,wht16,550000,67.32881,4399995,549999,2025947,253243,28.291,0.7575,,0.04883,6553600,56.6
kodak_kodim19,kodak,2560,wht32,150000,226.36418,1200000,150000,365361,45670,23.896,0.60808,,0.0086,6553600,36.4
kodak_kodim19,kodak,2560,wht32,200000,180.85608,1599060,199882,504476,63059,24.606,0.62582,,0.01188,6553600,81.2
kodak_kodim19,kodak,2560,wht32,250000,152.11556,1999300,249912,640214,80027,25.147,0.64265,,0.01508,6553600,128.3
kodak_kodim19,kodak,2560,wht32,300000,130.73242,2399870,299983,788482,98560,25.627,0.65613,,0.01873,6553600,174.1
kodak_kodim19,kodak,2560,wht32,350000,114.84401,2799965,349995,942184,117773,26.042,0.66899,,0.02253,6553600,221.7
kodak_kodim19,kodak,2560,wht32,400000,102.81605,3199125,399890,1103123,137890,26.405,0.68112,,0.02664,6553600,269.8
kodak_kodim19,kodak,2560,wht32,416667,99.60654,3332201,416525,1149740,143717,26.51,0.68479,26.484458,0.02781,6553600,316.3
kodak_kodim19,kodak,2560,wht32,450000,93.65409,3599785,449973,1257122,157140,26.725,0.69268,,0.03063,6553600,364.7
kodak_kodim19,kodak,2560,wht32,500000,85.67444,3999845,499980,1418538,177317,27.04,0.70604,,0.03482,6553600,413.6
kodak_kodim19,kodak,2560,wht32,550000,79.05417,4399005,549875,1590670,198834,27.342,0.71823,,0.03943,6553600,459.1
kodak_kodim19,kodak,2560,wht64,150000,234.58687,1199999,149999,324847,40606,23.485,0.58443,,0.00821,6553600,64.8
kodak_kodim19,kodak,2560,wht64,200000,193.66859,1599477,199934,437571,54696,24.065,0.5993,,0.0111,6553600,88.5
kodak_kodim19,kodak,2560,wht64,250000,160.97471,1999285,249910,568924,71115,24.638,0.61615,,0.0146,6553600,112.7
kodak_kodim19,kodak,2560,wht64,300000,139.95547,2399210,299901,695603,86950,25.084,0.62977,,0.01793,6553600,136.6
kodak_kodim19,kodak,2560,wht64,350000,122.82575,2798960,349870,832548,104068,25.497,0.64379,,0.02166,6553600,160.9
kodak_kodim19,kodak,2560,wht64,400000,110.10549,3199275,399909,974555,121819,25.857,0.65715,,0.02549,6553600,184.5
kodak_kodim19,kodak,2560,wht64,416667,106.50629,3332810,416601,1023502,127938,25.964,0.66075,25.710699,0.02683,6553600,208.5
kodak_kodim19,kodak,2560,wht64,450000,99.38596,3599020,449877,1127944,140993,26.196,0.66903,,0.02973,6553600,233.5
kodak_kodim19,kodak,2560,wht64,500000,90.78233,3999585,499948,1286857,160857,26.507,0.68138,,0.03423,6553600,257.1
kodak_kodim19,kodak,2560,wht64,550000,83.52557,4399615,549951,1448151,181019,26.816,0.69417,,0.03872,6553600,281.4
kodak_kodim19,kodak,2560,dct8,150000,206.54356,1199335,149916,651093,81387,24.273,0.61978,,0.02329,6553600,3.8
kodak_kodim19,kodak,2560,dct8,200000,157.62035,1599930,199991,868096,108512,25.463,0.65185,,0.02707,6553600,6.7
kodak_kodim19,kodak,2560,dct8,250000,126.68884,1999085,249885,1087818,135977,26.375,0.67858,,0.03113,6553600,9.7
kodak_kodim19,kodak,2560,dct8,300000,107.81944,2399590,299948,1283024,160378,27.02,0.69773,,0.03491,6553600,12.6
kodak_kodim19,kodak,2560,dct8,350000,94.55635,2799565,349945,1477487,184686,27.528,0.71778,,0.03892,6553600,15.5
kodak_kodim19,kodak,2560,dct8,400000,82.46635,3199080,399885,1704231,213029,28.087,0.7392,,0.04382,6553600,18.4
kodak_kodim19,kodak,2560,dct8,416667,79.2223,3332725,416590,1774671,221834,28.262,0.74503,28.564955,0.04543,6553600,21.4
kodak_kodim19,kodak,2560,dct8,450000,73.53578,3599755,449969,1921848,240231,28.562,0.75748,,0.04874,6553600,25.4
kodak_kodim19,kodak,2560,dct8,500000,66.07985,3999535,499941,2157341,269668,29.01,0.77623,,0.05427,6553600,28.3
kodak_kodim19,kodak,2560,dct8,550000,60.04878,4398905,549863,2398540,299817,29.425,0.79259,,0.06019,6553600,31.2
kodak_kodim19,kodak,2560,dct16,150000,189.44518,1199965,149995,507085,63386,25.255,0.6476,,0.01241,6553600,7.5
kodak_kodim19,kodak,2560,dct16,200000,147.74167,1598775,199846,689144,86143,26.11,0.67291,,0.01635,6553600,12.9
kodak_kodim19,kodak,2560,dct16,250000,122.60341,1999405,249925,866841,108355,26.765,0.69497,,0.0203,6553600,18.4
kodak_kodim19,kodak,2560,dct16,300000,103.75905,2399675,299959,1059871,132484,27.375,0.7181,,0.02481,6553600,23.7
kodak_kodim19,kodak,2560,dct16,350000,90.56574,2798335,349791,1245020,155627,27.878,0.73618,,0.02931,6553600,29.1
kodak_kodim19,kodak,2560,dct16,400000,79.78591,3199065,399883,1449629,181204,28.366,0.75529,,0.03446,6553600,34.3
kodak_kodim19,kodak,2560,dct16,416667,76.9403,3331225,416403,1514939,189367,28.506,0.76077,28.776628,0.03608,6553600,39.6
kodak_kodim19,kodak,2560,dct16,450000,71.69611,3599930,449991,1652864,206608,28.787,0.77244,,0.0396,6553600,46.1
kodak_kodim19,kodak,2560,dct16,500000,65.13867,3999095,499886,1860356,232544,29.186,0.78819,,0.04494,6553600,51.3
kodak_kodim19,kodak,2560,dct16,550000,59.30934,4398700,549837,2088805,261101,29.582,0.80272,,0.05099,6553600,56.7
kodak_kodim19,kodak,2560,dct32,150000,213.95487,1199505,149938,353435,44179,24.93,0.6401,,0.00819,6553600,36.5
kodak_kodim19,kodak,2560,dct32,200000,172.65032,1599235,199904,468042,58505,25.581,0.66069,,0.0108,6553600,82.0
kodak_kodim19,kodak,2560,dct32,250000,142.51913,1999990,249998,608398,76050,26.187,0.67823,,0.01412,6553600,127.4
kodak_kodim19,kodak,2560,dct32,300000,121.85184,2399650,299956,758845,94856,26.702,0.69573,,0.01785,6553600,174.5
kodak_kodim19,kodak,2560,dct32,350000,106.54123,2799902,349987,909620,113703,27.17,0.71196,,0.0216,6553600,222.6
kodak_kodim19,kodak,2560,dct32,400000,93.90411,3199630,399953,1063937,132992,27.615,0.72785,,0.02558,6553600,269.1
kodak_kodim19,kodak,2560,dct32,416667,90.44758,3332915,416614,1118269,139784,27.753,0.73303,27.498054,0.02697,6553600,314.8
kodak_kodim19,kodak,2560,dct32,450000,85.00184,3599995,449999,1219719,152465,27.986,0.74243,,0.02961,6553600,363.4
kodak_kodim19,kodak,2560,dct32,500000,76.55489,3999020,499877,1400361,175045,28.388,0.75916,,0.03446,6553600,408.4
kodak_kodim19,kodak,2560,dct32,550000,69.76378,4399280,549910,1578723,197340,28.75,0.77316,,0.03936,6553600,454.1
synthetic_panel,synthetic,1920,cdf97,150000,6.6892,1199946,149993,1400870,175109,56.02,0.99958,,0.03422,3686400,3.5
synthetic_panel,synthetic,1920,cdf97,200000,2.5641,1599978,199997,1774931,221866,63.413,0.99989,,0.04072,3686400,5.2
synthetic_panel,synthetic,1920,cdf97,250000,1.27975,1999950,249993,2189576,273697,68.04,0.99995,,0.04999,3686400,7.0
synthetic_panel,synthetic,1920,cdf97,300000,0.65452,2399562,299945,2623219,327902,74.397,0.99999,,0.06033,3686400,8.7
synthetic_panel,synthetic,1920,cdf97,350000,0.34718,2799985,349998,2976907,372113,79.263,1.0,,0.06609,3686400,10.4
synthetic_panel,synthetic,1920,cdf97,400000,0.18747,3198048,399756,3322451,415306,84.143,1.0,,0.07145,3686400,12.1
synthetic_panel,synthetic,1920,cdf97,416667,0.15466,3333318,416664,3432748,429093,86.026,1.0,76.791609,0.0731,3686400,13.9
synthetic_panel,synthetic,1920,cdf97,450000,0.1055,3599854,449981,3670530,458816,89.074,1.0,,0.07676,3686400,16.2
synthetic_panel,synthetic,1920,cdf97,500000,0.06077,3999946,499993,4006193,500774,93.979,1.0,,0.08194,3686400,17.9
synthetic_panel,synthetic,1920,cdf97,550000,0.05,4133750,516718,4104024,513003,95.809,1.0,,0.08299,3686400,19.6
synthetic_panel,synthetic,1920,cdf53,150000,7.06435,1199976,149997,1444127,180516,55.417,0.99968,,0.03508,3686400,2.7
synthetic_panel,synthetic,1920,cdf53,200000,2.72562,1598168,199771,1791941,223993,62.92,0.99991,,0.0405,3686400,4.4
synthetic_panel,synthetic,1920,cdf53,250000,1.22411,1999977,249997,2127522,265940,68.24,0.99995,,0.04608,3686400,6.1
synthetic_panel,synthetic,1920,cdf53,300000,0.63644,2399957,299994,2570191,321274,74.45,0.99999,,0.05675,3686400,7.8
synthetic_panel,synthetic,1920,cdf53,350000,0.33542,2799996,349999,2859694,357462,79.154,1.0,,0.06053,3686400,9.5
synthetic_panel,synthetic,1920,cdf53,400000,0.16964,3199971,399996,3157426,394678,86.105,1.0,,0.06442,3686400,11.2
synthetic_panel,synthetic,1920,cdf53,416667,0.13797,3333071,416633,3224143,403018,87.521,1.0,76.551503,0.06502,3686400,12.9
synthetic_panel,synthetic,1920,cdf53,450000,0.09267,3599994,449999,3369810,421226,90.323,1.0,,0.06708,3686400,15.2
synthetic_panel,synthetic,1920,cdf53,500000,0.05,3998762,499845,3579561,447445,95.991,1.0,,0.06968,3686400,17.0
synthetic_panel,synthetic,1920,cdf53,550000,0.05,3998762,499845,3579561,447445,95.991,1.0,,0.06968,3686400,18.8
synthetic_panel,synthetic,1920,haar,150000,12.20002,1199756,149969,1491249,186406,50.758,0.99942,,0.0382,3686400,2.5
synthetic_panel,synthetic,1920,haar,200000,4.66667,1599318,199914,1835168,229396,58.479,0.99983,,0.04318,3686400,4.2
synthetic_panel,synthetic,1920,haar,250000,2.00001,1999957,249994,2126494,265812,64.558,0.99992,,0.04663,3686400,5.8
synthetic_panel,synthetic,1920,haar,300000,1.0,2398113,299764,2458337,307292,70.986,0.99999,,0.05235,3686400,7.5
synthetic_panel,synthetic,1920,haar,350000,0.5,2799350,349918,2707971,338496,81.165,1.0,,0.05475,3686400,9.2
synthetic_panel,synthetic,1920,haar,400000,0.25456,3199997,399999,2819637,352455,84.064,1.0,,0.0562,3686400,10.9
synthetic_panel,synthetic,1920,haar,416667,0.20635,3333277,416659,2848690,356086,85.115,1.0,76.017201,0.05675,3686400,12.6
synthetic_panel,synthetic,1920,haar,450000,0.13333,3590281,448785,2911461,363933,87.835,1.0,,0.05757,3686400,14.9
synthetic_panel,synthetic,1920,haar,500000,0.06667,3999476,499934,2953202,369150,94.404,1.0,,0.05812,3686400,16.6
synthetic_panel,synthetic,1920,haar,550000,0.05,4210694,526336,2958335,369792,103.649,1.0,,0.05814,3686400,18.2
synthetic_panel,synthetic,1920,db2,150000,9.10782,1199991,149998,1520194,190024,53.253,0.99951,,0.03789,3686400,5.4
synthetic_panel,synthetic,1920,db2,200000,3.46274,1599977,199997,1884507,235563,60.894,0.99988,,0.04339,3686400,7.2
synthetic_panel,synthetic,1920,db2,250000,1.51706,1999968,249996,2214440,276805,67.155,0.99995,,0.04812,3686400,9.0
synthetic_panel,synthetic,1920,db2,300000,0.78566,2399972,299996,2616299,327037,72.868,0.99999,,0.05678,3686400,10.8
synthetic_panel,synthetic,1920,db2,350000,0.39696,2799940,349992,2914915,364364,78.365,1.0,,0.0608,3686400,12.6
synthetic_panel,synthetic,1920,db2,400000,0.20884,3199942,399992,3293738,411717,83.912,1.0,,0.06764,3686400,14.4
synthetic_panel,synthetic,1920,db2,416667,0.17195,3333182,416647,3372672,421584,85.958,1.0,77.151479,0.06832,3686400,16.2
synthetic_panel,synthetic,1920,db2,450000,0.11333,3599971,449996,3552699,444087,89.067,1.0,,0.07009,3686400,18.6
synthetic_panel,synthetic,1920,db2,500000,0.06362,3999950,499993,3819508,477439,94.173,1.0,,0.07345,3686400,20.4
synthetic_panel,synthetic,1920,db2,550000,0.05,4132973,516621,3912137,489017,96.308,1.0,,0.0742,3686400,22.2
synthetic_panel,synthetic,1920,db4,150000,8.14431,1199995,149999,1489118,186140,54.273,0.99929,,0.03718,3686400,8.5
synthetic_panel,synthetic,1920,db4,200000,3.30701,1599961,199995,1847493,230937,61.202,0.99982,,0.04309,3686400,10.4
synthetic_panel,synthetic,1920,db4,250000,1.57997,1999943,249992,2192494,274062,66.696,0.99993,,0.04912,3686400,12.4
synthetic_panel,synthetic,1920,db4,300000,0.83339,2399980,299997,2605052,325632,71.856,0.99998,,0.05817,3686400,14.4
synthetic_panel,synthetic,1920,db4,350000,0.45338,2800000,350000,2989982,373748,76.613,0.99999,,0.06592,3686400,16.4
synthetic_panel,synthetic,1920,db4,400000,0.24815,3199985,399998,3384791,423099,82.075,1.0,,0.07359,3686400,18.4
synthetic_panel,synthetic,1920,db4,416667,0.21137,3333323,416665,3481672,435209,83.033,1.0,75.415712,0.07501,3686400,20.5
synthetic_panel,synthetic,1920,db4,450000,0.14196,3599940,449992,3702857,462857,86.727,1.0,,0.07803,3686400,23.1
synthetic_panel,synthetic,1920,db4,500000,0.08286,3999984,499998,4018795,502349,91.142,1.0,,0.0822,3686400,25.2
synthetic_panel,synthetic,1920,db4,550000,0.05,4369860,546232,4293317,536665,95.561,1.0,,0.08544,3686400,27.2
synthetic_panel,synthetic,1920,lap,150000,26.7779,1199935,149991,2079149,259894,41.045,0.99133,,0.04794,4914000,3.1
synthetic_panel,synthetic,1920,lap,200000,14.53385,1599967,199995,2564571,320571,45.477,0.99582,,0.05566,4914000,5.3
synthetic_panel,synthetic,1920,lap,250000,7.70174,1999946,249993,3100704,387588,50.982,0.9986,,0.06311,4914000,7.4
synthetic_panel,synthetic,1920,lap,300000,4.14063,2399898,299987,3582784,447848,55.964,0.99939,,0.06842,4914000,9.6
synthetic_panel,synthetic,1920,lap,350000,2.43946,2799151,349893,3995040,499380,59.889,0.99974,,0.07246,4914000,11.7
synthetic_panel,synthetic,1920,lap,400000,1.51323,3199947,399993,4381511,547689,64.154,0.99989,,0.07619,4914000,13.7
synthetic_panel,synthetic,1920,lap,416667,1.21472,3332079,416509,4540630,567579,65.747,0.99991,63.291645,0.07736,4914000,15.8
synthetic_panel,synthetic,1920,lap,450000,0.9076,3598861,449857,4747007,593376,67.612,0.99993,,0.07876,4914000,18.5
synthetic_panel,synthetic,1920,lap,500000,0.64063,3991651,498956,5350466,668808,70.251,0.99996,,0.09001,4914000,20.6
synthetic_panel,synthetic,1920,lap,550000,0.43955,4399947,549993,5814637,726830,74.01,0.99998,,0.09775,4914000,22.7
synthetic_panel,synthetic,1920,wht8,150000,31.75007,1199668,149958,890456,111307,43.621,0.99767,,0.03704,3686400,2.2
synthetic_panel,synthetic,1920,wht8,200000,15.50002,1599332,199916,1166909,145864,47.407,0.99903,,0.04297,3686400,3.9
synthetic_panel,synthetic,1920,wht8,250000,7.95001,1999949,249993,1431784,178973,53.834,0.99965,,0.04818,3686400,5.7
synthetic_panel,synthetic,1920,wht8,300000,4.39287,2399793,299974,1652259,206532,59.111,0.99987,,0.05186,3686400,7.4
synthetic_panel,synthetic,1920,wht8,350000,2.50981,2754708,344338,1855162,231895,61.397,0.99994,,0.05495,3686400,9.1
synthetic_panel,synthetic,1920,wht8,400000,1.44208,3199966,399995,2100059,262507,68.328,0.99998,,0.0593,3686400,10.9
synthetic_panel,synthetic,1920,wht8,416667,1.25001,3333174,416646,2142210,267776,69.53,0.99998,68.533882,0.05975,3686400,12.6
synthetic_panel,synthetic,1920,wht8,450000,0.90911,3599938,449992,2273690,284211,72.278,0.99999,,0.06172,3686400,15.0
synthetic_panel,synthetic,1920,wht8,500000,0.58513,3999985,499998,2436872,304609,75.59,0.99999,,0.06391,3686400,16.7
synthetic_panel,synthetic,1920,wht8,550000,0.3871,4399954,549994,2632794,329099,78.087,1.0,,0.06728,3686400,18.4
synthetic_panel,synthetic,1920,wht16,150000,39.02618,1199779,149972,724605,90576,41.282,0.99614,,0.02293,3686400,4.2
synthetic_panel,synthetic,1920,wht16,200000,20.41668,1599806,199975,999843,124980,46.358,0.99854,,0.02998,3686400,7.5
synthetic_panel,synthetic,1920,wht16,250000,11.50001,1999878,249984,1235361,154420,50.913,0.9994,,0.03524,3686400,10.9
synthetic_panel,synthetic,1920,wht16,300000,6.96668,2399894,299986,1486236,185780,55.155,0.99972,,0.041,3686400,14.3
synthetic_panel,synthetic,1920,wht16,350000,4.30834,2799921,349990,1697981,212248,58.637,0.99986,,0.04523,3686400,17.6
synthetic_panel,synthetic,1920,wht16,400000,2.7138,3199962,399995,1888441,236055,62.775,0.99994,,0.04857,3686400,21.0
synthetic_panel,synthetic,1920,wht16,416667,2.3631,3333055,416631,1944179,243022,63.949,0.99995,65.735288,0.04945,3686400,24.4
synthetic_panel,synthetic,1920,wht16,450000,1.75721,3599955,449994,2074242,259280,66.296,0.99997,,0.05181,3686400,28.3
synthetic_panel,synthetic,1920,wht16,500000,1.16667,3999303,499912,2241422,280178,69.288,0.99998,,0.05449,3686400,31.6
synthetic_panel,synthetic,1920,wht16,550000,0.7794,4399963,549995,2403171,300396,72.95,0.99999,,0.05698,3686400,34.8
synthetic_panel,synthetic,1920,wht32,150000,72.49176,1199947,149993,501389,62674,36.762,0.99159,,0.01508,3686400,10.1
synthetic_panel,synthetic,1920,wht32,200000,45.89168,1599954,199994,707415,88427,40.015,0.99471,,0.02113,3686400,14.9
synthetic_panel,synthetic,1920,wht32,250000,29.34586,1999902,249987,918213,114777,42.988,0.99679,,0.02702,3686400,19.7
synthetic_panel,synthetic,1920,wht32,300000,20.125,2399505,299938,1131586,141448,45.58,0.99789,,0.03306,3686400,24.6
synthetic_panel,synthetic,1920,wht32,350000,13.875,2799793,349974,1344761,168095,48.542,0.99889,,0.03866,3686400,29.5
synthetic_panel,synthetic,1920,wht32,400000,9.55417,3199935,399991,1587620,198452,51.483,0.99931,,0.04524,3686400,34.5
synthetic_panel,synthetic,1920,wht32,416667,8.62501,3332146,416518,1645792,205724,52.11,0.99938,57.839532,0.04656,3686400,39.4
synthetic_panel,synthetic,1920,wht32,450000,6.91136,3599881,449985,1781311,222664,53.979,0.99957,,0.04989,3686400,45.0
synthetic_panel,synthetic,1920,wht32,500000,4.93751,3999193,499899,1960266,245033,56.621,0.99975,,0.05359,3686400,49.8
synthetic_panel,synthetic,1920,wht32,550000,3.66251,4397121,549640,2195461,274433,58.791,0.99984,,0.05971,3686400,54.7
synthetic_panel,synthetic,1920,wht64,150000,142.95562,1199960,149995,297020,37128,31.919,0.97885,,0.00905,3686400,35.0
synthetic_panel,synthetic,1920,wht64,200000,93.95808,1599981,199997,446353,55794,34.429,0.9847,,0.01368,3686400,49.2
synthetic_panel,synthetic,1920,wht64,250000,66.78127,1999807,249975,589170,73646,36.358,0.98817,,0.01811,3686400,63.2
synthetic_panel,synthetic,1920,wht64,300000,48.75003,2399399,299924,747221,93403,38.289,0.99102,,0.02304,3686400,77.1
synthetic_panel,synthetic,1920,wht64,350000,37.49205,2799973,349996,905509,113189,40.095,0.99279,,0.02805,3686400,91.1
synthetic_panel,synthetic,1920,wht64,400000,29.20368,3199937,399992,1071515,133939,41.886,0.99447,,0.03333,3686400,105.5
synthetic_panel,synthetic,1920,wht64,416667,27.24093,3333290,416661,1117651,139706,42.403,0.99491,47.453808,0.03476,3686400,119.5
synthetic_panel,synthetic,1920,wht64,450000,23.46431,3599985,449998,1221317,152665,43.357,0.99548,,0.03804,3686400,134.1
synthetic_panel,synthetic,1920,wht64,500000,18.76787,3999942,499992,1379318,172415,44.955,0.99655,,0.04286,3686400,148.0
synthetic_panel,synthetic,1920,wht64,550000,15.15626,4399646,549955,1549620,193702,46.499,0.99734,,0.0482,3686400,162.3
synthetic_panel,synthetic,1920,dct8,150000,20.64517,1188004,148500,815665,101958,44.262,0.99782,,0.03389,3686400,2.3
synthetic_panel,synthetic,1920,dct8,200000,10.15875,1556144,194518,1043772,130471,50.079,0.99925,,0.03866,3686400,4.0
synthetic_panel,synthetic,1920,dct8,250000,5.03938,1973624,246703,1282901,160363,55.893,0.9998,,0.04342,3686400,5.8
synthetic_panel,synthetic,1920,dct8,300000,2.67792,2399956,299994,1512884,189110,61.053,0.99992,,0.04773,3686400,7.6
synthetic_panel,synthetic,1920,dct8,350000,1.58408,2799955,349994,1736784,217098,67.83,0.99997,,0.05224,3686400,9.3
synthetic_panel,synthetic,1920,dct8,400000,0.98439,3199905,399988,1945161,243145,71.601,0.99999,,0.05644,3686400,11.1
synthetic_panel,synthetic,1920,dct8,416667,0.83998,3333289,416661,2019180,252398,72.965,0.99999,71.116693,0.05793,3686400,12.8
synthetic_panel,synthetic,1920,dct8,450000,0.62561,3580548,447568,2156681,269585,73.135,0.99999,,0.06062,3686400,15.1
synthetic_panel,synthetic,1920,dct8,500000,0.4059,3999990,499998,2346950,293369,77.605,1.0,,0.06406,3686400,16.9
synthetic_panel,synthetic,1920,dct8,550000,0.27245,4399925,549990,2523842,315480,80.43,1.0,,0.06705,3686400,18.6
synthetic_panel,synthetic,1920,dct16,150000,22.40985,1199950,149993,655833,81979,46.623,0.99715,,0.02038,3686400,4.3
synthetic_panel,synthetic,1920,dct16,200000,11.43565,1599951,199993,872843,109105,52.737,0.99897,,0.02552,3686400,7.5
synthetic_panel,synthetic,1920,dct16,250000,6.44023,1999992,249999,1074624,134328,56.422,0.99958,,0.03003,3686400,10.7
synthetic_panel,synthetic,1920,dct16,300000,3.81452,2399991,299998,1273986,159248,60.782,0.99982,,0.03435,3686400,14.0
synthetic_panel,synthetic,1920,dct16,350000,2.37921,2799979,349997,1466860,183357,64.536,0.99992,,0.03852,3686400,17.3
synthetic_panel,synthetic,1920,dct16,400000,1.51038,3199941,399992,1676286,209536,67.753,0.99996,,0.04321,3686400,20.7
synthetic_panel,synthetic,1920,dct16,416667,1.30372,3333327,416665,1747012,218377,69.094,0.99997,68.386982,0.04479,3686400,23.9
synthetic_panel,synthetic,1920,dct16,450000,0.99815,3599884,449985,1882626,235328,71.17,0.99998,,0.04794,3686400,27.8
synthetic_panel,synthetic,1920,dct16,500000,0.68162,3999981,499997,2071884,258985,74.28,0.99999,,0.05209,3686400,31.2
synthetic_panel,synthetic,1920,dct16,550000,0.48256,4399961,549995,2250109,281264,76.872,0.99999,,0.05588,3686400,34.5
synthetic_panel,synthetic,1920,dct32,150000,46.77111,1199960,149995,419158,52395,41.722,0.98828,,0.01247,3686400,10.4
synthetic_panel,synthetic,1920,dct32,200000,27.97414,1599980,199997,575138,71892,45.323,0.99325,,0.01675,3686400,15.3
synthetic_panel,synthetic,1920,dct32,250000,17.8153,1999939,249992,739927,92491,48.526,0.99607,,0.0212,3686400,20.1
synthetic_panel,synthetic,1920,dct32,300000,11.45707,2399990,299998,922514,115314,51.697,0.99787,,0.02607,3686400,24.9
synthetic_panel,synthetic,1920,dct32,350000,7.69467,2799995,349999,1098881,137360,54.628,0.99884,,0.03063,3686400,29.7
synthetic_panel,synthetic,1920,dct32,400000,5.23834,3199946,399993,1280107,160013,57.466,0.99937,,0.0352,3686400,34.6
synthetic_panel,synthetic,1920,dct32,416667,4.66945,3333304,416663,1336286,167036,58.424,0.99947,60.180211,0.03659,3686400,39.4
synthetic_panel,synthetic,1920,dct32,450000,3.69178,3599986,449998,1454783,181848,60.13,0.99964,,0.03951,3686400,44.8
synthetic_panel,synthetic,1920,dct32,500000,2.62617,3999972,499996,1631547,203943,62.595,0.99979,,0.04383,3686400,49.7
synthetic_panel,synthetic,1920,dct32,550000,1.91842,4399987,549998,1806198,225775,65.034,0.99988,,0.04808,3686400,54.6
synthetic_panel,synthetic,2560,cdf97,150000,18.36664,1199945,149993,1519069,189884,49.683,0.99851,,0.0226,6553600,6.7
synthetic_panel,synthetic,2560,cdf97,200000,8.63911,1599883,199985,1938434,242304,55.124,0.99948,,0.02743,6553600,10.0
synthetic_panel,synthetic,2560,cdf97,250000,4.35056,1999695,249961,2337076,292134,60.112,0.99983,,0.03164,6553600,13.3
synthetic_panel,synthetic,2560,cdf97,300000,2.27566,2399997,299999,2719946,339993,65.157,0.99992,,0.03529,6553600,16.6
synthetic_panel,synthetic,2560,cdf97,350000,1.36957,2799728,349966,3077079,384635,68.892,0.99996,,0.03917,6553600,19.9
synthetic_panel,synthetic,2560,cdf97,400000,0.90193,3199946,399993,3521487,440186,72.263,0.99998,,0.04521,6553600,23.3
synthetic_panel,synthetic,2560,cdf97,416667,0.76991,3331264,416408,3687941,460993,73.668,0.99999,71.139241,0.04736,6553600,26.6
synthetic_panel,synthetic,2560,cdf97,450000,0.55601,3599963,449995,3938689,492336,76.501,0.99999,,0.04995,6553600,30.9
synthetic_panel,synthetic,2560,cdf97,500000,0.36582,3999961,499995,4281295,535162,79.658,1.0,,0.05314,6553600,34.2
synthetic_panel,synthetic,2560,cdf97,550000,0.23975,4394581,549322,4602397,575300,83.384,1.0,,0.05606,6553600,37.6
synthetic_panel,synthetic,2560,cdf53,150000,21.71222,1199965,149995,1610366,201296,47.398,0.99866,,0.02458,6553600,5.5
synthetic_panel,synthetic,2560,cdf53,200000,10.21889,1599920,199990,2032480,254060,53.24,0.99958,,0.02916,6553600,8.7
synthetic_panel,synthetic,2560,cdf53,250000,5.12242,1999817,249977,2415539,301942,59.01,0.99986,,0.03275,6553600,11.9
synthetic_panel,synthetic,2560,cdf53,300000,2.70677,2399995,299999,2765491,345686,63.868,0.99993,,0.03567,6553600,15.0
synthetic_panel,synthetic,2560,cdf53,350000,1.54557,2797303,349662,3105846,388231,67.798,0.99996,,0.0387,6553600,18.1
synthetic_panel,synthetic,2560,cdf53,400000,0.98058,3199885,399985,3545824,443228,71.645,0.99998,,0.04438,6553600,21.3
synthetic_panel,synthetic,2560,cdf53,416667,0.80786,3330303,416287,3634534,454317,73.715,0.99999,71.621409,0.0448,6553600,24.4
synthetic_panel,synthetic,2560,cdf53,450000,0.56912,3599965,449995,3879808,484976,76.973,1.0,,0.04706,6553600,28.6
synthetic_panel,synthetic,2560,cdf53,500000,0.34753,3999987,499998,4180946,522618,80.312,1.0,,0.04928,6553600,31.7
synthetic_panel,synthetic,2560,cdf53,550000,0.22076,4399971,549996,4400526,550066,84.234,1.0,,0.05023,6553600,34.8
synthetic_panel,synthetic,2560,haar,150000,22.01614,1199999,149999,1901177,237647,47.062,0.99932,,0.02904,6553600,4.4
synthetic_panel,synthetic,2560,haar,200000,9.33336,1599627,199953,2369918,296240,53.927,0.99977,,0.03319,6553600,7.3
synthetic_panel,synthetic,2560,haar,250000,4.15355,1999876,249984,2771579,346447,60.481,0.9999,,0.03598,6553600,10.2
synthetic_panel,synthetic,2560,haar,300000,2.00001,2399310,299913,3114667,389333,65.755,0.99995,,0.03789,6553600,13.1
synthetic_panel,synthetic,2560,haar,350000,1.15686,2799579,349947,3472505,434063,71.227,0.99999,,0.04129,6553600,16.0
synthetic_panel,synthetic,2560,haar,400000,0.6063,3199746,399968,3751500,468937,77.078,1.0,,0.04228,6553600,19.1
synthetic_panel,synthetic,2560,haar,416667,0.49853,3325790,415723,3839221,479903,79.303,1.0,73.30033,0.04241,6553600,22.1
synthetic_panel,synthetic,2560,haar,450000,0.31746,3599045,449880,3924529,490566,82.545,1.0,,0.04316,6553600,26.2
synthetic_panel,synthetic,2560,haar,500000,0.17889,3999888,499986,3970750,496344,87.085,1.0,,0.04334,6553600,29.2
synthetic_panel,synthetic,2560,haar,550000,0.10557,4399564,549945,4022857,502857,91.627,1.0,,0.04396,6553600,32.2
synthetic_panel,synthetic,2560,db2,150000,25.69344,1199975,149996,1680927,210116,46.291,0.99822,,0.02595,6553600,10.2
synthetic_panel,synthetic,2560,db2,200000,12.33335,1599991,199998,2113508,264189,51.846,0.99948,,0.03064,6553600,13.5
synthetic_panel,synthetic,2560,db2,250000,6.21653,1999972,249996,2504053,313007,57.626,0.99983,,0.03419,6553600,16.7
synthetic_panel,synthetic,2560,db2,300000,3.2801,2399995,299999,2850408,356301,62.668,0.99992,,0.03686,6553600,20.0
synthetic_panel,synthetic,2560,db2,350000,1.80775,2799960,349995,3190321,398790,66.999,0.99996,,0.03943,6553600,23.4
synthetic_panel,synthetic,2560,db2,400000,1.09982,3199998,399999,3562894,445362,71.096,0.99998,,0.04328,6553600,26.7
synthetic_panel,synthetic,2560,db2,416667,0.97698,3333141,416642,3714984,464373,72.033,0.99998,70.908246,0.04546,6553600,30.0
synthetic_panel,synthetic,2560,db2,450000,0.67038,3599990,449998,3971145,496393,75.192,0.99999,,0.04776,6553600,34.3
synthetic_panel,synthetic,2560,db2,500000,0.42123,3999893,499986,4239733,529967,79.049,1.0,,0.04937,6553600,37.5
synthetic_panel,synthetic,2560,db2,550000,0.25859,4399760,549970,4607483,575935,83.513,1.0,,0.0527,6553600,40.7
synthetic_panel,synthetic,2560,db4,150000,20.82333,1199957,149994,1619011,202376,47.647,0.99743,,0.02458,6553600,15.3
synthetic_panel,synthetic,2560,db4,200000,9.89358,1599961,199995,2048509,256064,53.858,0.99914,,0.02941,6553600,18.8
synthetic_panel,synthetic,2560,db4,250000,4.92756,1999968,249996,2450084,306260,59.188,0.99975,,0.03316,6553600,22.3
synthetic_panel,synthetic,2560,db4,300000,2.61535,2399965,299995,2822116,352765,64.179,0.9999,,0.03649,6553600,25.7
synthetic_panel,synthetic,2560,db4,350000,1.54891,2799940,349992,3179396,397425,67.995,0.99995,,0.04004,6553600,29.2
synthetic_panel,synthetic,2560,db4,400000,1.00052,3200000,400000,3574620,446827,71.445,0.99998,,0.0448,6553600,32.7
synthetic_panel,synthetic,2560,db4,416667,0.85895,3333309,416663,3701680,462710,72.644,0.99998,70.532156,0.04622,6553600,36.4
synthetic_panel,synthetic,2560,db4,450000,0.61229,3599552,449944,3996955,499619,74.873,0.99999,,0.04939,6553600,41.1
synthetic_panel,synthetic,2560,db4,500000,0.42301,3999975,499996,4405206,550651,78.246,0.99999,,0.05466,6553600,44.7
synthetic_panel,synthetic,2560,db4,550000,0.27793,4399975,549996,4834101,604263,81.822,1.0,,0.06003,6553600,48.3
synthetic_panel,synthetic,2560,lap,150000,65.38897,1200000,150000,2557887,319736,34.068,0.98281,,0.03707,8736000,5.5
synthetic_panel,synthetic,2560,lap,200000,36.42861,1594791,199348,3277887,409736,37.745,0.98975,,0.04517,8736000,9.2
synthetic_panel,synthetic,2560,lap,250000,24.75003,1999734,249966,3802397,475300,41.746,0.99244,,0.04936,8736000,12.9
synthetic_panel,synthetic,2560,lap,300000,16.7969,2397432,299679,4362141,545268,44.836,0.99567,,0.05358,8736000,16.6
synthetic_panel,synthetic,2560,lap,350000,11.48384,2799984,349998,4856024,607003,48.076,0.99781,,0.05762,8736000,20.3
synthetic_panel,synthetic,2560,lap,400000,8.04278,3199987,399998,5326448,665806,51.46,0.99876,,0.06098,8736000,24.0
synthetic_panel,synthetic,2560,lap,416667,7.14847,3333326,416665,5476865,684608,52.368,0.99883,51.93962,0.06197,8736000,27.6
synthetic_panel,synthetic,2560,lap,450000,5.59896,3590794,448849,5766907,720863,54.102,0.99933,,0.06365,8736000,32.4
synthetic_panel,synthetic,2560,lap,500000,3.98385,3999891,499986,6154475,769309,57.591,0.99957,,0.06564,8736000,36.1
synthetic_panel,synthetic,2560,lap,550000,2.79049,4399953,549994,6572082,821510,60.267,0.99979,,0.06767,8736000,39.8
synthetic_panel,synthetic,2560,wht8,150000,52.00006,1199408,149926,1054296,131787,40.249,0.99641,,0.02935,6553600,3.8
synthetic_panel,synthetic,2560,wht8,200000,26.07146,1599740,199967,1441862,180233,44.61,0.99874,,0.03431,6553600,6.8
synthetic_panel,synthetic,2560,wht8,250000,14.14289,1999795,249974,1791285,223911,48.659,0.99951,,0.03829,6553600,9.9
synthetic_panel,synthetic,2560,wht8,300000,8.00001,2396063,299507,2107685,263461,55.45,0.99979,,0.04142,6553600,12.9
synthetic_panel,synthetic,2560,wht8,350000,4.34677,2799820,349977,2455762,306970,58.349,0.99991,,0.04475,6553600,16.0
synthetic_panel,synthetic,2560,wht8,400000,2.50981,3139273,392409,2744456,343057,61.863,0.99995,,0.047,6553600,19.0
synthetic_panel,synthetic,2560,wht8,416667,2.04762,3333130,416641,2846239,355780,65.306,0.99996,67.065791,0.0477,6553600,22.1
synthetic_panel,synthetic,2560,wht8,450000,1.46429,3599854,449981,3096414,387052,66.822,0.99998,,0.05049,6553600,26.2
synthetic_panel,synthetic,2560,wht8,500000,0.95088,3999962,499995,3324402,415550,70.607,1.0,,0.05218,6553600,29.2
synthetic_panel,synthetic,2560,wht8,550000,0.57059,4399844,549980,3546400,443300,76.998,1.0,,0.05313,6553600,32.2
synthetic_panel,synthetic,2560,wht16,150000,50.37505,1199285,149910,898780,112347,40.876,0.99743,,0.01661,6553600,7.5
synthetic_panel,synthetic,2560,wht16,200000,27.35716,1599981,199997,1233227,154153,45.065,0.99894,,0.02116,6553600,12.7
synthetic_panel,synthetic,2560,wht16,250000,15.57143,1999952,249994,1565497,195687,50.249,0.99958,,0.02542,6553600,18.1
synthetic_panel,synthetic,2560,wht16,300000,8.58243,2399941,299992,1921359,240170,54.067,0.9998,,0.02962,6553600,23.4
synthetic_panel,synthetic,2560,wht16,350000,5.02745,2799882,349985,2238428,279804,58.785,0.99991,,0.03302,6553600,28.9
synthetic_panel,synthetic,2560,wht16,400000,3.17323,3199897,399987,2525379,315672,62.553,0.99996,,0.03604,6553600,34.3
synthetic_panel,synthetic,2560,wht16,416667,2.62501,3333175,416646,2628615,328577,64.305,0.99997,66.912737,0.03697,6553600,39.9
synthetic_panel,synthetic,2560,wht16,450000,2.0,3587891,448486,2779004,347375,66.666,0.99998,,0.03829,6553600,46.4
synthetic_panel,synthetic,2560,wht16,500000,1.21429,3999977,499997,3094416,386802,70.792,0.99999,,0.04147,6553600,52.0
synthetic_panel,synthetic,2560,wht16,550000,0.76273,4399796,549974,3327158,415895,74.77,1.0,,0.04317,6553600,57.4
synthetic_panel,synthetic,2560,wht32,150000,117.50023,1181877,147734,455548,56943,35.594,0.99173,,0.00769,6553600,37.4
synthetic_panel,synthetic,2560,wht32,200000,71.42859,1598880,199860,667608,83451,38.593,0.99519,,0.0109,6553600,82.8
synthetic_panel,synthetic,2560,wht32,250000,47.33338,1999963,249995,921612,115201,41.659,0.99703,,0.01499,6553600,132.8
synthetic_panel,synthetic,2560,wht32,300000,32.63509,2399953,299994,1138750,142344,44.273,0.99838,,0.01814,6553600,182.0
synthetic_panel,synthetic,2560,wht32,350000,22.11612,2799972,349996,1388435,173554,46.935,0.99883,,0.02174,6553600,228.9
synthetic_panel,synthetic,2560,wht32,400000,16.27905,3199967,399995,1597126,199641,49.266,0.99933,,0.02457,6553600,275.5
synthetic_panel,synthetic,2560,wht32,416667,14.45834,3333211,416651,1682819,210352,50.09,0.99938,56.884906,0.02577,6553600,324.1
synthetic_panel,synthetic,2560,wht32,450000,11.32918,3599952,449994,1853192,231649,52.239,0.99956,,0.02801,6553600,372.7
synthetic_panel,synthetic,2560,wht32,500000,8.25606,3999998,499999,2073563,259195,54.8,0.99974,,0.0308,6553600,420.3
synthetic_panel,synthetic,2560,wht32,550000,6.16937,4394202,549275,2276141,284518,56.791,0.99982,,0.03327,6553600,468.6
synthetic_panel,synthetic,2560,wht64,150000,202.71884,1199842,149980,308725,38591,31.314,0.98169,,0.00507,6553600,65.3
synthetic_panel,synthetic,2560,wht64,200000,137.65625,1599846,199980,460620,57577,33.677,0.98703,,0.00757,6553600,89.3
synthetic_panel,synthetic,2560,wht64,250000,102.08504,1999966,249995,603831,75479,35.61,0.99007,,0.00993,6553600,113.0
synthetic_panel,synthetic,2560,wht64,300000,74.24112,2399891,299986,765989,95749,37.488,0.99214,,0.0125,6553600,137.3
synthetic_panel,synthetic,2560,wht64,350000,58.34385,2799447,349930,950236,118780,39.262,0.99349,,0.01571,6553600,160.9
synthetic_panel,synthetic,2560,wht64,400000,44.0,3199978,399997,1126697,140837,41.306,0.99508,,0.01848,6553600,184.8
synthetic_panel,synthetic,2560,wht64,416667,41.42709,3333253,416656,1165768,145721,41.759,0.99562,46.760914,0.01905,6553600,208.9
synthetic_panel,synthetic,2560,wht64,450000,35.34378,3599986,449998,1278632,159829,42.813,0.99623,,0.02082,6553600,233.7
synthetic_panel,synthetic,2560,wht64,500000,27.45836,3999885,499985,1467351,183419,44.803,0.99718,,0.02378,6553600,258.0
synthetic_panel,synthetic,2560,wht64,550000,21.69793,4399978,549997,1639758,204970,46.446,0.99779,,0.02635,6553600,281.6
synthetic_panel,synthetic,2560,dct8,150000,42.66668,1176779,147097,856443,107055,38.739,0.99426,,0.02587,6553600,3.9
synthetic_panel,synthetic,2560,dct8,200000,20.74741,1596888,199611,1137093,142137,45.578,0.99837,,0.0292,6553600,6.8
synthetic_panel,synthetic,2560,dct8,250000,11.29449,1999951,249993,1403852,175482,51.566,0.99949,,0.03225,6553600,9.7
synthetic_panel,synthetic,2560,dct8,300000,6.64406,2399956,299994,1661820,207727,57.299,0.99978,,0.03527,6553600,12.6
synthetic_panel,synthetic,2560,dct8,350000,3.98828,2798657,349832,1911953,238994,60.823,0.99991,,0.03797,6553600,15.6
synthetic_panel,synthetic,2560,dct8,400000,2.50981,3120278,390034,2159571,269946,62.093,0.99995,,0.04059,6553600,18.7
synthetic_panel,synthetic,2560,dct8,416667,2.09708,3333287,416660,2251991,281499,64.464,0.99996,66.894037,0.04152,6553600,21.7
synthetic_panel,synthetic,2560,dct8,450000,1.49634,3599948,449993,2457957,307245,69.051,0.99998,,0.04385,6553600,25.8
synthetic_panel,synthetic,2560,dct8,500000,0.99887,3999958,499994,2721377,340172,70.909,0.99999,,0.04688,6553600,28.9
synthetic_panel,synthetic,2560,dct8,550000,0.62561,4394010,549251,3033311,379164,73.741,1.0,,0.05036,6553600,31.9
synthetic_panel,synthetic,2560,dct16,150000,35.41762,1199499,149937,746287,93286,45.568,0.99558,,0.01411,6553600,7.4
synthetic_panel,synthetic,2560,dct16,200000,19.69393,1599798,199974,989149,123644,48.233,0.99793,,0.01738,6553600,12.7
synthetic_panel,synthetic,2560,dct16,250000,11.49032,1999528,249941,1238860,154857,53.407,0.99912,,0.02057,6553600,18.1
synthetic_panel,synthetic,2560,dct16,300000,7.22028,2399451,299931,1461907,182738,56.711,0.9996,,0.02328,6553600,23.4
synthetic_panel,synthetic,2560,dct16,350000,4.667,2799813,349976,1684535,210567,60.677,0.99981,,0.0259,6553600,28.8
synthetic_panel,synthetic,2560,dct16,400000,3.08118,3199990,399998,1904871,238109,63.547,0.99991,,0.02848,6553600,34.2
synthetic_panel,synthetic,2560,dct16,416667,2.68774,3333278,416659,1980479,247560,64.843,0.99992,65.990612,0.02935,6553600,39.5
synthetic_panel,synthetic,2560,dct16,450000,2.10906,3599996,449999,2119143,264893,65.914,0.99995,,0.03097,6553600,46.1
synthetic_panel,synthetic,2560,dct16,500000,1.47436,3999939,499992,2333751,291719,69.412,0.99998,,0.03349,6553600,51.6
synthetic_panel,synthetic,2560,dct16,550000,1.04956,4400000,550000,2568582,321073,71.886,0.99999,,0.03638,6553600,57.1
synthetic_panel,synthetic,2560,dct32,150000,59.91527,1199970,149996,468439,58555,41.555,0.98948,,0.00793,6553600,34.4
synthetic_panel,synthetic,2560,dct32,200000,38.46059,1599910,199988,624725,78091,44.684,0.99346,,0.01025,6553600,78.5
synthetic_panel,synthetic,2560,dct32,250000,25.84657,1999992,249999,796756,99594,47.094,0.99562,,0.01278,6553600,123.9
synthetic_panel,synthetic,2560,dct32,300000,18.23955,2399943,299992,971008,121376,49.971,0.99719,,0.01532,6553600,170.4
synthetic_panel,synthetic,2560,dct32,350000,13.42839,2799952,349994,1136495,142062,52.104,0.99816,,0.01769,6553600,218.5
synthetic_panel,synthetic,2560,dct32,400000,10.03922,3198624,399828,1305058,163132,54.074,0.99882,,0.02006,6553600,265.5
synthetic_panel,synthetic,2560,dct32,416667,9.17712,3333312,416664,1359392,169924,54.757,0.99896,57.228365,0.02082,6553600,310.3
synthetic_panel,synthetic,2560,dct32,450000,7.62733,3599869,449983,1471472,183934,56.413,0.99922,,0.02235,6553600,358.9
synthetic_panel,synthetic,2560,dct32,500000,5.84911,3999968,499996,1641662,205208,58.4,0.99949,,0.02466,6553600,402.6
synthetic_panel,synthetic,2560,dct32,550000,4.53393,4399998,549999,1804210,225526,60.263,0.99967,,0.0268,6553600,452.2
