class,clip,frame,wavelet,cap_bytes,actual_bytes,mbps_90hz,psnr_y,psnr_hvs,ssim,vmaf,encode_s,decode_s
X_other,X_other-01-20260923-190105,0,97,150000,149876,108.0,47.9,48.818833,0.992833,95.750245,0.298,0.279
X_other,X_other-01-20260923-190105,0,haar,150000,149980,108.0,46.4,47.273349,0.990558,91.845381,0.269,0.271
X_other,X_other-01-20260923-190105,0,97,200000,199988,144.0,49.3,49.884991,0.994258,96.232653,0.269,0.282
X_other,X_other-01-20260923-190105,0,haar,200000,199920,144.0,48.21,48.646093,0.992641,94.454853,0.272,0.266
X_other,X_other-01-20260923-190105,0,97,250000,249972,180.0,50.51,50.739289,0.99509,96.528337,0.27,0.272
X_other,X_other-01-20260923-190105,0,haar,250000,249868,180.0,49.12,49.242751,0.993642,95.271948,0.27,0.288
X_other,X_other-01-20260923-190105,0,97,300000,299960,216.0,52.53,51.517425,0.995891,96.837078,0.293,0.288
X_other,X_other-01-20260923-190105,0,haar,300000,299952,216.0,50.45,49.992787,0.994518,95.78896,0.288,0.268
X_other,X_other-01-20260923-190105,0,97,350000,349928,252.0,54.65,52.190966,0.996572,96.991209,0.27,0.268
X_other,X_other-01-20260923-190105,0,haar,350000,349904,252.0,52.14,50.60556,0.995335,96.382349,0.295,0.282
X_other,X_other-01-20260923-190105,0,97,416667,416540,300.0,56.09,53.013625,0.997064,97.124001,0.268,0.269
X_other,X_other-01-20260923-190105,0,haar,416667,416612,300.0,53.39,51.218547,0.995986,96.677188,0.268,0.27
X_other,X_other-01-20260923-190105,0,97,500000,499868,360.0,57.76,54.166069,0.997477,97.221125,0.27,0.273
X_other,X_other-01-20260923-190105,0,haar,500000,499960,360.0,54.88,52.15814,0.996527,96.832938,0.268,0.27
X_other,X_other-01-20260923-190105,0,97,600000,599900,432.0,61.66,55.590704,0.997973,97.385497,0.271,0.275
X_other,X_other-01-20260923-190105,0,haar,600000,599940,432.0,57.55,53.27532,0.997252,97.239584,0.27,0.274
X_other,X_other-01-20260923-190105,0,97,700000,699992,504.0,63.87,56.65193,0.998206,97.427121,0.274,0.272
X_other,X_other-01-20260923-190105,0,haar,700000,699952,504.0,60.65,54.689063,0.997843,97.367907,0.269,0.274
X_other,X_other-01-20260923-190105,0,97,800000,701152,576.0,63.87,56.662847,0.998209,97.427121,0.266,0.267
X_other,X_other-01-20260923-190105,0,haar,800000,731244,576.0,60.73,54.839574,0.997924,97.370069,0.275,0.269
X_other,X_other-01-20260923-190105,0,97,1000000,701152,720.0,63.87,56.662847,0.998209,97.427121,0.275,0.269
X_other,X_other-01-20260923-190105,0,haar,1000000,731244,720.0,60.73,54.839574,0.997924,97.370069,0.271,0.269
X_other,X_other-01-20260923-190105,10,97,150000,149852,108.0,48.05,48.869123,0.992933,95.855097,0.272,0.27
X_other,X_other-01-20260923-190105,10,haar,150000,149880,108.0,46.4,47.254777,0.990558,91.915935,0.269,0.279
X_other,X_other-01-20260923-190105,10,97,200000,199992,144.0,49.4,49.942112,0.994309,96.28924,0.269,0.27
X_other,X_other-01-20260923-190105,10,haar,200000,199932,144.0,47.85,48.449532,0.992338,94.156788,0.267,0.276
X_other,X_other-01-20260923-190105,10,97,250000,249976,180.0,50.23,50.641665,0.995023,96.564252,0.269,0.272
X_other,X_other-01-20260923-190105,10,haar,250000,249964,180.0,49.0,49.171921,0.993471,95.16447,0.271,0.277
X_other,X_other-01-20260923-190105,10,97,300000,299896,216.0,52.55,51.497425,0.995892,96.8308,0.272,0.276
X_other,X_other-01-20260923-190105,10,haar,300000,299960,216.0,50.13,49.879484,0.994414,95.705151,0.274,0.271
X_other,X_other-01-20260923-190105,10,97,350000,349928,252.0,54.67,52.195828,0.996557,97.013543,0.277,0.283
X_other,X_other-01-20260923-190105,10,haar,350000,349964,252.0,52.05,50.547401,0.995319,96.330685,0.273,0.293
X_other,X_other-01-20260923-190105,10,97,416667,416636,300.0,56.08,53.032418,0.997052,97.103019,0.271,0.274
X_other,X_other-01-20260923-190105,10,haar,416667,416520,300.0,53.42,51.208101,0.996025,96.642206,0.269,0.275
X_other,X_other-01-20260923-190105,10,97,500000,499892,360.0,57.81,54.154448,0.997482,97.23229,0.272,0.268
X_other,X_other-01-20260923-190105,10,haar,500000,499992,360.0,54.9,52.141394,0.996586,96.811915,0.269,0.269
X_other,X_other-01-20260923-190105,10,97,600000,599876,432.0,61.63,55.560554,0.997967,97.390688,0.27,0.269
X_other,X_other-01-20260923-190105,10,haar,600000,600000,432.0,57.54,53.28176,0.99727,97.236658,0.269,0.271
X_other,X_other-01-20260923-190105,10,97,700000,699996,504.0,63.84,56.617415,0.998207,97.411361,0.268,0.269
X_other,X_other-01-20260923-190105,10,haar,700000,699996,504.0,60.68,54.682211,0.99785,97.375017,0.274,0.267
X_other,X_other-01-20260923-190105,10,97,800000,701496,576.0,63.84,56.629418,0.998211,97.411361,0.273,0.269
X_other,X_other-01-20260923-190105,10,haar,800000,731364,576.0,60.76,54.833662,0.997934,97.378535,0.268,0.27
X_other,X_other-01-20260923-190105,10,97,1000000,701496,720.0,63.84,56.629418,0.998211,97.411361,0.27,0.274
X_other,X_other-01-20260923-190105,10,haar,1000000,731364,720.0,60.76,54.833662,0.997934,97.378535,0.269,0.272
X_other,X_other-01-20260923-190105,20,97,150000,150000,108.0,48.0,48.819379,0.992853,95.807965,0.275,0.267
X_other,X_other-01-20260923-190105,20,haar,150000,149968,108.0,46.37,47.22101,0.990561,91.941692,0.268,0.272
X_other,X_other-01-20260923-190105,20,97,200000,199940,144.0,49.44,49.950298,0.994315,96.331452,0.269,0.27
X_other,X_other-01-20260923-190105,20,haar,200000,199936,144.0,47.95,48.505631,0.99243,94.060361,0.282,0.3
X_other,X_other-01-20260923-190105,20,97,250000,249960,180.0,50.46,50.768443,0.995066,96.571707,0.271,0.268
X_other,X_other-01-20260923-190105,20,haar,250000,249920,180.0,49.21,49.293295,0.993648,95.153182,0.274,0.272
X_other,X_other-01-20260923-190105,20,97,300000,299976,216.0,52.51,51.488947,0.995855,96.846553,0.268,0.278
X_other,X_other-01-20260923-190105,20,haar,300000,299884,216.0,50.09,49.85533,0.994384,95.676055,0.268,0.267
X_other,X_other-01-20260923-190105,20,97,350000,349936,252.0,54.61,52.165262,0.996533,97.006018,0.271,0.271
X_other,X_other-01-20260923-190105,20,haar,350000,349984,252.0,52.01,50.539482,0.995302,96.333503,0.269,0.27
X_other,X_other-01-20260923-190105,20,97,416667,416568,300.0,56.08,53.008003,0.99704,97.168709,0.269,0.275
X_other,X_other-01-20260923-190105,20,haar,416667,416504,300.0,53.38,51.2389,0.995999,96.672816,0.269,0.278
X_other,X_other-01-20260923-190105,20,97,500000,499988,360.0,57.87,54.145232,0.997479,97.247131,0.268,0.277
X_other,X_other-01-20260923-190105,20,haar,500000,499976,360.0,54.83,52.194205,0.996608,96.827219,0.27,0.268
X_other,X_other-01-20260923-190105,20,97,600000,599924,432.0,61.68,55.546745,0.997961,97.387518,0.269,0.267
X_other,X_other-01-20260923-190105,20,haar,600000,599992,432.0,57.46,53.337966,0.997287,97.251445,0.276,0.27
X_other,X_other-01-20260923-190105,20,97,700000,699996,504.0,63.82,56.598204,0.998201,97.410117,0.274,0.267
X_other,X_other-01-20260923-190105,20,haar,700000,699968,504.0,60.72,54.745997,0.997852,97.389607,0.27,0.271
X_other,X_other-01-20260923-190105,20,97,800000,701576,576.0,63.82,56.612306,0.998205,97.410117,0.271,0.273
X_other,X_other-01-20260923-190105,20,haar,800000,731724,576.0,60.8,54.897425,0.997938,97.391484,0.276,0.274
X_other,X_other-01-20260923-190105,20,97,1000000,701576,720.0,63.82,56.612306,0.998205,97.410117,0.27,0.272
X_other,X_other-01-20260923-190105,20,haar,1000000,731724,720.0,60.8,54.897425,0.997938,97.391484,0.272,0.272
X_other,X_other-01-20260923-190105,30,97,150000,149976,108.0,48.01,48.857568,0.992865,95.733781,0.301,0.297
X_other,X_other-01-20260923-190105,30,haar,150000,149900,108.0,46.33,47.252025,0.990663,91.775387,0.274,0.273
X_other,X_other-01-20260923-190105,30,97,200000,199908,144.0,49.43,49.98638,0.994324,96.290329,0.266,0.268
X_other,X_other-01-20260923-190105,30,haar,200000,199916,144.0,47.82,48.38447,0.992488,93.937816,0.27,0.27
X_other,X_other-01-20260923-190105,30,97,250000,249996,180.0,50.73,50.851951,0.99517,96.561071,0.27,0.271
X_other,X_other-01-20260923-190105,30,haar,250000,249872,180.0,49.25,49.289127,0.993692,95.100656,0.268,0.278
X_other,X_other-01-20260923-190105,30,97,300000,299920,216.0,52.58,51.532993,0.995897,96.842445,0.277,0.268
X_other,X_other-01-20260923-190105,30,haar,300000,299924,216.0,50.08,49.83157,0.994463,95.709306,0.277,0.269
X_other,X_other-01-20260923-190105,30,97,350000,349996,252.0,54.66,52.193056,0.996559,96.998506,0.27,0.269
X_other,X_other-01-20260923-190105,30,haar,350000,349968,252.0,52.05,50.540051,0.995345,96.388273,0.27,0.27
X_other,X_other-01-20260923-190105,30,97,416667,416552,300.0,56.09,53.02434,0.997065,97.108252,0.268,0.268
X_other,X_other-01-20260923-190105,30,haar,416667,416620,300.0,53.41,51.222915,0.996028,96.683913,0.272,0.267
X_other,X_other-01-20260923-190105,30,97,500000,499968,360.0,57.9,54.140623,0.997494,97.240989,0.267,0.268
X_other,X_other-01-20260923-190105,30,haar,500000,499996,360.0,54.85,52.176273,0.996613,96.844398,0.269,0.266
X_other,X_other-01-20260923-190105,30,97,600000,599972,432.0,61.71,55.57617,0.997971,97.389944,0.274,0.268
X_other,X_other-01-20260923-190105,30,haar,600000,599964,432.0,57.62,53.306165,0.997308,97.245934,0.269,0.274
X_other,X_other-01-20260923-190105,30,97,700000,699900,504.0,63.75,56.610332,0.998207,97.409955,0.27,0.271
X_other,X_other-01-20260923-190105,30,haar,700000,699988,504.0,60.69,54.717294,0.997859,97.379149,0.272,0.272
X_other,X_other-01-20260923-190105,30,97,800000,699900,576.0,63.75,56.610332,0.998207,97.409955,0.269,0.27
X_other,X_other-01-20260923-190105,30,haar,800000,730972,576.0,60.79,54.877877,0.99794,97.381844,0.287,0.296
X_other,X_other-01-20260923-190105,30,97,1000000,699900,720.0,63.75,56.610332,0.998207,97.409955,0.271,0.274
X_other,X_other-01-20260923-190105,30,haar,1000000,730972,720.0,60.79,54.877877,0.99794,97.381844,0.269,0.275
X_other,X_other-01-20260923-190105,40,97,150000,149940,108.0,47.92,48.821432,0.992822,95.778569,0.274,0.272
X_other,X_other-01-20260923-190105,40,haar,150000,149968,108.0,46.35,47.223726,0.990463,92.129636,0.272,0.277
X_other,X_other-01-20260923-190105,40,97,200000,199972,144.0,49.43,49.96476,0.994303,96.269249,0.271,0.268
X_other,X_other-01-20260923-190105,40,haar,200000,199948,144.0,47.78,48.410143,0.99236,94.010801,0.269,0.273
X_other,X_other-01-20260923-190105,40,97,250000,249928,180.0,50.22,50.664346,0.994999,96.544976,0.275,0.27
X_other,X_other-01-20260923-190105,40,haar,250000,249972,180.0,49.11,49.270377,0.993545,95.17607,0.268,0.274
X_other,X_other-01-20260923-190105,40,97,300000,299956,216.0,52.53,51.543435,0.995869,96.857567,0.271,0.27
X_other,X_other-01-20260923-190105,40,haar,300000,299884,216.0,50.21,49.92391,0.994449,95.765791,0.273,0.276
X_other,X_other-01-20260923-190105,40,97,350000,349976,252.0,54.67,52.195215,0.996539,97.047176,0.271,0.275
X_other,X_other-01-20260923-190105,40,haar,350000,349992,252.0,52.08,50.569962,0.99531,96.391746,0.271,0.271
X_other,X_other-01-20260923-190105,40,97,416667,416648,300.0,56.11,53.022218,0.997048,97.162571,0.274,0.278
X_other,X_other-01-20260923-190105,40,haar,416667,416612,300.0,53.4,51.226042,0.995997,96.656668,0.269,0.278
X_other,X_other-01-20260923-190105,40,97,500000,499988,360.0,57.87,54.155302,0.997489,97.264404,0.275,0.268
X_other,X_other-01-20260923-190105,40,haar,500000,499932,360.0,54.84,52.15368,0.996529,96.826775,0.268,0.271
X_other,X_other-01-20260923-190105,40,97,600000,599872,432.0,61.72,55.551029,0.997967,97.418319,0.268,0.275
X_other,X_other-01-20260923-190105,40,haar,600000,599892,432.0,57.57,53.280528,0.997265,97.266131,0.267,0.274
X_other,X_other-01-20260923-190105,40,97,700000,699704,504.0,63.82,56.633675,0.998204,97.432617,0.274,0.274
X_other,X_other-01-20260923-190105,40,haar,700000,699976,504.0,60.62,54.65461,0.997849,97.385666,0.271,0.268
X_other,X_other-01-20260923-190105,40,97,800000,699704,576.0,63.82,56.633675,0.998204,97.432617,0.267,0.293
X_other,X_other-01-20260923-190105,40,haar,800000,730492,576.0,60.71,54.81463,0.99793,97.387822,0.269,0.268
X_other,X_other-01-20260923-190105,40,97,1000000,699704,720.0,63.82,56.633675,0.998204,97.432617,0.27,0.274
X_other,X_other-01-20260923-190105,40,haar,1000000,730492,720.0,60.71,54.81463,0.99793,97.387822,0.272,0.267
X_other,X_other-01-20260923-190105,50,97,150000,149892,108.0,48.0,48.826216,0.99285,95.824419,0.278,0.274
X_other,X_other-01-20260923-190105,50,haar,150000,149988,108.0,46.4,47.262153,0.990574,91.846723,0.272,0.273
X_other,X_other-01-20260923-190105,50,97,200000,199908,144.0,49.4,49.923116,0.994243,96.314734,0.278,0.264
X_other,X_other-01-20260923-190105,50,haar,200000,199964,144.0,47.91,48.494478,0.99251,93.89974,0.268,0.27
X_other,X_other-01-20260923-190105,50,97,250000,249972,180.0,50.55,50.770439,0.995125,96.58503,0.267,0.273
X_other,X_other-01-20260923-190105,50,haar,250000,249944,180.0,48.95,49.16357,0.99349,94.978101,0.265,0.268
X_other,X_other-01-20260923-190105,50,97,300000,299928,216.0,52.56,51.516411,0.995901,96.860974,0.271,0.269
X_other,X_other-01-20260923-190105,50,haar,300000,299948,216.0,50.11,49.901001,0.99443,95.651579,0.276,0.269
X_other,X_other-01-20260923-190105,50,97,350000,349980,252.0,54.71,52.201155,0.996554,97.04908,0.273,0.27
X_other,X_other-01-20260923-190105,50,haar,350000,349972,252.0,52.12,50.574504,0.995315,96.363851,0.267,0.269
X_other,X_other-01-20260923-190105,50,97,416667,416612,300.0,56.08,53.02784,0.997054,97.172281,0.269,0.27
X_other,X_other-01-20260923-190105,50,haar,416667,416656,300.0,53.37,51.231869,0.996002,96.594765,0.274,0.275
X_other,X_other-01-20260923-190105,50,97,500000,499884,360.0,57.84,54.138341,0.997484,97.280768,0.269,0.271
X_other,X_other-01-20260923-190105,50,haar,500000,499980,360.0,54.82,52.15471,0.996552,96.826406,0.272,0.27
X_other,X_other-01-20260923-190105,50,97,600000,599948,432.0,61.62,55.552549,0.997965,97.399848,0.277,0.269
X_other,X_other-01-20260923-190105,50,haar,600000,599932,432.0,57.63,53.29479,0.997272,97.232234,0.27,0.269
X_other,X_other-01-20260923-190105,50,97,700000,699992,504.0,63.75,56.603516,0.998199,97.409648,0.27,0.273
X_other,X_other-01-20260923-190105,50,haar,700000,699996,504.0,60.63,54.672123,0.997854,97.369893,0.271,0.266
X_other,X_other-01-20260923-190105,50,97,800000,700568,576.0,63.75,56.607814,0.998199,97.409648,0.269,0.271
X_other,X_other-01-20260923-190105,50,haar,800000,730228,576.0,60.72,54.827458,0.997932,97.371383,0.268,0.269
X_other,X_other-01-20260923-190105,50,97,1000000,700568,720.0,63.75,56.607814,0.998199,97.409648,0.275,0.27
X_other,X_other-01-20260923-190105,50,haar,1000000,730228,720.0,60.72,54.827458,0.997932,97.371383,0.267,0.271
X_other,X_other-01-20260923-190105,60,97,150000,149908,108.0,47.89,48.776683,0.992844,95.776269,0.269,0.271
X_other,X_other-01-20260923-190105,60,haar,150000,149892,108.0,46.38,47.252629,0.990481,91.824475,0.27,0.274
X_other,X_other-01-20260923-190105,60,97,200000,199960,144.0,49.35,49.881454,0.99429,96.259351,0.276,0.269
X_other,X_other-01-20260923-190105,60,haar,200000,199976,144.0,47.97,48.544871,0.992506,93.914846,0.267,0.271
X_other,X_other-01-20260923-190105,60,97,250000,249984,180.0,50.47,50.716076,0.995118,96.573878,0.269,0.266
X_other,X_other-01-20260923-190105,60,haar,250000,249876,180.0,49.19,49.37433,0.9936,95.130483,0.268,0.274
X_other,X_other-01-20260923-190105,60,97,300000,300000,216.0,52.54,51.493772,0.995913,96.827745,0.27,0.271
X_other,X_other-01-20260923-190105,60,haar,300000,300000,216.0,50.23,49.983437,0.994493,95.716505,0.267,0.267
X_other,X_other-01-20260923-190105,60,97,350000,349960,252.0,54.66,52.180124,0.996556,97.014637,0.268,0.268
X_other,X_other-01-20260923-190105,60,haar,350000,350000,252.0,52.13,50.633426,0.995343,96.329072,0.271,0.275
X_other,X_other-01-20260923-190105,60,97,416667,416584,300.0,56.05,53.024617,0.997062,97.114868,0.269,0.278
X_other,X_other-01-20260923-190105,60,haar,416667,416604,300.0,53.36,51.237268,0.996013,96.609705,0.267,0.277
X_other,X_other-01-20260923-190105,60,97,500000,500000,360.0,57.78,54.138254,0.997495,97.246184,0.271,0.27
X_other,X_other-01-20260923-190105,60,haar,500000,499924,360.0,54.89,52.196234,0.996612,96.845791,0.27,0.273
X_other,X_other-01-20260923-190105,60,97,600000,599996,432.0,61.64,55.532924,0.997976,97.394237,0.269,0.267
X_other,X_other-01-20260923-190105,60,haar,600000,599920,432.0,57.6,53.287567,0.997287,97.283134,0.272,0.27
X_other,X_other-01-20260923-190105,60,97,700000,699944,504.0,63.76,56.610248,0.998209,97.418792,0.273,0.272
X_other,X_other-01-20260923-190105,60,haar,700000,699940,504.0,60.61,54.647911,0.997858,97.397651,0.295,0.299
X_other,X_other-01-20260923-190105,60,97,800000,700904,576.0,63.76,56.620098,0.998211,97.418792,0.27,0.266
X_other,X_other-01-20260923-190105,60,haar,800000,729820,576.0,60.7,54.795687,0.997933,97.398353,0.271,0.268
X_other,X_other-01-20260923-190105,60,97,1000000,700904,720.0,63.76,56.620098,0.998211,97.418792,0.268,0.271
X_other,X_other-01-20260923-190105,60,haar,1000000,729820,720.0,60.7,54.795687,0.997933,97.398353,0.268,0.27
X_other,X_other-01-20260923-190105,70,97,150000,149872,108.0,47.85,48.744141,0.992723,95.684484,0.274,0.271
X_other,X_other-01-20260923-190105,70,haar,150000,149964,108.0,46.35,47.247857,0.990496,91.758752,0.271,0.268
X_other,X_other-01-20260923-190105,70,97,200000,199864,144.0,49.33,49.91589,0.994232,96.253561,0.269,0.268
X_other,X_other-01-20260923-190105,70,haar,200000,199872,144.0,47.93,48.479058,0.992442,94.053935,0.273,0.273
X_other,X_other-01-20260923-190105,70,97,250000,249968,180.0,50.58,50.800233,0.995143,96.591339,0.272,0.27
X_other,X_other-01-20260923-190105,70,haar,250000,249952,180.0,49.11,49.289156,0.993525,95.177161,0.266,0.282
X_other,X_other-01-20260923-190105,70,97,300000,299968,216.0,52.48,51.510074,0.995898,96.843148,0.271,0.269
X_other,X_other-01-20260923-190105,70,haar,300000,299960,216.0,50.12,49.92069,0.994433,95.728502,0.27,0.269
X_other,X_other-01-20260923-190105,70,97,350000,349880,252.0,54.72,52.225005,0.996549,97.020904,0.27,0.267
X_other,X_other-01-20260923-190105,70,haar,350000,349972,252.0,52.03,50.622423,0.995308,96.335945,0.27,0.271
X_other,X_other-01-20260923-190105,70,97,416667,416576,300.0,56.09,53.041443,0.99706,97.13023,0.273,0.27
X_other,X_other-01-20260923-190105,70,haar,416667,416644,300.0,53.37,51.245305,0.995996,96.622187,0.271,0.269
X_other,X_other-01-20260923-190105,70,97,500000,499996,360.0,57.76,54.139006,0.997505,97.240639,0.267,0.271
X_other,X_other-01-20260923-190105,70,haar,500000,499904,360.0,54.88,52.168707,0.996552,96.836534,0.289,0.3
X_other,X_other-01-20260923-190105,70,97,600000,599916,432.0,61.67,55.552525,0.997974,97.389696,0.269,0.272
X_other,X_other-01-20260923-190105,70,haar,600000,599980,432.0,57.58,53.27483,0.997256,97.269265,0.27,0.273
X_other,X_other-01-20260923-190105,70,97,700000,699996,504.0,63.84,56.638234,0.998209,97.411383,0.273,0.274
X_other,X_other-01-20260923-190105,70,haar,700000,699964,504.0,60.59,54.648892,0.997853,97.381412,0.27,0.265
X_other,X_other-01-20260923-190105,70,97,800000,701272,576.0,63.84,56.649442,0.998212,97.411383,0.268,0.273
X_other,X_other-01-20260923-190105,70,haar,800000,731132,576.0,60.68,54.803501,0.997937,97.383028,0.275,0.268
X_other,X_other-01-20260923-190105,70,97,1000000,701272,720.0,63.84,56.649442,0.998212,97.411383,0.274,0.271
X_other,X_other-01-20260923-190105,70,haar,1000000,731132,720.0,60.68,54.803501,0.997937,97.383028,0.274,0.268
X_other,X_other-01-20260923-190105,80,97,150000,150000,108.0,47.87,48.82686,0.992853,95.7141,0.277,0.279
X_other,X_other-01-20260923-190105,80,haar,150000,149968,108.0,46.39,47.283282,0.990566,91.871592,0.268,0.282
X_other,X_other-01-20260923-190105,80,97,200000,199988,144.0,49.42,49.937282,0.99432,96.254496,0.278,0.271
X_other,X_other-01-20260923-190105,80,haar,200000,199904,144.0,47.95,48.544919,0.992452,94.043308,0.272,0.271
X_other,X_other-01-20260923-190105,80,97,250000,249992,180.0,50.52,50.78938,0.99513,96.536033,0.27,0.271
X_other,X_other-01-20260923-190105,80,haar,250000,249968,180.0,49.06,49.264636,0.993549,95.094726,0.272,0.267
X_other,X_other-01-20260923-190105,80,97,300000,299964,216.0,52.51,51.502097,0.995914,96.817063,0.268,0.268
X_other,X_other-01-20260923-190105,80,haar,300000,299996,216.0,50.13,49.9126,0.994429,95.665115,0.271,0.277
X_other,X_other-01-20260923-190105,80,97,350000,349896,252.0,54.69,52.185785,0.996567,97.026474,0.269,0.301
X_other,X_other-01-20260923-190105,80,haar,350000,349976,252.0,52.13,50.593873,0.995318,96.379624,0.269,0.268
X_other,X_other-01-20260923-190105,80,97,416667,416620,300.0,56.12,53.019141,0.997064,97.175675,0.271,0.271
X_other,X_other-01-20260923-190105,80,haar,416667,416628,300.0,53.37,51.236574,0.996003,96.616985,0.272,0.267
X_other,X_other-01-20260923-190105,80,97,500000,499956,360.0,57.88,54.141625,0.997478,97.262389,0.264,0.269
X_other,X_other-01-20260923-190105,80,haar,500000,499900,360.0,54.85,52.186639,0.996545,96.833547,0.273,0.268
X_other,X_other-01-20260923-190105,80,97,600000,600000,432.0,61.68,55.548936,0.997968,97.392625,0.27,0.275
X_other,X_other-01-20260923-190105,80,haar,600000,599940,432.0,57.65,53.301609,0.997278,97.243642,0.271,0.267
X_other,X_other-01-20260923-190105,80,97,700000,700000,504.0,63.82,56.617078,0.998202,97.409186,0.27,0.271
X_other,X_other-01-20260923-190105,80,haar,700000,699940,504.0,60.67,54.697643,0.997856,97.374752,0.27,0.276
X_other,X_other-01-20260923-190105,80,97,800000,700308,576.0,63.82,56.618613,0.998202,97.409186,0.271,0.272
X_other,X_other-01-20260923-190105,80,haar,800000,730784,576.0,60.76,54.852969,0.997935,97.376287,0.268,0.282
X_other,X_other-01-20260923-190105,80,97,1000000,700308,720.0,63.82,56.618613,0.998202,97.409186,0.27,0.27
X_other,X_other-01-20260923-190105,80,haar,1000000,730784,720.0,60.76,54.852969,0.997935,97.376287,0.269,0.268
X_other,X_other-02-20260923-190145,0,97,150000,149992,108.0,48.09,48.840273,0.992907,95.880029,0.274,0.269
X_other,X_other-02-20260923-190145,0,haar,150000,149960,108.0,46.44,47.342314,0.990704,92.045193,0.277,0.271
X_other,X_other-02-20260923-190145,0,97,200000,199996,144.0,49.46,49.988334,0.994298,96.349392,0.269,0.266
X_other,X_other-02-20260923-190145,0,haar,200000,199892,144.0,47.87,48.46645,0.992459,94.17681,0.269,0.273
X_other,X_other-02-20260923-190145,0,97,250000,249992,180.0,50.74,50.883542,0.995174,96.606824,0.277,0.272
X_other,X_other-02-20260923-190145,0,haar,250000,249848,180.0,49.22,49.326262,0.9937,95.181762,0.269,0.27
X_other,X_other-02-20260923-190145,0,97,300000,300000,216.0,52.5,51.549778,0.995888,96.857335,0.27,0.274
X_other,X_other-02-20260923-190145,0,haar,300000,299988,216.0,50.01,49.825017,0.994415,95.741161,0.268,0.275
X_other,X_other-02-20260923-190145,0,97,350000,349932,252.0,54.59,52.203298,0.996561,97.031839,0.269,0.27
X_other,X_other-02-20260923-190145,0,haar,350000,349932,252.0,52.06,50.560516,0.995353,96.329978,0.269,0.271
X_other,X_other-02-20260923-190145,0,97,416667,416604,300.0,56.09,52.995209,0.997049,97.144746,0.275,0.271
X_other,X_other-02-20260923-190145,0,haar,416667,416664,300.0,53.35,51.231904,0.996032,96.640029,0.273,0.271
X_other,X_other-02-20260923-190145,0,97,500000,499964,360.0,57.83,54.128782,0.99748,97.24322,0.274,0.27
X_other,X_other-02-20260923-190145,0,haar,500000,499992,360.0,54.85,52.189616,0.996609,96.824996,0.272,0.271
X_other,X_other-02-20260923-190145,0,97,600000,599992,432.0,61.71,55.537632,0.997957,97.386408,0.274,0.272
X_other,X_other-02-20260923-190145,0,haar,600000,599872,432.0,57.59,53.286739,0.997314,97.240435,0.268,0.269
X_other,X_other-02-20260923-190145,0,97,700000,699256,504.0,63.77,56.58814,0.998199,97.404201,0.274,0.268
X_other,X_other-02-20260923-190145,0,haar,700000,699980,504.0,60.7,54.673957,0.997854,97.387487,0.268,0.272
X_other,X_other-02-20260923-190145,0,97,800000,699256,576.0,63.77,56.58814,0.998199,97.404201,0.276,0.269
X_other,X_other-02-20260923-190145,0,haar,800000,731576,576.0,60.77,54.837476,0.997941,97.388577,0.27,0.268
X_other,X_other-02-20260923-190145,0,97,1000000,699256,720.0,63.77,56.58814,0.998199,97.404201,0.269,0.272
X_other,X_other-02-20260923-190145,0,haar,1000000,731576,720.0,60.77,54.837476,0.997941,97.388577,0.269,0.269
X_other,X_other-02-20260923-190145,10,97,150000,149856,108.0,48.07,48.845941,0.992924,95.912041,0.275,0.271
X_other,X_other-02-20260923-190145,10,haar,150000,149976,108.0,46.36,47.246028,0.990633,92.010974,0.273,0.278
X_other,X_other-02-20260923-190145,10,97,200000,199988,144.0,49.48,49.992251,0.994311,96.338153,0.272,0.271
X_other,X_other-02-20260923-190145,10,haar,200000,199940,144.0,47.86,48.45456,0.992394,94.196781,0.268,0.274
X_other,X_other-02-20260923-190145,10,97,250000,249996,180.0,50.34,50.715115,0.995096,96.568253,0.273,0.272
X_other,X_other-02-20260923-190145,10,haar,250000,249912,180.0,49.14,49.26182,0.993642,95.16408,0.27,0.271
X_other,X_other-02-20260923-190145,10,97,300000,299980,216.0,52.54,51.542907,0.995937,96.885949,0.273,0.279
X_other,X_other-02-20260923-190145,10,haar,300000,299900,216.0,50.02,49.8394,0.994415,95.675643,0.266,0.274
X_other,X_other-02-20260923-190145,10,97,350000,349876,252.0,54.64,52.216143,0.99657,97.029107,0.268,0.275
X_other,X_other-02-20260923-190145,10,haar,350000,350000,252.0,52.12,50.60156,0.995361,96.426039,0.272,0.27
X_other,X_other-02-20260923-190145,10,97,416667,416648,300.0,56.08,53.03021,0.997066,97.124268,0.267,0.281
X_other,X_other-02-20260923-190145,10,haar,416667,416528,300.0,53.35,51.234794,0.996037,96.69103,0.273,0.268
X_other,X_other-02-20260923-190145,10,97,500000,499956,360.0,57.81,54.110821,0.997499,97.251946,0.266,0.268
X_other,X_other-02-20260923-190145,10,haar,500000,499964,360.0,54.82,52.174626,0.996598,96.856293,0.273,0.274
X_other,X_other-02-20260923-190145,10,97,600000,599896,432.0,61.77,55.552086,0.997962,97.398267,0.269,0.27
X_other,X_other-02-20260923-190145,10,haar,600000,599984,432.0,57.62,53.314945,0.997314,97.293801,0.27,0.27
X_other,X_other-02-20260923-190145,10,97,700000,699284,504.0,63.77,56.570951,0.998201,97.407196,0.276,0.268
X_other,X_other-02-20260923-190145,10,haar,700000,699988,504.0,60.71,54.676456,0.997849,97.398994,0.265,0.27
X_other,X_other-02-20260923-190145,10,97,800000,699284,576.0,63.77,56.570951,0.998201,97.407196,0.267,0.267
X_other,X_other-02-20260923-190145,10,haar,800000,731184,576.0,60.77,54.837787,0.997934,97.399716,0.274,0.268
X_other,X_other-02-20260923-190145,10,97,1000000,699284,720.0,63.77,56.570951,0.998201,97.407196,0.27,0.274
X_other,X_other-02-20260923-190145,10,haar,1000000,731184,720.0,60.77,54.837787,0.997934,97.399716,0.266,0.275
X_other,X_other-02-20260923-190145,20,97,150000,149892,108.0,48.07,48.869909,0.992918,95.916691,0.278,0.27
X_other,X_other-02-20260923-190145,20,haar,150000,149928,108.0,46.34,47.263094,0.990555,92.032893,0.273,0.266
X_other,X_other-02-20260923-190145,20,97,200000,199940,144.0,49.39,49.958522,0.994324,96.361967,0.269,0.27
X_other,X_other-02-20260923-190145,20,haar,200000,199888,144.0,47.75,48.357099,0.992354,94.165981,0.268,0.275
X_other,X_other-02-20260923-190145,20,97,250000,249980,180.0,50.75,50.851982,0.995182,96.628172,0.298,0.268
X_other,X_other-02-20260923-190145,20,haar,250000,249932,180.0,49.03,49.148575,0.993596,95.105516,0.267,0.276
X_other,X_other-02-20260923-190145,20,97,300000,299956,216.0,52.52,51.522879,0.995895,96.855385,0.267,0.276
X_other,X_other-02-20260923-190145,20,haar,300000,299968,216.0,50.15,49.851852,0.994469,95.671639,0.269,0.266
X_other,X_other-02-20260923-190145,20,97,350000,350000,252.0,54.64,52.198861,0.996538,97.054777,0.276,0.273
X_other,X_other-02-20260923-190145,20,haar,350000,349984,252.0,52.14,50.585071,0.995331,96.350665,0.267,0.269
X_other,X_other-02-20260923-190145,20,97,416667,416576,300.0,56.09,53.009317,0.997039,97.16269,0.272,0.27
X_other,X_other-02-20260923-190145,20,haar,416667,416656,300.0,53.36,51.233111,0.996007,96.605586,0.273,0.268
X_other,X_other-02-20260923-190145,20,97,500000,499976,360.0,57.81,54.13298,0.997478,97.255546,0.266,0.275
X_other,X_other-02-20260923-190145,20,haar,500000,499980,360.0,54.8,52.168949,0.996592,96.822564,0.269,0.275
X_other,X_other-02-20260923-190145,20,97,600000,599996,432.0,61.72,55.57463,0.997962,97.399304,0.275,0.291
X_other,X_other-02-20260923-190145,20,haar,600000,599892,432.0,57.57,53.281219,0.997313,97.262492,0.284,0.269
X_other,X_other-02-20260923-190145,20,97,700000,699384,504.0,63.77,56.604055,0.998199,97.418791,0.267,0.269
X_other,X_other-02-20260923-190145,20,haar,700000,699988,504.0,60.64,54.682998,0.997855,97.399788,0.275,0.271
X_other,X_other-02-20260923-190145,20,97,800000,699384,576.0,63.77,56.604055,0.998199,97.418791,0.268,0.268
X_other,X_other-02-20260923-190145,20,haar,800000,730636,576.0,60.74,54.836433,0.997936,97.402521,0.273,0.267
X_other,X_other-02-20260923-190145,20,97,1000000,699384,720.0,63.77,56.604055,0.998199,97.418791,0.265,0.272
X_other,X_other-02-20260923-190145,20,haar,1000000,730636,720.0,60.74,54.836433,0.997936,97.402521,0.27,0.274
X_other,X_other-02-20260923-190145,30,97,150000,149904,108.0,47.92,48.717779,0.992733,95.902754,0.27,0.269
X_other,X_other-02-20260923-190145,30,haar,150000,149936,108.0,46.38,47.230378,0.990486,92.313615,0.287,0.309
X_other,X_other-02-20260923-190145,30,97,200000,199884,144.0,49.31,49.902891,0.994261,96.306815,0.291,0.3
X_other,X_other-02-20260923-190145,30,haar,200000,199988,144.0,47.83,48.394901,0.992332,94.257557,0.332,0.295
X_other,X_other-02-20260923-190145,30,97,250000,249964,180.0,50.63,50.821054,0.995166,96.622303,0.29,0.289
X_other,X_other-02-20260923-190145,30,haar,250000,249996,180.0,49.15,49.282005,0.993577,95.171535,0.284,0.29
X_other,X_other-02-20260923-190145,30,97,300000,299964,216.0,52.54,51.509713,0.995917,96.861588,0.282,0.29
X_other,X_other-02-20260923-190145,30,haar,300000,299976,216.0,50.02,49.801367,0.994434,95.684604,0.294,0.295
X_other,X_other-02-20260923-190145,30,97,350000,349960,252.0,54.63,52.205881,0.996537,97.025924,0.285,0.287
X_other,X_other-02-20260923-190145,30,haar,350000,349948,252.0,52.06,50.5785,0.99533,96.2843,0.282,0.287
X_other,X_other-02-20260923-190145,30,97,416667,416600,300.0,56.05,53.017207,0.997028,97.118977,0.283,0.288
X_other,X_other-02-20260923-190145,30,haar,416667,416532,300.0,53.35,51.235919,0.996024,96.617041,0.281,0.283
X_other,X_other-02-20260923-190145,30,97,500000,499912,360.0,57.73,54.130039,0.997479,97.236105,0.28,0.286
X_other,X_other-02-20260923-190145,30,haar,500000,499972,360.0,54.85,52.167385,0.99658,96.796943,0.285,0.294
X_other,X_other-02-20260923-190145,30,97,600000,599992,432.0,61.63,55.555075,0.997964,97.382534,0.283,0.278
X_other,X_other-02-20260923-190145,30,haar,600000,599932,432.0,57.57,53.274782,0.997281,97.233814,0.277,0.281
X_other,X_other-02-20260923-190145,30,97,700000,699052,504.0,63.72,56.601044,0.998202,97.405225,0.28,0.287
X_other,X_other-02-20260923-190145,30,haar,700000,699948,504.0,60.65,54.69104,0.997851,97.388915,0.283,0.286
X_other,X_other-02-20260923-190145,30,97,800000,699052,576.0,63.72,56.601044,0.998202,97.405225,0.283,0.287
X_other,X_other-02-20260923-190145,30,haar,800000,730460,576.0,60.72,54.837998,0.997932,97.390496,0.283,0.297
X_other,X_other-02-20260923-190145,30,97,1000000,699052,720.0,63.72,56.601044,0.998202,97.405225,0.281,0.279
X_other,X_other-02-20260923-190145,30,haar,1000000,730460,720.0,60.72,54.837998,0.997932,97.390496,0.283,0.28
X_other,X_other-02-20260923-190145,40,97,150000,149904,108.0,47.95,48.811881,0.992807,95.673046,0.288,0.286
X_other,X_other-02-20260923-190145,40,haar,150000,149860,108.0,46.34,47.240482,0.9906,92.249313,0.275,0.283
X_other,X_other-02-20260923-190145,40,97,200000,199860,144.0,49.28,49.914495,0.994254,96.211721,0.283,0.284
X_other,X_other-02-20260923-190145,40,haar,200000,199988,144.0,47.79,48.426657,0.992411,94.272239,0.275,0.273
X_other,X_other-02-20260923-190145,40,97,250000,249864,180.0,50.57,50.839318,0.995135,96.554918,0.268,0.278
X_other,X_other-02-20260923-190145,40,haar,250000,249980,180.0,49.08,49.171064,0.993621,95.213141,0.275,0.273
X_other,X_other-02-20260923-190145,40,97,300000,299984,216.0,52.51,51.524746,0.995878,96.811116,0.278,0.277
X_other,X_other-02-20260923-190145,40,haar,300000,299940,216.0,50.33,49.948479,0.994556,95.808206,0.276,0.289
X_other,X_other-02-20260923-190145,40,97,350000,349956,252.0,54.63,52.205396,0.996523,96.999986,0.282,0.286
X_other,X_other-02-20260923-190145,40,haar,350000,349944,252.0,52.11,50.596323,0.99533,96.446488,0.282,0.287
X_other,X_other-02-20260923-190145,40,97,416667,416648,300.0,56.04,53.001816,0.997013,97.130489,0.299,0.298
X_other,X_other-02-20260923-190145,40,haar,416667,416620,300.0,53.35,51.247382,0.995987,96.68948,0.278,0.28
X_other,X_other-02-20260923-190145,40,97,500000,499960,360.0,57.79,54.149587,0.997456,97.227283,0.279,0.273
X_other,X_other-02-20260923-190145,40,haar,500000,499988,360.0,54.87,52.199003,0.996625,96.873648,0.277,0.279
X_other,X_other-02-20260923-190145,40,97,600000,599960,432.0,61.67,55.538365,0.997964,97.383659,0.278,0.28
X_other,X_other-02-20260923-190145,40,haar,600000,599980,432.0,57.45,53.271528,0.997282,97.268486,0.285,0.282
X_other,X_other-02-20260923-190145,40,97,700000,699972,504.0,63.78,56.625593,0.998205,97.405078,0.285,0.281
X_other,X_other-02-20260923-190145,40,haar,700000,699912,504.0,60.7,54.700313,0.997848,97.411675,0.283,0.279
X_other,X_other-02-20260923-190145,40,97,800000,700324,576.0,63.78,56.628166,0.998205,97.405078,0.287,0.282
X_other,X_other-02-20260923-190145,40,haar,800000,732680,576.0,60.78,54.857222,0.997941,97.411152,0.278,0.286
X_other,X_other-02-20260923-190145,40,97,1000000,700324,720.0,63.78,56.628166,0.998205,97.405078,0.28,0.278
X_other,X_other-02-20260923-190145,40,haar,1000000,732680,720.0,60.78,54.857222,0.997941,97.411152,0.279,0.278
X_other,X_other-03-20260923-194534,0,97,150000,149980,108.0,35.25,39.892586,0.960275,94.414359,0.286,0.285
X_other,X_other-03-20260923-194534,0,haar,150000,149924,108.0,33.09,37.166592,0.945889,87.605557,0.275,0.282
X_other,X_other-03-20260923-194534,0,97,200000,199980,144.0,36.58,42.113962,0.968161,95.479975,0.277,0.288
X_other,X_other-03-20260923-194534,0,haar,200000,199992,144.0,34.59,39.22533,0.955124,90.775682,0.277,0.269
X_other,X_other-03-20260923-194534,0,97,250000,249960,180.0,38.32,43.940616,0.974664,96.055576,0.266,0.276
X_other,X_other-03-20260923-194534,0,haar,250000,249964,180.0,36.24,41.234497,0.963571,93.045692,0.268,0.268
X_other,X_other-03-20260923-194534,0,97,300000,299976,216.0,39.38,45.468904,0.978223,96.349685,0.275,0.272
X_other,X_other-03-20260923-194534,0,haar,300000,299996,216.0,37.08,42.51674,0.969488,93.743319,0.273,0.272
X_other,X_other-03-20260923-194534,0,97,350000,349976,252.0,40.37,47.0826,0.982291,96.520593,0.268,0.269
X_other,X_other-03-20260923-194534,0,haar,350000,349904,252.0,38.02,44.046045,0.974525,94.275015,0.287,0.293
X_other,X_other-03-20260923-194534,0,97,416667,416644,300.0,41.1,48.2743,0.985218,96.668391,0.271,0.272
X_other,X_other-03-20260923-194534,0,haar,416667,416624,300.0,39.08,45.844738,0.979338,94.784442,0.269,0.268
X_other,X_other-03-20260923-194534,0,97,500000,499992,360.0,42.02,49.664971,0.987413,96.825725,0.272,0.269
X_other,X_other-03-20260923-194534,0,haar,500000,499924,360.0,40.52,47.635189,0.983146,95.452623,0.269,0.272
X_other,X_other-03-20260923-194534,0,97,600000,599900,432.0,43.55,50.694702,0.98906,97.020108,0.269,0.276
X_other,X_other-03-20260923-194534,0,haar,600000,599960,432.0,42.15,49.013327,0.985718,96.102286,0.268,0.278
X_other,X_other-03-20260923-194534,0,97,700000,699928,504.0,45.31,51.635713,0.990488,97.137398,0.273,0.273
X_other,X_other-03-20260923-194534,0,haar,700000,699944,504.0,43.69,49.885609,0.987305,96.532052,0.274,0.28
X_other,X_other-03-20260923-194534,0,97,800000,799944,576.0,47.62,52.546974,0.991979,97.23204,0.281,0.277
X_other,X_other-03-20260923-194534,0,haar,800000,799956,576.0,45.22,50.731739,0.988721,96.760136,0.279,0.281
X_other,X_other-03-20260923-194534,0,97,1000000,999928,720.0,50.22,53.735032,0.994747,97.306407,0.281,0.28
X_other,X_other-03-20260923-194534,0,haar,1000000,999928,720.0,47.76,51.846701,0.991658,97.084851,0.282,0.292
X_other,X_other-03-20260923-194534,10,97,150000,149980,108.0,35.29,39.915001,0.960639,94.380233,0.337,0.269
X_other,X_other-03-20260923-194534,10,haar,150000,149996,108.0,33.11,37.174689,0.946052,87.594525,0.269,0.268
X_other,X_other-03-20260923-194534,10,97,200000,199948,144.0,36.57,42.162172,0.968175,95.490725,0.27,0.27
X_other,X_other-03-20260923-194534,10,haar,200000,199920,144.0,34.62,39.220033,0.955123,90.867101,0.27,0.281
X_other,X_other-03-20260923-194534,10,97,250000,249944,180.0,38.33,43.944903,0.974612,96.064454,0.273,0.276
X_other,X_other-03-20260923-194534,10,haar,250000,249884,180.0,36.26,41.289126,0.963527,93.088679,0.283,0.3
X_other,X_other-03-20260923-194534,10,97,300000,299952,216.0,39.38,45.482251,0.978207,96.370801,0.269,0.275
X_other,X_other-03-20260923-194534,10,haar,300000,299960,216.0,37.09,42.575715,0.969581,93.776006,0.267,0.271
X_other,X_other-03-20260923-194534,10,97,350000,350000,252.0,40.38,47.098064,0.982303,96.551351,0.269,0.272
X_other,X_other-03-20260923-194534,10,haar,350000,349980,252.0,38.01,44.042147,0.974532,94.271907,0.276,0.278
X_other,X_other-03-20260923-194534,10,97,416667,416652,300.0,41.18,48.427985,0.985351,96.670725,0.272,0.281
X_other,X_other-03-20260923-194534,10,haar,416667,416536,300.0,39.12,45.867488,0.979368,94.829284,0.277,0.275
X_other,X_other-03-20260923-194534,10,97,500000,499984,360.0,41.94,49.483677,0.987276,96.825789,0.283,0.283
X_other,X_other-03-20260923-194534,10,haar,500000,499868,360.0,40.51,47.592248,0.983155,95.464833,0.278,0.285
X_other,X_other-03-20260923-194534,10,97,600000,599888,432.0,43.49,50.688428,0.989077,97.007519,0.286,0.284
X_other,X_other-03-20260923-194534,10,haar,600000,599888,432.0,42.13,48.984565,0.985707,96.096042,0.283,0.277
X_other,X_other-03-20260923-194534,10,97,700000,699892,504.0,45.26,51.630298,0.990491,97.123579,0.29,0.276
X_other,X_other-03-20260923-194534,10,haar,700000,699880,504.0,43.68,49.92435,0.98732,96.5173,0.278,0.285
X_other,X_other-03-20260923-194534,10,97,800000,799968,576.0,47.57,52.557812,0.991996,97.226281,0.282,0.278
X_other,X_other-03-20260923-194534,10,haar,800000,799992,576.0,45.2,50.735252,0.988744,96.756263,0.277,0.277
X_other,X_other-03-20260923-194534,10,97,1000000,999956,720.0,50.3,53.760613,0.994712,97.318333,0.277,0.292
X_other,X_other-03-20260923-194534,10,haar,1000000,999988,720.0,47.78,51.856809,0.991676,97.094785,0.277,0.27
X_other,X_other-03-20260923-194534,20,97,150000,149968,108.0,35.31,39.945403,0.960574,94.406649,0.273,0.273
X_other,X_other-03-20260923-194534,20,haar,150000,149948,108.0,33.1,37.155697,0.946032,87.498281,0.27,0.275
X_other,X_other-03-20260923-194534,20,97,200000,199988,144.0,36.59,42.17765,0.968184,95.476846,0.27,0.3
X_other,X_other-03-20260923-194534,20,haar,200000,199980,144.0,34.76,39.358087,0.955248,91.142471,0.274,0.27
X_other,X_other-03-20260923-194534,20,97,250000,249928,180.0,38.37,43.957723,0.97465,96.078498,0.273,0.268
X_other,X_other-03-20260923-194534,20,haar,250000,249852,180.0,36.26,41.282297,0.96355,93.100851,0.267,0.277
X_other,X_other-03-20260923-194534,20,97,300000,299992,216.0,39.41,45.522579,0.978219,96.365028,0.268,0.274
X_other,X_other-03-20260923-194534,20,haar,300000,299972,216.0,37.1,42.606071,0.969613,93.777772,0.277,0.271
X_other,X_other-03-20260923-194534,20,97,350000,349992,252.0,40.3,47.029984,0.982099,96.582438,0.276,0.274
X_other,X_other-03-20260923-194534,20,haar,350000,349900,252.0,38.04,44.099224,0.974715,94.297337,0.278,0.28
X_other,X_other-03-20260923-194534,20,97,416667,416664,300.0,41.2,48.519826,0.985331,96.681679,0.282,0.277
X_other,X_other-03-20260923-194534,20,haar,416667,416612,300.0,39.13,45.774561,0.979462,94.859315,0.279,0.277
X_other,X_other-03-20260923-194534,20,97,500000,499908,360.0,41.98,49.671898,0.987403,96.822013,0.281,0.286
X_other,X_other-03-20260923-194534,20,haar,500000,499996,360.0,40.54,47.554789,0.983125,95.504258,0.276,0.284
X_other,X_other-03-20260923-194534,20,97,600000,599840,432.0,43.44,50.687009,0.98904,96.999168,0.279,0.296
X_other,X_other-03-20260923-194534,20,haar,600000,599868,432.0,42.23,48.99248,0.985749,96.133754,0.269,0.272
X_other,X_other-03-20260923-194534,20,97,700000,699924,504.0,45.31,51.617371,0.990487,97.127724,0.269,0.273
X_other,X_other-03-20260923-194534,20,haar,700000,699924,504.0,43.81,49.93144,0.987343,96.542086,0.27,0.269
X_other,X_other-03-20260923-194534,20,97,800000,800000,576.0,47.61,52.51981,0.991987,97.220369,0.276,0.277
X_other,X_other-03-20260923-194534,20,haar,800000,799980,576.0,45.28,50.733093,0.988744,96.784964,0.271,0.281
X_other,X_other-03-20260923-194534,20,97,1000000,999992,720.0,50.14,53.758216,0.994764,97.300988,0.275,0.279
X_other,X_other-03-20260923-194534,20,haar,1000000,999988,720.0,47.77,51.838895,0.991683,97.087501,0.293,0.289
X_other,X_other-03-20260923-194534,30,97,150000,149968,108.0,35.28,39.87942,0.960208,94.375574,0.278,0.268
X_other,X_other-03-20260923-194534,30,haar,150000,149924,108.0,33.07,37.121623,0.945926,87.450166,0.27,0.272
X_other,X_other-03-20260923-194534,30,97,200000,200000,144.0,36.61,42.130418,0.968116,95.468949,0.272,0.272
X_other,X_other-03-20260923-194534,30,haar,200000,199952,144.0,34.77,39.384133,0.955072,91.0878,0.276,0.281
X_other,X_other-03-20260923-194534,30,97,250000,249984,180.0,38.33,43.946429,0.974664,96.069344,0.273,0.277
X_other,X_other-03-20260923-194534,30,haar,250000,249972,180.0,36.29,41.301316,0.963527,93.109072,0.282,0.285
X_other,X_other-03-20260923-194534,30,97,300000,299992,216.0,39.39,45.536946,0.978411,96.37263,0.28,0.281
X_other,X_other-03-20260923-194534,30,haar,300000,299956,216.0,37.11,42.625103,0.969803,93.723156,0.291,0.279
X_other,X_other-03-20260923-194534,30,97,350000,349964,252.0,40.37,47.079684,0.982256,96.563882,0.281,0.282
X_other,X_other-03-20260923-194534,30,haar,350000,349892,252.0,38.03,44.103123,0.974657,94.280346,0.275,0.294
X_other,X_other-03-20260923-194534,30,97,416667,416628,300.0,41.23,48.505329,0.985395,96.696201,0.272,0.274
X_other,X_other-03-20260923-194534,30,haar,416667,416656,300.0,39.1,45.848665,0.979396,94.823174,0.271,0.27
X_other,X_other-03-20260923-194534,30,97,500000,499952,360.0,42.0,49.58284,0.987383,96.839642,0.274,0.276
X_other,X_other-03-20260923-194534,30,haar,500000,499904,360.0,40.47,47.606189,0.983123,95.452369,0.272,0.281
X_other,X_other-03-20260923-194534,30,97,600000,599924,432.0,43.5,50.636688,0.98907,97.019656,0.28,0.276
X_other,X_other-03-20260923-194534,30,haar,600000,599940,432.0,42.14,48.970939,0.985656,96.103062,0.278,0.279
X_other,X_other-03-20260923-194534,30,97,700000,699948,504.0,45.29,51.588367,0.990457,97.132364,0.289,0.281
X_other,X_other-03-20260923-194534,30,haar,700000,699972,504.0,43.75,49.896522,0.987306,96.517914,0.282,0.303
X_other,X_other-03-20260923-194534,30,97,800000,799892,576.0,47.52,52.542788,0.991954,97.247062,0.278,0.281
X_other,X_other-03-20260923-194534,30,haar,800000,799868,576.0,45.17,50.710546,0.988713,96.751996,0.268,0.273
X_other,X_other-03-20260923-194534,30,97,1000000,999932,720.0,50.19,53.772115,0.994747,97.3133,0.271,0.276
X_other,X_other-03-20260923-194534,30,haar,1000000,999996,720.0,47.69,51.852385,0.99168,97.078219,0.274,0.276
X_other,X_other-03-20260923-194534,40,97,150000,149972,108.0,35.3,39.91452,0.960602,94.404147,0.278,0.28
X_other,X_other-03-20260923-194534,40,haar,150000,149992,108.0,33.19,37.223367,0.946096,87.921604,0.276,0.279
X_other,X_other-03-20260923-194534,40,97,200000,200000,144.0,36.55,41.996053,0.968081,95.469237,0.275,0.283
X_other,X_other-03-20260923-194534,40,haar,200000,199936,144.0,34.61,39.193664,0.955011,90.924776,0.278,0.291
X_other,X_other-03-20260923-194534,40,97,250000,249944,180.0,38.31,43.947884,0.974573,96.076088,0.268,0.267
X_other,X_other-03-20260923-194534,40,haar,250000,249988,180.0,36.24,41.215798,0.963225,93.09992,0.269,0.269
X_other,X_other-03-20260923-194534,40,97,300000,299984,216.0,39.33,45.437944,0.978177,96.377333,0.273,0.27
X_other,X_other-03-20260923-194534,40,haar,300000,299988,216.0,37.09,42.588258,0.969776,93.751064,0.269,0.269
X_other,X_other-03-20260923-194534,40,97,350000,349976,252.0,40.33,47.0228,0.982129,96.557487,0.274,0.275
X_other,X_other-03-20260923-194534,40,haar,350000,349924,252.0,38.06,44.08634,0.974683,94.286187,0.274,0.277
X_other,X_other-03-20260923-194534,40,97,416667,416656,300.0,41.2,48.455748,0.985329,96.666004,0.275,0.275
X_other,X_other-03-20260923-194534,40,haar,416667,416576,300.0,39.15,45.9989,0.979517,94.797518,0.285,0.28
X_other,X_other-03-20260923-194534,40,97,500000,499924,360.0,41.98,49.471457,0.987285,96.820647,0.283,0.28
X_other,X_other-03-20260923-194534,40,haar,500000,499972,360.0,40.46,47.676715,0.983203,95.409948,0.283,0.288
X_other,X_other-03-20260923-194534,40,97,600000,599952,432.0,43.51,50.611806,0.989031,97.011735,0.313,0.287
X_other,X_other-03-20260923-194534,40,haar,600000,599896,432.0,42.15,48.999445,0.985733,96.095544,0.278,0.281
X_other,X_other-03-20260923-194534,40,97,700000,699972,504.0,45.38,51.59517,0.9905,97.126767,0.269,0.278
X_other,X_other-03-20260923-194534,40,haar,700000,699956,504.0,43.74,49.884057,0.987296,96.524431,0.271,0.275
X_other,X_other-03-20260923-194534,40,97,800000,799940,576.0,47.52,52.521527,0.991961,97.220496,0.271,0.274
X_other,X_other-03-20260923-194534,40,haar,800000,799908,576.0,45.21,50.708356,0.988646,96.754575,0.272,0.281
X_other,X_other-03-20260923-194534,40,97,1000000,999976,720.0,50.26,53.757689,0.994747,97.303337,0.281,0.279
X_other,X_other-03-20260923-194534,40,haar,1000000,999996,720.0,47.68,51.829288,0.991746,97.069682,0.282,0.281
X_other,X_other-03-20260923-194534,50,97,150000,149992,108.0,35.3,39.885913,0.960027,94.424767,0.285,0.279
X_other,X_other-03-20260923-194534,50,haar,150000,149952,108.0,33.19,37.219369,0.946019,87.940329,0.279,0.294
X_other,X_other-03-20260923-194534,50,97,200000,199992,144.0,36.51,41.970614,0.968016,95.4378,0.273,0.269
X_other,X_other-03-20260923-194534,50,haar,200000,199992,144.0,34.64,39.213974,0.954925,90.917254,0.265,0.272
X_other,X_other-03-20260923-194534,50,97,250000,249876,180.0,38.27,43.930264,0.974509,96.052265,0.274,0.268
X_other,X_other-03-20260923-194534,50,haar,250000,249892,180.0,36.27,41.247718,0.963181,93.091068,0.267,0.271
X_other,X_other-03-20260923-194534,50,97,300000,299988,216.0,39.34,45.496095,0.978203,96.379738,0.275,0.275
X_other,X_other-03-20260923-194534,50,haar,300000,300000,216.0,37.1,42.555878,0.969691,93.74535,0.274,0.28
X_other,X_other-03-20260923-194534,50,97,350000,349984,252.0,40.25,47.00701,0.98211,96.528498,0.281,0.28
X_other,X_other-03-20260923-194534,50,haar,350000,349964,252.0,38.06,44.087864,0.974759,94.270226,0.286,0.283
X_other,X_other-03-20260923-194534,50,97,416667,416652,300.0,41.05,48.249908,0.985161,96.676303,0.278,0.28
X_other,X_other-03-20260923-194534,50,haar,416667,416656,300.0,39.15,45.978739,0.979551,94.806452,0.295,0.291
X_other,X_other-03-20260923-194534,50,97,500000,499984,360.0,42.02,49.564842,0.987351,96.839218,0.273,0.267
X_other,X_other-03-20260923-194534,50,haar,500000,499980,360.0,40.54,47.656602,0.983239,95.47531,0.273,0.272
X_other,X_other-03-20260923-194534,50,97,600000,599924,432.0,43.49,50.622811,0.988974,97.018128,0.274,0.276
X_other,X_other-03-20260923-194534,50,haar,600000,599896,432.0,42.2,48.985667,0.985746,96.131377,0.272,0.271
X_other,X_other-03-20260923-194534,50,97,700000,699948,504.0,45.33,51.620995,0.990475,97.127569,0.278,0.279
X_other,X_other-03-20260923-194534,50,haar,700000,699932,504.0,43.73,49.918095,0.987318,96.543113,0.275,0.279
X_other,X_other-03-20260923-194534,50,97,800000,799932,576.0,47.55,52.530554,0.991935,97.230254,0.278,0.282
X_other,X_other-03-20260923-194534,50,haar,800000,800000,576.0,45.23,50.72913,0.988695,96.777046,0.286,0.282
X_other,X_other-03-20260923-194534,50,97,1000000,999940,720.0,50.25,53.741161,0.994727,97.311412,0.285,0.279
X_other,X_other-03-20260923-194534,50,haar,1000000,999972,720.0,47.73,51.820432,0.991774,97.094128,0.278,0.281
X_other,X_other-03-20260923-194534,60,97,150000,150000,108.0,35.25,39.895585,0.960397,94.332551,0.279,0.287
X_other,X_other-03-20260923-194534,60,haar,150000,149984,108.0,33.09,37.153804,0.94596,87.596189,0.27,0.268
X_other,X_other-03-20260923-194534,60,97,200000,199932,144.0,36.52,42.027254,0.968,95.45465,0.27,0.27
X_other,X_other-03-20260923-194534,60,haar,200000,200000,144.0,34.58,39.089926,0.954884,90.821242,0.266,0.269
X_other,X_other-03-20260923-194534,60,97,250000,250000,180.0,38.33,43.950446,0.97449,96.098676,0.269,0.271
X_other,X_other-03-20260923-194534,60,haar,250000,249904,180.0,36.31,41.314392,0.963428,93.152427,0.274,0.272
X_other,X_other-03-20260923-194534,60,97,300000,299988,216.0,39.33,45.497142,0.978198,96.37884,0.267,0.278
X_other,X_other-03-20260923-194534,60,haar,300000,299960,216.0,37.08,42.535326,0.969511,93.754261,0.271,0.324
X_other,X_other-03-20260923-194534,60,97,350000,349972,252.0,40.25,47.000062,0.982197,96.531251,0.27,0.273
X_other,X_other-03-20260923-194534,60,haar,350000,349968,252.0,38.05,44.034532,0.974549,94.308022,0.272,0.275
X_other,X_other-03-20260923-194534,60,97,416667,416664,300.0,41.23,48.501848,0.985393,96.663915,0.273,0.269
X_other,X_other-03-20260923-194534,60,haar,416667,416528,300.0,39.18,45.973414,0.979419,94.855517,0.268,0.269
X_other,X_other-03-20260923-194534,60,97,500000,500000,360.0,41.99,49.570759,0.987339,96.819847,0.275,0.268
X_other,X_other-03-20260923-194534,60,haar,500000,499984,360.0,40.52,47.619856,0.983189,95.498979,0.267,0.276
X_other,X_other-03-20260923-194534,60,97,600000,599976,432.0,43.52,50.678959,0.989049,97.004068,0.268,0.274
X_other,X_other-03-20260923-194534,60,haar,600000,599956,432.0,42.18,48.982573,0.985697,96.140295,0.273,0.268
X_other,X_other-03-20260923-194534,60,97,700000,699920,504.0,45.36,51.614229,0.990449,97.120793,0.272,0.27
X_other,X_other-03-20260923-194534,60,haar,700000,699924,504.0,43.71,49.900855,0.987284,96.548508,0.271,0.268
X_other,X_other-03-20260923-194534,60,97,800000,799912,576.0,47.58,52.539248,0.99193,97.21976,0.275,0.27
X_other,X_other-03-20260923-194534,60,haar,800000,800000,576.0,45.22,50.714655,0.988645,96.760321,0.27,0.273
X_other,X_other-03-20260923-194534,60,97,1000000,999976,720.0,50.2,53.726763,0.994717,97.295655,0.27,0.273
X_other,X_other-03-20260923-194534,60,haar,1000000,999992,720.0,47.69,51.833131,0.99173,97.084418,0.27,0.273
X_other,X_other-03-20260923-194534,70,97,150000,149992,108.0,35.24,39.917721,0.960384,94.338981,0.277,0.273
X_other,X_other-03-20260923-194534,70,haar,150000,149956,108.0,33.13,37.173819,0.945846,87.733874,0.275,0.275
X_other,X_other-03-20260923-194534,70,97,200000,199972,144.0,36.58,42.107069,0.968152,95.488938,0.27,0.272
X_other,X_other-03-20260923-194534,70,haar,200000,199892,144.0,34.56,39.071906,0.954903,90.814814,0.275,0.276
X_other,X_other-03-20260923-194534,70,97,250000,249972,180.0,38.33,43.955647,0.974616,96.084356,0.273,0.296
X_other,X_other-03-20260923-194534,70,haar,250000,249924,180.0,36.23,41.229398,0.96347,93.068574,0.269,0.274
X_other,X_other-03-20260923-194534,70,97,300000,299984,216.0,39.39,45.51729,0.978197,96.364982,0.269,0.263
X_other,X_other-03-20260923-194534,70,haar,300000,299948,216.0,37.06,42.566618,0.969781,93.720102,0.273,0.271
X_other,X_other-03-20260923-194534,70,97,350000,349992,252.0,40.31,46.993982,0.982079,96.538295,0.268,0.267
X_other,X_other-03-20260923-194534,70,haar,350000,349892,252.0,38.05,44.09922,0.974698,94.282639,0.27,0.268
X_other,X_other-03-20260923-194534,70,97,416667,416632,300.0,41.28,48.585683,0.985378,96.690672,0.274,0.269
X_other,X_other-03-20260923-194534,70,haar,416667,416632,300.0,39.15,45.983322,0.979498,94.81343,0.271,0.275
X_other,X_other-03-20260923-194534,70,97,500000,499988,360.0,42.07,49.620228,0.987366,96.854384,0.27,0.27
X_other,X_other-03-20260923-194534,70,haar,500000,499980,360.0,40.54,47.65694,0.983166,95.461201,0.275,0.27
X_other,X_other-03-20260923-194534,70,97,600000,599908,432.0,43.61,50.673949,0.989074,97.033539,0.279,0.274
X_other,X_other-03-20260923-194534,70,haar,600000,599924,432.0,42.22,48.982383,0.985724,96.141422,0.271,0.272
X_other,X_other-03-20260923-194534,70,97,700000,699896,504.0,45.39,51.615756,0.990525,97.135207,0.271,0.269
X_other,X_other-03-20260923-194534,70,haar,700000,699948,504.0,43.69,49.888372,0.987288,96.528703,0.278,0.273
X_other,X_other-03-20260923-194534,70,97,800000,799940,576.0,47.62,52.531499,0.991963,97.235276,0.268,0.287
X_other,X_other-03-20260923-194534,70,haar,800000,799996,576.0,45.21,50.740254,0.988673,96.755375,0.272,0.268
X_other,X_other-03-20260923-194534,70,97,1000000,999996,720.0,50.17,53.750022,0.994763,97.309563,0.268,0.271
X_other,X_other-03-20260923-194534,70,haar,1000000,999996,720.0,47.75,51.843796,0.99174,97.063886,0.271,0.27
X_other,X_other-03-20260923-194534,80,97,150000,149972,108.0,35.25,39.871823,0.960472,94.365667,0.277,0.274
X_other,X_other-03-20260923-194534,80,haar,150000,149992,108.0,33.17,37.164792,0.945869,87.752733,0.27,0.298
X_other,X_other-03-20260923-194534,80,97,200000,199908,144.0,36.6,42.146611,0.968202,95.540779,0.272,0.271
X_other,X_other-03-20260923-194534,80,haar,200000,199964,144.0,34.63,39.166561,0.954846,90.914004,0.281,0.29
X_other,X_other-03-20260923-194534,80,97,250000,249912,180.0,38.33,43.961914,0.97472,96.090117,0.275,0.274
X_other,X_other-03-20260923-194534,80,haar,250000,250000,180.0,36.3,41.267729,0.963424,93.165125,0.272,0.266
X_other,X_other-03-20260923-194534,80,97,300000,299916,216.0,39.38,45.53693,0.978346,96.370074,0.268,0.271
X_other,X_other-03-20260923-194534,80,haar,300000,299996,216.0,37.08,42.573225,0.969723,93.765601,0.271,0.275
X_other,X_other-03-20260923-194534,80,97,350000,349920,252.0,40.29,46.995365,0.982128,96.524665,0.272,0.273
X_other,X_other-03-20260923-194534,80,haar,350000,349952,252.0,38.03,44.003555,0.97455,94.320567,0.273,0.272
X_other,X_other-03-20260923-194534,80,97,416667,416628,300.0,41.28,48.507885,0.985402,96.678708,0.274,0.274
X_other,X_other-03-20260923-194534,80,haar,416667,416648,300.0,39.11,45.841069,0.979413,94.796927,0.271,0.274
X_other,X_other-03-20260923-194534,80,97,500000,499964,360.0,42.04,49.531328,0.987341,96.852228,0.272,0.277
X_other,X_other-03-20260923-194534,80,haar,500000,499948,360.0,40.51,47.62043,0.983223,95.46276,0.268,0.273
X_other,X_other-03-20260923-194534,80,97,600000,599968,432.0,43.52,50.654095,0.989104,97.018702,0.269,0.277
X_other,X_other-03-20260923-194534,80,haar,600000,599884,432.0,42.17,48.994786,0.985722,96.113994,0.295,0.278
X_other,X_other-03-20260923-194534,80,97,700000,699912,504.0,45.3,51.612119,0.990478,97.119506,0.289,0.296
X_other,X_other-03-20260923-194534,80,haar,700000,699884,504.0,43.79,49.890915,0.987265,96.554591,0.296,0.31
X_other,X_other-03-20260923-194534,80,97,800000,799884,576.0,47.55,52.543729,0.991946,97.221121,0.269,0.273
X_other,X_other-03-20260923-194534,80,haar,800000,800000,576.0,45.24,50.703528,0.988626,96.782572,0.268,0.271
X_other,X_other-03-20260923-194534,80,97,1000000,999948,720.0,50.15,53.722814,0.994733,97.294879,0.275,0.317
X_other,X_other-03-20260923-194534,80,haar,1000000,999988,720.0,47.73,51.843223,0.991641,97.082303,0.27,0.272
X_other,X_other-04-20260923-194550,0,97,150000,149948,108.0,35.3,39.882503,0.960832,94.37265,0.273,0.27
X_other,X_other-04-20260923-194550,0,haar,150000,149920,108.0,33.03,37.104656,0.946551,87.494479,0.268,0.275
X_other,X_other-04-20260923-194550,0,97,200000,199876,144.0,36.59,42.121904,0.968241,95.463046,0.27,0.272
X_other,X_other-04-20260923-194550,0,haar,200000,199964,144.0,34.74,39.379813,0.955229,91.04778,0.266,0.27
X_other,X_other-04-20260923-194550,0,97,250000,249992,180.0,38.33,43.932857,0.97452,96.064803,0.27,0.272
X_other,X_other-04-20260923-194550,0,haar,250000,249892,180.0,36.31,41.29457,0.96369,93.049154,0.292,0.305
X_other,X_other-04-20260923-194550,0,97,300000,300000,216.0,39.41,45.497121,0.978398,96.363058,0.269,0.271
X_other,X_other-04-20260923-194550,0,haar,300000,299996,216.0,37.16,42.624571,0.969975,93.732054,0.269,0.268
X_other,X_other-04-20260923-194550,0,97,350000,349936,252.0,40.39,47.067984,0.98223,96.509342,0.267,0.264
X_other,X_other-04-20260923-194550,0,haar,350000,349972,252.0,38.05,44.019841,0.974802,94.250329,0.269,0.27
X_other,X_other-04-20260923-194550,0,97,416667,416560,300.0,41.26,48.459528,0.985345,96.667106,0.273,0.27
X_other,X_other-04-20260923-194550,0,haar,416667,416636,300.0,39.16,45.844254,0.979527,94.785954,0.268,0.269
X_other,X_other-04-20260923-194550,0,97,500000,499892,360.0,42.04,49.578815,0.987399,96.841469,0.27,0.276
X_other,X_other-04-20260923-194550,0,haar,500000,499988,360.0,40.46,47.540857,0.983129,95.424621,0.269,0.276
X_other,X_other-04-20260923-194550,0,97,600000,599976,432.0,43.43,50.601708,0.989061,97.007174,0.273,0.273
X_other,X_other-04-20260923-194550,0,haar,600000,599980,432.0,42.05,48.979843,0.985709,96.016267,0.268,0.267
X_other,X_other-04-20260923-194550,0,97,700000,699940,504.0,45.29,51.660412,0.990497,97.11889,0.278,0.281
X_other,X_other-04-20260923-194550,0,haar,700000,699964,504.0,43.63,49.910813,0.987353,96.508629,0.266,0.278
X_other,X_other-04-20260923-194550,0,97,800000,799980,576.0,47.5,52.543906,0.991962,97.213564,0.267,0.268
X_other,X_other-04-20260923-194550,0,haar,800000,799848,576.0,45.15,50.743065,0.988741,96.764316,0.272,0.268
X_other,X_other-04-20260923-194550,0,97,1000000,999904,720.0,50.18,53.742131,0.994741,97.302386,0.269,0.274
X_other,X_other-04-20260923-194550,0,haar,1000000,999964,720.0,47.7,51.829796,0.991747,97.072819,0.278,0.274
X_other,X_other-04-20260923-194550,10,97,150000,149960,108.0,35.3,39.891289,0.960742,94.389116,0.269,0.277
X_other,X_other-04-20260923-194550,10,haar,150000,149984,108.0,33.04,37.074116,0.946231,87.399643,0.266,0.267
X_other,X_other-04-20260923-194550,10,97,200000,199912,144.0,36.57,42.093464,0.968269,95.462935,0.273,0.268
X_other,X_other-04-20260923-194550,10,haar,200000,199964,144.0,34.83,39.433298,0.955245,91.153663,0.265,0.272
X_other,X_other-04-20260923-194550,10,97,250000,249988,180.0,38.36,43.933542,0.974553,96.060755,0.269,0.273
X_other,X_other-04-20260923-194550,10,haar,250000,249992,180.0,36.3,41.280999,0.96336,93.099081,0.275,0.297
X_other,X_other-04-20260923-194550,10,97,300000,299952,216.0,39.39,45.48095,0.978267,96.352988,0.267,0.274
X_other,X_other-04-20260923-194550,10,haar,300000,300000,216.0,37.14,42.614295,0.969907,93.759617,0.27,0.269
X_other,X_other-04-20260923-194550,10,97,350000,349916,252.0,40.35,46.989317,0.982231,96.542158,0.273,0.269
X_other,X_other-04-20260923-194550,10,haar,350000,349976,252.0,38.04,44.052302,0.974898,94.269475,0.267,0.268
X_other,X_other-04-20260923-194550,10,97,416667,416592,300.0,41.25,48.403451,0.985329,96.680412,0.269,0.273
X_other,X_other-04-20260923-194550,10,haar,416667,416644,300.0,39.09,45.72887,0.979538,94.750157,0.271,0.267
X_other,X_other-04-20260923-194550,10,97,500000,499944,360.0,42.0,49.466576,0.98733,96.852796,0.269,0.27
X_other,X_other-04-20260923-194550,10,haar,500000,499968,360.0,40.51,47.591205,0.983168,95.451695,0.268,0.267
X_other,X_other-04-20260923-194550,10,97,600000,599892,432.0,43.44,50.557814,0.988976,97.032762,0.273,0.268
X_other,X_other-04-20260923-194550,10,haar,600000,599920,432.0,42.17,48.950888,0.98571,96.079519,0.267,0.271
X_other,X_other-04-20260923-194550,10,97,700000,699884,504.0,45.35,51.621862,0.990482,97.13763,0.27,0.273
X_other,X_other-04-20260923-194550,10,haar,700000,699908,504.0,43.65,49.849091,0.987331,96.500775,0.276,0.273
X_other,X_other-04-20260923-194550,10,97,800000,799872,576.0,47.53,52.532,0.99196,97.234216,0.267,0.274
X_other,X_other-04-20260923-194550,10,haar,800000,799996,576.0,45.1,50.72255,0.988699,96.751608,0.266,0.274
X_other,X_other-04-20260923-194550,10,97,1000000,999996,720.0,50.25,53.77268,0.994751,97.309671,0.267,0.27
X_other,X_other-04-20260923-194550,10,haar,1000000,999988,720.0,47.75,51.824856,0.991753,97.079858,0.269,0.269
X_other,X_other-04-20260923-194550,20,97,150000,149996,108.0,35.25,39.917044,0.960679,94.336792,0.275,0.266
X_other,X_other-04-20260923-194550,20,haar,150000,149944,108.0,33.0,37.14181,0.946808,87.408421,0.289,0.297
X_other,X_other-04-20260923-194550,20,97,200000,199964,144.0,36.57,42.081774,0.968293,95.430387,0.267,0.272
X_other,X_other-04-20260923-194550,20,haar,200000,199988,144.0,34.76,39.282186,0.955202,91.150591,0.269,0.271
X_other,X_other-04-20260923-194550,20,97,250000,249896,180.0,38.37,43.922385,0.97467,96.090236,0.268,0.268
X_other,X_other-04-20260923-194550,20,haar,250000,249932,180.0,36.27,41.241398,0.963649,93.042675,0.267,0.267
X_other,X_other-04-20260923-194550,20,97,300000,299996,216.0,39.33,45.382551,0.978274,96.368233,0.266,0.272
X_other,X_other-04-20260923-194550,20,haar,300000,299940,216.0,37.14,42.602281,0.9697,93.743466,0.269,0.266
X_other,X_other-04-20260923-194550,20,97,350000,349988,252.0,40.3,46.977072,0.982133,96.563439,0.268,0.269
X_other,X_other-04-20260923-194550,20,haar,350000,349924,252.0,38.03,43.945029,0.974771,94.259711,0.268,0.271
X_other,X_other-04-20260923-194550,20,97,416667,416640,300.0,41.26,48.498016,0.985331,96.707068,0.271,0.269
X_other,X_other-04-20260923-194550,20,haar,416667,416588,300.0,39.12,45.647203,0.979541,94.768102,0.267,0.281
X_other,X_other-04-20260923-194550,20,97,500000,499884,360.0,42.0,49.595501,0.987355,96.85144,0.274,0.269
X_other,X_other-04-20260923-194550,20,haar,500000,499940,360.0,40.47,47.488076,0.983134,95.447382,0.265,0.27
X_other,X_other-04-20260923-194550,20,97,600000,599952,432.0,43.5,50.636883,0.989071,97.024121,0.267,0.269
X_other,X_other-04-20260923-194550,20,haar,600000,599872,432.0,42.15,48.995964,0.985741,96.079182,0.276,0.27
X_other,X_other-04-20260923-194550,20,97,700000,699908,504.0,45.34,51.608103,0.990506,97.126426,0.267,0.269
X_other,X_other-04-20260923-194550,20,haar,700000,699980,504.0,43.72,49.914877,0.987377,96.518542,0.293,0.296
X_other,X_other-04-20260923-194550,20,97,800000,799916,576.0,47.49,52.524124,0.991953,97.219605,0.266,0.27
X_other,X_other-04-20260923-194550,20,haar,800000,800000,576.0,45.12,50.739914,0.988719,96.743004,0.267,0.268
X_other,X_other-04-20260923-194550,20,97,1000000,999992,720.0,50.2,53.725677,0.994751,97.305333,0.267,0.272
X_other,X_other-04-20260923-194550,20,haar,1000000,1000000,720.0,47.67,51.829272,0.991756,97.074658,0.27,0.268
X_other,X_other-04-20260923-194550,30,97,150000,149860,108.0,35.24,39.865755,0.960637,94.335573,0.277,0.274
X_other,X_other-04-20260923-194550,30,haar,150000,149984,108.0,33.03,37.104598,0.946283,87.41204,0.266,0.271
X_other,X_other-04-20260923-194550,30,97,200000,199936,144.0,36.54,42.072332,0.968385,95.483939,0.27,0.268
X_other,X_other-04-20260923-194550,30,haar,200000,199924,144.0,34.71,39.270172,0.955179,90.983544,0.267,0.276
X_other,X_other-04-20260923-194550,30,97,250000,249980,180.0,38.35,43.970089,0.974702,96.105203,0.268,0.271
X_other,X_other-04-20260923-194550,30,haar,250000,249936,180.0,36.3,41.223389,0.963705,93.115452,0.272,0.268
X_other,X_other-04-20260923-194550,30,97,300000,299964,216.0,39.36,45.484024,0.978262,96.373152,0.283,0.277
X_other,X_other-04-20260923-194550,30,haar,300000,299928,216.0,37.2,42.69886,0.96996,93.782935,0.273,0.276
X_other,X_other-04-20260923-194550,30,97,350000,349944,252.0,40.33,46.981938,0.982166,96.563448,0.269,0.269
X_other,X_other-04-20260923-194550,30,haar,350000,349952,252.0,38.04,44.013344,0.974784,94.256117,0.268,0.269
X_other,X_other-04-20260923-194550,30,97,416667,416632,300.0,41.3,48.531194,0.985367,96.706513,0.275,0.27
X_other,X_other-04-20260923-194550,30,haar,416667,416584,300.0,39.12,45.893801,0.979498,94.742928,0.279,0.276
X_other,X_other-04-20260923-194550,30,97,500000,499968,360.0,42.06,49.57997,0.987375,96.848412,0.268,0.28
X_other,X_other-04-20260923-194550,30,haar,500000,499932,360.0,40.46,47.574657,0.983132,95.412558,0.27,0.272
X_other,X_other-04-20260923-194550,30,97,600000,599996,432.0,43.49,50.636218,0.989114,97.008087,0.271,0.271
X_other,X_other-04-20260923-194550,30,haar,600000,599944,432.0,42.13,48.909255,0.985725,96.064071,0.292,0.301
X_other,X_other-04-20260923-194550,30,97,700000,699860,504.0,45.29,51.640657,0.9905,97.11467,0.271,0.268
X_other,X_other-04-20260923-194550,30,haar,700000,699916,504.0,43.74,49.852898,0.987336,96.514858,0.275,0.271
X_other,X_other-04-20260923-194550,30,97,800000,799908,576.0,47.47,52.508005,0.991956,97.209731,0.274,0.273
X_other,X_other-04-20260923-194550,30,haar,800000,799864,576.0,45.05,50.724987,0.988671,96.745107,0.27,0.271
X_other,X_other-04-20260923-194550,30,97,1000000,999940,720.0,50.14,53.717586,0.994724,97.289296,0.273,0.27
X_other,X_other-04-20260923-194550,30,haar,1000000,999992,720.0,47.71,51.814268,0.991803,97.074379,0.273,0.272
X_other,X_other-04-20260923-194550,40,97,150000,149996,108.0,35.21,39.851216,0.96068,94.311815,0.332,0.271
X_other,X_other-04-20260923-194550,40,haar,150000,149984,108.0,33.04,37.146739,0.946867,87.461001,0.269,0.274
X_other,X_other-04-20260923-194550,40,97,200000,199924,144.0,36.54,42.081587,0.968316,95.417306,0.267,0.269
X_other,X_other-04-20260923-194550,40,haar,200000,199976,144.0,34.71,39.295007,0.955285,91.009217,0.279,0.28
X_other,X_other-04-20260923-194550,40,97,250000,249892,180.0,38.32,43.924259,0.974555,96.090155,0.267,0.274
X_other,X_other-04-20260923-194550,40,haar,250000,249960,180.0,36.29,41.210966,0.963611,93.0546,0.272,0.273
X_other,X_other-04-20260923-194550,40,97,300000,299984,216.0,39.35,45.488098,0.978319,96.385303,0.271,0.269
X_other,X_other-04-20260923-194550,40,haar,300000,299984,216.0,37.15,42.595984,0.96977,93.766754,0.27,0.267
X_other,X_other-04-20260923-194550,40,97,350000,349932,252.0,40.34,47.041747,0.982234,96.541226,0.268,0.273
X_other,X_other-04-20260923-194550,40,haar,350000,349936,252.0,38.04,43.959496,0.974737,94.296392,0.29,0.297
X_other,X_other-04-20260923-194550,40,97,416667,416600,300.0,41.2,48.385023,0.985326,96.687995,0.271,0.271
X_other,X_other-04-20260923-194550,40,haar,416667,416656,300.0,39.2,45.92669,0.979514,94.816414,0.268,0.273
X_other,X_other-04-20260923-194550,40,97,500000,500000,360.0,41.98,49.479883,0.987352,96.843829,0.272,0.269
X_other,X_other-04-20260923-194550,40,haar,500000,499920,360.0,40.5,47.591756,0.983155,95.434604,0.268,0.269
X_other,X_other-04-20260923-194550,40,97,600000,599928,432.0,43.48,50.65425,0.989087,97.019109,0.271,0.271
X_other,X_other-04-20260923-194550,40,haar,600000,599860,432.0,42.16,48.952521,0.985755,96.089307,0.267,0.272
X_other,X_other-04-20260923-194550,40,97,700000,699960,504.0,45.35,51.66851,0.990572,97.133672,0.273,0.274
X_other,X_other-04-20260923-194550,40,haar,700000,699956,504.0,43.67,49.886878,0.987355,96.52161,0.271,0.268
X_other,X_other-04-20260923-194550,40,97,800000,799916,576.0,47.46,52.563109,0.991992,97.217468,0.273,0.271
X_other,X_other-04-20260923-194550,40,haar,800000,799892,576.0,45.06,50.700782,0.988682,96.741444,0.27,0.268
X_other,X_other-04-20260923-194550,40,97,1000000,999988,720.0,50.23,53.785626,0.994759,97.295962,0.285,0.274
X_other,X_other-04-20260923-194550,40,haar,1000000,999992,720.0,47.72,51.839999,0.991801,97.07549,0.271,0.275
X_other,X_other-04-20260923-194550,50,97,150000,149940,108.0,35.3,39.866736,0.960739,94.384707,0.272,0.269
X_other,X_other-04-20260923-194550,50,haar,150000,150000,108.0,33.01,37.111119,0.946463,87.42627,0.267,0.267
X_other,X_other-04-20260923-194550,50,97,200000,199980,144.0,36.55,42.032331,0.96836,95.445681,0.27,0.271
X_other,X_other-04-20260923-194550,50,haar,200000,199976,144.0,34.69,39.322883,0.955284,91.033938,0.267,0.271
X_other,X_other-04-20260923-194550,50,97,250000,249972,180.0,38.29,43.939722,0.974563,96.076626,0.269,0.268
X_other,X_other-04-20260923-194550,50,haar,250000,249936,180.0,36.22,41.098295,0.963514,92.992209,0.275,0.272
X_other,X_other-04-20260923-194550,50,97,300000,299996,216.0,39.3,45.447585,0.978248,96.355557,0.275,0.27
X_other,X_other-04-20260923-194550,50,haar,300000,299880,216.0,37.17,42.655785,0.969615,93.779431,0.27,0.271
X_other,X_other-04-20260923-194550,50,97,350000,349952,252.0,40.31,47.039379,0.982162,96.530106,0.275,0.269
X_other,X_other-04-20260923-194550,50,haar,350000,349872,252.0,37.99,43.9975,0.974723,94.245803,0.269,0.274
X_other,X_other-04-20260923-194550,50,97,416667,416576,300.0,41.22,48.435348,0.985297,96.685474,0.27,0.27
X_other,X_other-04-20260923-194550,50,haar,416667,416632,300.0,39.19,45.919905,0.979621,94.76829,0.275,0.273
X_other,X_other-04-20260923-194550,50,97,500000,499968,360.0,42.04,49.572117,0.987341,96.833482,0.271,0.267
X_other,X_other-04-20260923-194550,50,haar,500000,499904,360.0,40.54,47.608351,0.983209,95.431069,0.298,0.298
X_other,X_other-04-20260923-194550,50,97,600000,599916,432.0,43.5,50.606169,0.988983,97.011974,0.269,0.276
X_other,X_other-04-20260923-194550,50,haar,600000,599880,432.0,42.18,48.984271,0.985752,96.088462,0.266,0.266
X_other,X_other-04-20260923-194550,50,97,700000,699860,504.0,45.35,51.62146,0.990488,97.138139,0.269,0.27
X_other,X_other-04-20260923-194550,50,haar,700000,699976,504.0,43.65,49.868004,0.987335,96.486751,0.268,0.273
X_other,X_other-04-20260923-194550,50,97,800000,799936,576.0,47.52,52.543346,0.99196,97.229178,0.269,0.275
X_other,X_other-04-20260923-194550,50,haar,800000,799904,576.0,45.09,50.723508,0.988694,96.753893,0.27,0.275
X_other,X_other-04-20260923-194550,50,97,1000000,999956,720.0,50.12,53.755154,0.994754,97.303618,0.269,0.268
X_other,X_other-04-20260923-194550,50,haar,1000000,999952,720.0,47.71,51.846772,0.991715,97.076747,0.274,0.27
X_other,X_other-04-20260923-194550,60,97,150000,149988,108.0,35.29,39.930969,0.960626,94.379666,0.276,0.277
X_other,X_other-04-20260923-194550,60,haar,150000,149948,108.0,33.02,37.102617,0.946037,87.502834,0.266,0.272
X_other,X_other-04-20260923-194550,60,97,200000,199908,144.0,36.52,42.019878,0.968236,95.453777,0.273,0.288
X_other,X_other-04-20260923-194550,60,haar,200000,199960,144.0,34.72,39.356523,0.955307,91.092318,0.278,0.275
X_other,X_other-04-20260923-194550,60,97,250000,249984,180.0,38.31,43.953329,0.974776,96.062392,0.269,0.292
X_other,X_other-04-20260923-194550,60,haar,250000,249924,180.0,36.29,41.311616,0.963767,93.126698,0.268,0.268
X_other,X_other-04-20260923-194550,60,97,300000,299952,216.0,39.34,45.489979,0.978431,96.358669,0.272,0.268
X_other,X_other-04-20260923-194550,60,haar,300000,299960,216.0,37.17,42.68188,0.969736,93.801604,0.265,0.275
X_other,X_other-04-20260923-194550,60,97,350000,349932,252.0,40.34,47.092172,0.982302,96.542524,0.273,0.272
X_other,X_other-04-20260923-194550,60,haar,350000,349904,252.0,38.06,44.096582,0.97476,94.285834,0.268,0.266
X_other,X_other-04-20260923-194550,60,97,416667,416628,300.0,41.23,48.544232,0.985375,96.702895,0.275,0.269
X_other,X_other-04-20260923-194550,60,haar,416667,416580,300.0,39.18,45.970535,0.979525,94.800495,0.266,0.269
X_other,X_other-04-20260923-194550,60,97,500000,499944,360.0,41.99,49.602384,0.987335,96.861542,0.271,0.275
X_other,X_other-04-20260923-194550,60,haar,500000,500000,360.0,40.49,47.640002,0.983203,95.409332,0.271,0.272
X_other,X_other-04-20260923-194550,60,97,600000,600000,432.0,43.51,50.629496,0.989001,97.033331,0.271,0.275
X_other,X_other-04-20260923-194550,60,haar,600000,599996,432.0,42.18,48.970422,0.985754,96.080127,0.282,0.268
X_other,X_other-04-20260923-194550,60,97,700000,699888,504.0,45.35,51.650741,0.990523,97.135131,0.27,0.27
X_other,X_other-04-20260923-194550,60,haar,700000,699988,504.0,43.72,49.867982,0.987313,96.533903,0.268,0.276
X_other,X_other-04-20260923-194550,60,97,800000,799920,576.0,47.52,52.54128,0.991966,97.217288,0.271,0.272
X_other,X_other-04-20260923-194550,60,haar,800000,799932,576.0,45.11,50.748812,0.988688,96.751827,0.27,0.27
X_other,X_other-04-20260923-194550,60,97,1000000,999984,720.0,50.18,53.743195,0.994737,97.301999,0.273,0.271
X_other,X_other-04-20260923-194550,60,haar,1000000,999984,720.0,47.72,51.85346,0.991803,97.076073,0.273,0.276
X_other,X_other-04-20260923-194550,70,97,150000,149996,108.0,35.33,39.874752,0.960619,94.321898,0.298,0.298
X_other,X_other-04-20260923-194550,70,haar,150000,149976,108.0,32.99,37.095373,0.946782,87.391773,0.273,0.269
X_other,X_other-04-20260923-194550,70,97,200000,199944,144.0,36.51,42.049872,0.968192,95.48483,0.269,0.27
X_other,X_other-04-20260923-194550,70,haar,200000,199976,144.0,34.67,39.296105,0.955159,91.04123,0.267,0.27
X_other,X_other-04-20260923-194550,70,97,250000,249908,180.0,38.3,43.95785,0.974679,96.083324,0.272,0.268
X_other,X_other-04-20260923-194550,70,haar,250000,249976,180.0,36.19,41.11348,0.963506,93.033242,0.271,0.271
X_other,X_other-04-20260923-194550,70,97,300000,300000,216.0,39.35,45.521922,0.978412,96.348157,0.271,0.268
X_other,X_other-04-20260923-194550,70,haar,300000,299972,216.0,37.08,42.544414,0.969686,93.767314,0.268,0.27
X_other,X_other-04-20260923-194550,70,97,350000,349976,252.0,40.33,47.031442,0.982215,96.520408,0.274,0.274
X_other,X_other-04-20260923-194550,70,haar,350000,349944,252.0,37.99,44.003986,0.974665,94.27667,0.269,0.269
X_other,X_other-04-20260923-194550,70,97,416667,416628,300.0,41.29,48.552078,0.98541,96.687603,0.267,0.268
X_other,X_other-04-20260923-194550,70,haar,416667,416552,300.0,39.17,45.965512,0.979528,94.856328,0.286,0.268
X_other,X_other-04-20260923-194550,70,97,500000,499972,360.0,42.06,49.596885,0.987401,96.84994,0.272,0.27
X_other,X_other-04-20260923-194550,70,haar,500000,500000,360.0,40.44,47.59457,0.983202,95.433226,0.265,0.269
X_other,X_other-04-20260923-194550,70,97,600000,599920,432.0,43.54,50.606939,0.989031,97.037071,0.268,0.273
X_other,X_other-04-20260923-194550,70,haar,600000,599888,432.0,42.13,48.970323,0.985754,96.117786,0.273,0.266
X_other,X_other-04-20260923-194550,70,97,700000,699996,504.0,45.28,51.601484,0.990539,97.124474,0.269,0.271
X_other,X_other-04-20260923-194550,70,haar,700000,699964,504.0,43.74,49.85786,0.987322,96.548569,0.273,0.273
X_other,X_other-04-20260923-194550,70,97,800000,799920,576.0,47.55,52.535924,0.992003,97.224047,0.275,0.274
X_other,X_other-04-20260923-194550,70,haar,800000,799976,576.0,45.01,50.731515,0.988729,96.737988,0.268,0.273
X_other,X_other-04-20260923-194550,70,97,1000000,999972,720.0,50.09,53.737034,0.994755,97.292974,0.273,0.273
X_other,X_other-04-20260923-194550,70,haar,1000000,999984,720.0,47.73,51.835172,0.991783,97.079557,0.269,0.291
X_other,X_other-04-20260923-194550,80,97,150000,149936,108.0,35.29,39.939736,0.960625,94.339754,0.274,0.276
X_other,X_other-04-20260923-194550,80,haar,150000,149916,108.0,33.08,37.151962,0.946056,87.627006,0.268,0.272
X_other,X_other-04-20260923-194550,80,97,200000,199856,144.0,36.49,41.997905,0.968068,95.434585,0.274,0.27
X_other,X_other-04-20260923-194550,80,haar,200000,199996,144.0,34.58,39.196336,0.955241,91.004585,0.281,0.276
X_other,X_other-04-20260923-194550,80,97,250000,249948,180.0,38.31,43.947262,0.97462,96.070035,0.269,0.277
X_other,X_other-04-20260923-194550,80,haar,250000,249928,180.0,36.21,41.174443,0.9636,93.114668,0.267,0.273
X_other,X_other-04-20260923-194550,80,97,300000,299956,216.0,39.32,45.438422,0.978349,96.34587,0.271,0.273
X_other,X_other-04-20260923-194550,80,haar,300000,299956,216.0,37.12,42.583051,0.969549,93.81133,0.27,0.268
X_other,X_other-04-20260923-194550,80,97,350000,349996,252.0,40.33,47.066772,0.982205,96.494266,0.277,0.272
X_other,X_other-04-20260923-194550,80,haar,350000,349896,252.0,38.04,44.082191,0.974604,94.325546,0.266,0.269
X_other,X_other-04-20260923-194550,80,97,416667,416588,300.0,41.28,48.496184,0.985383,96.725869,0.268,0.272
X_other,X_other-04-20260923-194550,80,haar,416667,416548,300.0,39.2,45.919317,0.979422,94.859576,0.268,0.275
X_other,X_other-04-20260923-194550,80,97,500000,499984,360.0,42.1,49.617,0.987411,96.855976,0.269,0.265
X_other,X_other-04-20260923-194550,80,haar,500000,499852,360.0,40.47,47.567078,0.983126,95.454945,0.275,0.27
X_other,X_other-04-20260923-194550,80,97,600000,599952,432.0,43.6,50.630945,0.98907,97.023888,0.268,0.274
X_other,X_other-04-20260923-194550,80,haar,600000,599908,432.0,42.11,48.93622,0.9857,96.093367,0.267,0.277
X_other,X_other-04-20260923-194550,80,97,700000,699976,504.0,45.36,51.600797,0.990496,97.119088,0.267,0.28
X_other,X_other-04-20260923-194550,80,haar,700000,699896,504.0,43.65,49.850094,0.987328,96.4926,0.265,0.268
X_other,X_other-04-20260923-194550,80,97,800000,799868,576.0,47.59,52.524234,0.991956,97.212047,0.274,0.269
X_other,X_other-04-20260923-194550,80,haar,800000,799972,576.0,45.08,50.715602,0.988651,96.767836,0.268,0.269
X_other,X_other-04-20260923-194550,80,97,1000000,999996,720.0,50.11,53.729147,0.994771,97.29909,0.288,0.297
X_other,X_other-04-20260923-194550,80,haar,1000000,999984,720.0,47.81,51.806478,0.991661,97.096517,0.268,0.27
X_other,X_other-05-20260923-194606,0,97,150000,149992,108.0,35.33,40.009416,0.960315,94.444247,0.276,0.28
X_other,X_other-05-20260923-194606,0,haar,150000,150000,108.0,33.14,37.239564,0.94646,87.839662,0.285,0.278
X_other,X_other-05-20260923-194606,0,97,200000,199980,144.0,36.69,42.093779,0.968282,95.482335,0.276,0.27
X_other,X_other-05-20260923-194606,0,haar,200000,200000,144.0,34.82,39.346198,0.955135,91.258562,0.276,0.27
X_other,X_other-05-20260923-194606,0,97,250000,249952,180.0,38.36,43.971232,0.974498,96.097908,0.271,0.273
X_other,X_other-05-20260923-194606,0,haar,250000,249988,180.0,36.24,41.210559,0.963767,93.056922,0.269,0.274
X_other,X_other-05-20260923-194606,0,97,300000,299972,216.0,39.41,45.498424,0.978224,96.375992,0.27,0.269
X_other,X_other-05-20260923-194606,0,haar,300000,299924,216.0,37.04,42.624873,0.969814,93.728542,0.274,0.285
X_other,X_other-05-20260923-194606,0,97,350000,350000,252.0,40.4,47.025946,0.982098,96.572442,0.272,0.267
X_other,X_other-05-20260923-194606,0,haar,350000,349908,252.0,38.01,44.059164,0.974571,94.299358,0.271,0.277
X_other,X_other-05-20260923-194606,0,97,416667,416660,300.0,41.34,48.537938,0.985331,96.689728,0.269,0.272
X_other,X_other-05-20260923-194606,0,haar,416667,416588,300.0,39.07,45.701898,0.979403,94.858017,0.275,0.279
X_other,X_other-05-20260923-194606,0,97,500000,499992,360.0,42.04,49.554521,0.98728,96.827169,0.271,0.27
X_other,X_other-05-20260923-194606,0,haar,500000,499936,360.0,40.46,47.594467,0.983177,95.45008,0.292,0.304
X_other,X_other-05-20260923-194606,0,97,600000,599968,432.0,43.5,50.640025,0.989021,97.019033,0.269,0.269
X_other,X_other-05-20260923-194606,0,haar,600000,599904,432.0,42.11,48.965583,0.98567,96.09236,0.273,0.271
X_other,X_other-05-20260923-194606,0,97,700000,699920,504.0,45.35,51.621167,0.990533,97.126196,0.276,0.269
X_other,X_other-05-20260923-194606,0,haar,700000,699924,504.0,43.77,49.930809,0.98734,96.565525,0.269,0.268
X_other,X_other-05-20260923-194606,0,97,800000,799984,576.0,47.53,52.555208,0.991962,97.233348,0.271,0.275
X_other,X_other-05-20260923-194606,0,haar,800000,799984,576.0,45.18,50.731812,0.988727,96.768526,0.273,0.272
X_other,X_other-05-20260923-194606,0,97,1000000,999944,720.0,50.2,53.740073,0.994729,97.307763,0.268,0.27
X_other,X_other-05-20260923-194606,0,haar,1000000,999980,720.0,47.7,51.836465,0.99174,97.09679,0.268,0.27
X_other,X_other-05-20260923-194606,10,97,150000,149996,108.0,35.24,39.945387,0.96034,94.41185,0.312,0.267
X_other,X_other-05-20260923-194606,10,haar,150000,149968,108.0,33.2,37.228751,0.946105,87.983924,0.269,0.271
X_other,X_other-05-20260923-194606,10,97,200000,199960,144.0,36.68,42.121356,0.968285,95.461042,0.283,0.27
X_other,X_other-05-20260923-194606,10,haar,200000,199952,144.0,34.8,39.305024,0.955051,91.211095,0.277,0.276
X_other,X_other-05-20260923-194606,10,97,250000,249976,180.0,38.36,43.971644,0.974456,96.10132,0.27,0.267
X_other,X_other-05-20260923-194606,10,haar,250000,249932,180.0,36.22,41.164885,0.963941,93.039321,0.266,0.267
X_other,X_other-05-20260923-194606,10,97,300000,299988,216.0,39.4,45.474924,0.978102,96.390719,0.269,0.27
X_other,X_other-05-20260923-194606,10,haar,300000,299932,216.0,37.08,42.56073,0.969699,93.754228,0.271,0.272
X_other,X_other-05-20260923-194606,10,97,350000,349980,252.0,40.42,47.084887,0.982126,96.555909,0.295,0.302
X_other,X_other-05-20260923-194606,10,haar,350000,349944,252.0,38.03,44.096559,0.97463,94.278031,0.266,0.267
X_other,X_other-05-20260923-194606,10,97,416667,416664,300.0,41.26,48.498786,0.985311,96.669516,0.269,0.268
X_other,X_other-05-20260923-194606,10,haar,416667,416520,300.0,39.16,45.923004,0.979425,94.842662,0.269,0.271
X_other,X_other-05-20260923-194606,10,97,500000,499988,360.0,41.97,49.51831,0.987267,96.836799,0.268,0.269
X_other,X_other-05-20260923-194606,10,haar,500000,499940,360.0,40.48,47.529176,0.983036,95.465202,0.27,0.274
X_other,X_other-05-20260923-194606,10,97,600000,599880,432.0,43.58,50.660126,0.989069,97.030902,0.277,0.272
X_other,X_other-05-20260923-194606,10,haar,600000,599980,432.0,42.16,48.935676,0.985628,96.140323,0.27,0.272
X_other,X_other-05-20260923-194606,10,97,700000,699972,504.0,45.36,51.655473,0.990522,97.131915,0.271,0.271
X_other,X_other-05-20260923-194606,10,haar,700000,699940,504.0,43.77,49.89321,0.987324,96.569029,0.269,0.271
X_other,X_other-05-20260923-194606,10,97,800000,799940,576.0,47.53,52.542227,0.991974,97.239002,0.275,0.269
X_other,X_other-05-20260923-194606,10,haar,800000,799996,576.0,45.24,50.744088,0.988703,96.780499,0.267,0.27
X_other,X_other-05-20260923-194606,10,97,1000000,999964,720.0,50.25,53.749982,0.994744,97.309321,0.274,0.268
X_other,X_other-05-20260923-194606,10,haar,1000000,999960,720.0,47.75,51.830958,0.991797,97.119905,0.277,0.273
X_other,X_other-05-20260923-194606,20,97,150000,149952,108.0,35.26,39.915726,0.960345,94.452441,0.27,0.27
X_other,X_other-05-20260923-194606,20,haar,150000,150000,108.0,33.23,37.260408,0.946121,88.071642,0.269,0.278
X_other,X_other-05-20260923-194606,20,97,200000,199992,144.0,36.65,42.152802,0.968293,95.515584,0.268,0.272
X_other,X_other-05-20260923-194606,20,haar,200000,199972,144.0,34.69,39.233822,0.955089,91.176394,0.274,0.267
X_other,X_other-05-20260923-194606,20,97,250000,249884,180.0,38.35,44.017929,0.974469,96.119317,0.269,0.268
X_other,X_other-05-20260923-194606,20,haar,250000,249888,180.0,36.26,41.254104,0.96397,93.130499,0.273,0.268
X_other,X_other-05-20260923-194606,20,97,300000,299976,216.0,39.37,45.480762,0.978208,96.383256,0.289,0.302
X_other,X_other-05-20260923-194606,20,haar,300000,299896,216.0,37.09,42.604534,0.969856,93.824528,0.273,0.271
X_other,X_other-05-20260923-194606,20,97,350000,349992,252.0,40.45,47.120014,0.982163,96.566203,0.272,0.271
X_other,X_other-05-20260923-194606,20,haar,350000,349944,252.0,38.01,44.052625,0.9746,94.336256,0.271,0.269
X_other,X_other-05-20260923-194606,20,97,416667,416556,300.0,41.28,48.517816,0.985298,96.694032,0.27,0.267
X_other,X_other-05-20260923-194606,20,haar,416667,416564,300.0,39.05,45.753036,0.979438,94.783724,0.268,0.269
X_other,X_other-05-20260923-194606,20,97,500000,499896,360.0,42.03,49.517098,0.987294,96.856391,0.275,0.269
X_other,X_other-05-20260923-194606,20,haar,500000,499868,360.0,40.47,47.572551,0.983075,95.445149,0.275,0.271
X_other,X_other-05-20260923-194606,20,97,600000,599908,432.0,43.57,50.620638,0.988999,97.024731,0.273,0.271
X_other,X_other-05-20260923-194606,20,haar,600000,599920,432.0,42.22,48.945847,0.985609,96.181921,0.267,0.27
X_other,X_other-05-20260923-194606,20,97,700000,699948,504.0,45.34,51.588204,0.990459,97.128685,0.27,0.273
X_other,X_other-05-20260923-194606,20,haar,700000,699948,504.0,43.78,49.899505,0.987299,96.543386,0.269,0.29
X_other,X_other-05-20260923-194606,20,97,800000,799992,576.0,47.55,52.573819,0.991969,97.22885,0.273,0.273
X_other,X_other-05-20260923-194606,20,haar,800000,799984,576.0,45.25,50.745254,0.988732,96.763348,0.27,0.271
X_other,X_other-05-20260923-194606,20,97,1000000,999980,720.0,50.16,53.747661,0.994753,97.304559,0.269,0.271
X_other,X_other-05-20260923-194606,20,haar,1000000,999988,720.0,47.71,51.829333,0.991903,97.083973,0.266,0.269
X_other,X_other-05-20260923-194606,30,97,150000,149964,108.0,35.22,39.965763,0.960445,94.437479,0.274,0.278
X_other,X_other-05-20260923-194606,30,haar,150000,149936,108.0,33.15,37.266358,0.946772,87.871736,0.274,0.271
X_other,X_other-05-20260923-194606,30,97,200000,200000,144.0,36.67,42.230616,0.968301,95.48011,0.29,0.302
X_other,X_other-05-20260923-194606,30,haar,200000,199956,144.0,34.93,39.44446,0.955158,91.365869,0.268,0.268
X_other,X_other-05-20260923-194606,30,97,250000,249972,180.0,38.37,43.976007,0.974432,96.1279,0.27,0.273
X_other,X_other-05-20260923-194606,30,haar,250000,249984,180.0,36.23,41.187968,0.963793,93.040582,0.272,0.274
X_other,X_other-05-20260923-194606,30,97,300000,299968,216.0,39.4,45.509228,0.978166,96.413087,0.269,0.273
X_other,X_other-05-20260923-194606,30,haar,300000,300000,216.0,37.1,42.662913,0.969893,93.742323,0.269,0.268
X_other,X_other-05-20260923-194606,30,97,350000,349980,252.0,40.35,47.018544,0.982,96.583559,0.274,0.271
X_other,X_other-05-20260923-194606,30,haar,350000,349980,252.0,38.03,44.071437,0.974563,94.265295,0.274,0.27
X_other,X_other-05-20260923-194606,30,97,416667,416600,300.0,41.29,48.475145,0.985251,96.699218,0.272,0.268
X_other,X_other-05-20260923-194606,30,haar,416667,416664,300.0,39.13,45.832069,0.979296,94.858628,0.275,0.269
X_other,X_other-05-20260923-194606,30,97,500000,499920,360.0,42.09,49.517445,0.98725,96.844492,0.272,0.27
X_other,X_other-05-20260923-194606,30,haar,500000,499920,360.0,40.39,47.56985,0.983014,95.42029,0.267,0.288
X_other,X_other-05-20260923-194606,30,97,600000,599860,432.0,43.57,50.669506,0.989113,97.022333,0.266,0.267
X_other,X_other-05-20260923-194606,30,haar,600000,599876,432.0,42.02,48.940648,0.985637,96.054736,0.268,0.267
X_other,X_other-05-20260923-194606,30,97,700000,699900,504.0,45.36,51.601516,0.990525,97.130451,0.27,0.276
X_other,X_other-05-20260923-194606,30,haar,700000,699868,504.0,43.66,49.903435,0.987303,96.522922,0.268,0.272
X_other,X_other-05-20260923-194606,30,97,800000,799956,576.0,47.48,52.527997,0.99195,97.224972,0.268,0.27
X_other,X_other-05-20260923-194606,30,haar,800000,799996,576.0,45.06,50.738113,0.988689,96.745118,0.272,0.273
X_other,X_other-05-20260923-194606,30,97,1000000,999900,720.0,50.21,53.768764,0.994705,97.30417,0.268,0.271
X_other,X_other-05-20260923-194606,30,haar,1000000,999988,720.0,47.69,51.830339,0.99185,97.094311,0.298,0.306
X_other,X_other-05-20260923-194606,40,97,150000,149992,108.0,35.3,40.022107,0.960551,94.51851,0.329,0.274
X_other,X_other-05-20260923-194606,40,haar,150000,149992,108.0,33.05,37.196133,0.947278,87.411258,0.268,0.27
X_other,X_other-05-20260923-194606,40,97,200000,199892,144.0,36.64,42.122083,0.968128,95.50926,0.275,0.271
X_other,X_other-05-20260923-194606,40,haar,200000,199948,144.0,34.86,39.404431,0.955179,91.229491,0.271,0.267
X_other,X_other-05-20260923-194606,40,97,250000,249980,180.0,38.39,44.04252,0.974485,96.111979,0.269,0.271
X_other,X_other-05-20260923-194606,40,haar,250000,249988,180.0,36.24,41.242143,0.963862,93.026996,0.269,0.271
X_other,X_other-05-20260923-194606,40,97,300000,299992,216.0,39.42,45.532723,0.97801,96.388936,0.268,0.27
X_other,X_other-05-20260923-194606,40,haar,300000,299888,216.0,37.06,42.577197,0.969798,93.754504,0.275,0.271
X_other,X_other-05-20260923-194606,40,97,350000,349888,252.0,40.41,47.08197,0.982177,96.487094,0.273,0.268
X_other,X_other-05-20260923-194606,40,haar,350000,349940,252.0,38.01,44.067973,0.974577,94.277515,0.267,0.288
X_other,X_other-05-20260923-194606,40,97,416667,416544,300.0,41.23,48.503008,0.985253,96.649175,0.269,0.268
X_other,X_other-05-20260923-194606,40,haar,416667,416572,300.0,39.14,45.876217,0.979289,94.888464,0.269,0.274
X_other,X_other-05-20260923-194606,40,97,500000,499936,360.0,42.02,49.528358,0.987224,96.831064,0.274,0.268
X_other,X_other-05-20260923-194606,40,haar,500000,499944,360.0,40.58,47.572879,0.982994,95.547536,0.277,0.272
X_other,X_other-05-20260923-194606,40,97,600000,599916,432.0,43.52,50.670141,0.989044,97.020377,0.276,0.279
X_other,X_other-05-20260923-194606,40,haar,600000,599940,432.0,42.21,48.94057,0.9856,96.118929,0.268,0.276
X_other,X_other-05-20260923-194606,40,97,700000,699876,504.0,45.29,51.605016,0.990494,97.129056,0.269,0.266
X_other,X_other-05-20260923-194606,40,haar,700000,699952,504.0,43.77,49.902755,0.98731,96.533299,0.267,0.27
X_other,X_other-05-20260923-194606,40,97,800000,799900,576.0,47.55,52.550307,0.991988,97.228821,0.276,0.269
X_other,X_other-05-20260923-194606,40,haar,800000,799900,576.0,45.19,50.721694,0.988647,96.763004,0.27,0.271
X_other,X_other-05-20260923-194606,40,97,1000000,999872,720.0,50.25,53.726394,0.994753,97.301175,0.277,0.273
X_other,X_other-05-20260923-194606,40,haar,1000000,999984,720.0,47.7,51.822802,0.991823,97.076849,0.27,0.281
X_other,X_other-05-20260923-194606,50,97,150000,149924,108.0,35.27,39.978092,0.96055,94.449434,0.275,0.272
X_other,X_other-05-20260923-194606,50,haar,150000,149920,108.0,33.0,37.209049,0.947439,87.307967,0.269,0.288
X_other,X_other-05-20260923-194606,50,97,200000,199992,144.0,36.69,42.152719,0.968169,95.529409,0.27,0.27
X_other,X_other-05-20260923-194606,50,haar,200000,199980,144.0,34.71,39.36105,0.955196,91.062219,0.27,0.269
X_other,X_other-05-20260923-194606,50,97,250000,249984,180.0,38.42,44.081946,0.974533,96.11819,0.272,0.267
X_other,X_other-05-20260923-194606,50,haar,250000,249952,180.0,36.3,41.308528,0.963893,93.041002,0.269,0.27
X_other,X_other-05-20260923-194606,50,97,300000,299992,216.0,39.43,45.576622,0.977977,96.394574,0.274,0.27
X_other,X_other-05-20260923-194606,50,haar,300000,299944,216.0,37.1,42.636914,0.969808,93.765896,0.269,0.273
X_other,X_other-05-20260923-194606,50,97,350000,349932,252.0,40.4,47.070749,0.982089,96.56866,0.273,0.273
X_other,X_other-05-20260923-194606,50,haar,350000,349896,252.0,38.05,44.046516,0.974594,94.326128,0.27,0.268
X_other,X_other-05-20260923-194606,50,97,416667,416640,300.0,41.21,48.350492,0.985148,96.71789,0.27,0.269
X_other,X_other-05-20260923-194606,50,haar,416667,416648,300.0,39.11,45.719012,0.979352,94.878213,0.268,0.271
X_other,X_other-05-20260923-194606,50,97,500000,499968,360.0,42.1,49.487188,0.987233,96.857515,0.271,0.286
X_other,X_other-05-20260923-194606,50,haar,500000,499968,360.0,40.55,47.575071,0.983071,95.565977,0.271,0.27
X_other,X_other-05-20260923-194606,50,97,600000,599996,432.0,43.5,50.597541,0.988913,97.013204,0.272,0.27
X_other,X_other-05-20260923-194606,50,haar,600000,599940,432.0,42.17,48.952366,0.985667,96.120149,0.28,0.268
X_other,X_other-05-20260923-194606,50,97,700000,699896,504.0,45.33,51.650534,0.990493,97.127405,0.274,0.275
X_other,X_other-05-20260923-194606,50,haar,700000,699924,504.0,43.72,49.888006,0.987287,96.534281,0.269,0.269
X_other,X_other-05-20260923-194606,50,97,800000,799984,576.0,47.53,52.524018,0.991942,97.222816,0.271,0.269
X_other,X_other-05-20260923-194606,50,haar,800000,799952,576.0,45.18,50.696818,0.988629,96.76415,0.27,0.275
X_other,X_other-05-20260923-194606,50,97,1000000,999972,720.0,50.35,53.717324,0.994706,97.307015,0.288,0.3
X_other,X_other-05-20260923-194606,50,haar,1000000,999996,720.0,47.72,51.823558,0.991893,97.093555,0.269,0.275
X_other,X_other-05-20260923-194606,60,97,150000,149988,108.0,35.29,40.028452,0.960545,94.454647,0.285,0.274
X_other,X_other-05-20260923-194606,60,haar,150000,149980,108.0,33.05,37.209951,0.947016,87.54071,0.268,0.276
X_other,X_other-05-20260923-194606,60,97,200000,199992,144.0,36.64,42.181123,0.968246,95.506217,0.27,0.271
X_other,X_other-05-20260923-194606,60,haar,200000,200000,144.0,34.73,39.351677,0.95493,91.134128,0.269,0.265
X_other,X_other-05-20260923-194606,60,97,250000,249908,180.0,38.43,44.034668,0.974628,96.138808,0.268,0.277
X_other,X_other-05-20260923-194606,60,haar,250000,249988,180.0,36.27,41.26116,0.963757,93.099993,0.267,0.267
X_other,X_other-05-20260923-194606,60,97,300000,299892,216.0,39.42,45.510138,0.978,96.414562,0.268,0.266
X_other,X_other-05-20260923-194606,60,haar,300000,299988,216.0,37.09,42.644566,0.969915,93.767796,0.265,0.276
X_other,X_other-05-20260923-194606,60,97,350000,349980,252.0,40.45,47.081578,0.982167,96.561851,0.267,0.289
X_other,X_other-05-20260923-194606,60,haar,350000,349972,252.0,38.03,44.084906,0.974738,94.321099,0.273,0.265
X_other,X_other-05-20260923-194606,60,97,416667,416648,300.0,41.23,48.391469,0.985208,96.698244,0.277,0.269
X_other,X_other-05-20260923-194606,60,haar,416667,416568,300.0,39.15,45.899979,0.979426,94.907036,0.272,0.273
X_other,X_other-05-20260923-194606,60,97,500000,499948,360.0,42.11,49.472807,0.987271,96.871123,0.274,0.269
X_other,X_other-05-20260923-194606,60,haar,500000,499972,360.0,40.52,47.584751,0.98304,95.561383,0.273,0.267
X_other,X_other-05-20260923-194606,60,97,600000,599996,432.0,43.51,50.640528,0.989011,97.047618,0.271,0.271
X_other,X_other-05-20260923-194606,60,haar,600000,599912,432.0,42.11,48.929237,0.985625,96.104626,0.264,0.269
X_other,X_other-05-20260923-194606,60,97,700000,699944,504.0,45.27,51.605992,0.990486,97.131049,0.271,0.268
X_other,X_other-05-20260923-194606,60,haar,700000,699864,504.0,43.79,49.886673,0.987285,96.549595,0.273,0.29
X_other,X_other-05-20260923-194606,60,97,800000,799928,576.0,47.56,52.550317,0.991942,97.236903,0.269,0.268
X_other,X_other-05-20260923-194606,60,haar,800000,799996,576.0,45.17,50.697821,0.988634,96.774195,0.266,0.267
X_other,X_other-05-20260923-194606,60,97,1000000,999992,720.0,50.26,53.742303,0.994748,97.320171,0.271,0.269
X_other,X_other-05-20260923-194606,60,haar,1000000,999964,720.0,47.78,51.829602,0.991802,97.109951,0.268,0.272
X_other,X_other-05-20260923-194606,70,97,150000,149940,108.0,35.32,39.991388,0.960621,94.492435,0.273,0.272
X_other,X_other-05-20260923-194606,70,haar,150000,149984,108.0,33.02,37.214324,0.946817,87.369781,0.277,0.28
X_other,X_other-05-20260923-194606,70,97,200000,199992,144.0,36.62,42.15094,0.968247,95.486797,0.272,0.273
X_other,X_other-05-20260923-194606,70,haar,200000,199948,144.0,34.8,39.391165,0.954665,91.177122,0.272,0.271
X_other,X_other-05-20260923-194606,70,97,250000,249892,180.0,38.41,44.081597,0.974755,96.123089,0.271,0.272
X_other,X_other-05-20260923-194606,70,haar,250000,249968,180.0,36.27,41.256681,0.963656,93.098403,0.275,0.269
X_other,X_other-05-20260923-194606,70,97,300000,299992,216.0,39.44,45.544194,0.978137,96.377417,0.271,0.283
X_other,X_other-05-20260923-194606,70,haar,300000,299952,216.0,37.11,42.633843,0.96979,93.775952,0.269,0.271
X_other,X_other-05-20260923-194606,70,97,350000,349988,252.0,40.45,47.040999,0.98208,96.582362,0.267,0.274
X_other,X_other-05-20260923-194606,70,haar,350000,349872,252.0,38.04,44.144479,0.974618,94.29429,0.272,0.272
X_other,X_other-05-20260923-194606,70,97,416667,416640,300.0,41.26,48.381448,0.985195,96.715345,0.276,0.267
X_other,X_other-05-20260923-194606,70,haar,416667,416660,300.0,39.14,45.947086,0.979438,94.85196,0.269,0.275
X_other,X_other-05-20260923-194606,70,97,500000,499996,360.0,42.15,49.478897,0.987271,96.867257,0.27,0.27
X_other,X_other-05-20260923-194606,70,haar,500000,499988,360.0,40.53,47.61881,0.983102,95.497358,0.267,0.293
X_other,X_other-05-20260923-194606,70,97,600000,599948,432.0,43.61,50.645488,0.989091,97.033806,0.271,0.27
X_other,X_other-05-20260923-194606,70,haar,600000,599896,432.0,42.18,48.969311,0.985689,96.105498,0.275,0.271
X_other,X_other-05-20260923-194606,70,97,700000,699964,504.0,45.33,51.610502,0.990507,97.131471,0.266,0.273
X_other,X_other-05-20260923-194606,70,haar,700000,699916,504.0,43.73,49.89875,0.987319,96.544428,0.268,0.276
X_other,X_other-05-20260923-194606,70,97,800000,799936,576.0,47.51,52.522028,0.991966,97.2252,0.271,0.273
X_other,X_other-05-20260923-194606,70,haar,800000,799880,576.0,45.12,50.701882,0.98864,96.738371,0.27,0.275
X_other,X_other-05-20260923-194606,70,97,1000000,999952,720.0,50.14,53.735949,0.994744,97.315933,0.268,0.276
X_other,X_other-05-20260923-194606,70,haar,1000000,999964,720.0,47.75,51.815512,0.991738,97.095671,0.27,0.267
X_other,X_other-05-20260923-194606,80,97,150000,149960,108.0,35.36,40.019097,0.960486,94.463842,0.275,0.271
X_other,X_other-05-20260923-194606,80,haar,150000,149988,108.0,33.01,37.205629,0.947163,87.498008,0.27,0.271
X_other,X_other-05-20260923-194606,80,97,200000,199992,144.0,36.65,42.133143,0.968361,95.487146,0.282,0.275
X_other,X_other-05-20260923-194606,80,haar,200000,199960,144.0,34.78,39.397943,0.954915,91.162449,0.266,0.269
X_other,X_other-05-20260923-194606,80,97,250000,249964,180.0,38.41,44.081327,0.974824,96.11855,0.271,0.268
X_other,X_other-05-20260923-194606,80,haar,250000,249976,180.0,36.3,41.257148,0.963567,93.091398,0.267,0.271
X_other,X_other-05-20260923-194606,80,97,300000,299936,216.0,39.4,45.527909,0.978178,96.395146,0.268,0.265
X_other,X_other-05-20260923-194606,80,haar,300000,299944,216.0,37.13,42.663328,0.969777,93.786372,0.271,0.269
X_other,X_other-05-20260923-194606,80,97,350000,349984,252.0,40.43,47.070286,0.982165,96.520306,0.273,0.27
X_other,X_other-05-20260923-194606,80,haar,350000,349908,252.0,38.0,44.130979,0.974618,94.273757,0.27,0.268
X_other,X_other-05-20260923-194606,80,97,416667,416652,300.0,41.23,48.406408,0.985228,96.686918,0.271,0.28
X_other,X_other-05-20260923-194606,80,haar,416667,416636,300.0,39.12,45.97166,0.979371,94.842629,0.268,0.29
X_other,X_other-05-20260923-194606,80,97,500000,499980,360.0,42.1,49.469276,0.987259,96.852175,0.267,0.27
X_other,X_other-05-20260923-194606,80,haar,500000,499920,360.0,40.6,47.618263,0.983117,95.550164,0.271,0.276
X_other,X_other-05-20260923-194606,80,97,600000,599932,432.0,43.53,50.621371,0.988999,97.028255,0.27,0.273
X_other,X_other-05-20260923-194606,80,haar,600000,599908,432.0,42.17,48.965823,0.985666,96.127816,0.267,0.268
X_other,X_other-05-20260923-194606,80,97,700000,699916,504.0,45.34,51.630219,0.990484,97.132458,0.279,0.278
X_other,X_other-05-20260923-194606,80,haar,700000,699876,504.0,43.73,49.871407,0.987307,96.539227,0.271,0.27
X_other,X_other-05-20260923-194606,80,97,800000,799932,576.0,47.54,52.519585,0.991975,97.224922,0.267,0.266
X_other,X_other-05-20260923-194606,80,haar,800000,799888,576.0,45.14,50.720591,0.988632,96.770854,0.27,0.276
X_other,X_other-05-20260923-194606,80,97,1000000,999984,720.0,50.2,53.721597,0.994753,97.316841,0.271,0.268
X_other,X_other-05-20260923-194606,80,haar,1000000,999976,720.0,47.71,51.794024,0.991778,97.105935,0.271,0.268
X_other,X_other-06-20260923-194622,0,97,150000,149948,108.0,35.25,40.029918,0.960824,94.477295,0.277,0.269
X_other,X_other-06-20260923-194622,0,haar,150000,149972,108.0,33.05,37.237514,0.947365,87.430021,0.269,0.27
X_other,X_other-06-20260923-194622,0,97,200000,199996,144.0,36.67,42.154497,0.968338,95.51234,0.273,0.269
X_other,X_other-06-20260923-194622,0,haar,200000,199964,144.0,34.66,39.290501,0.954953,90.90547,0.267,0.269
X_other,X_other-06-20260923-194622,0,97,250000,249992,180.0,38.34,44.067972,0.974674,96.104758,0.266,0.269
X_other,X_other-06-20260923-194622,0,haar,250000,249964,180.0,36.23,41.219455,0.963704,93.011833,0.269,0.271
X_other,X_other-06-20260923-194622,0,97,300000,299980,216.0,39.43,45.565105,0.978315,96.377509,0.272,0.273
X_other,X_other-06-20260923-194622,0,haar,300000,299988,216.0,37.09,42.582913,0.969845,93.714841,0.276,0.276
X_other,X_other-06-20260923-194622,0,97,350000,349968,252.0,40.4,47.033587,0.982175,96.5023,0.27,0.297
X_other,X_other-06-20260923-194622,0,haar,350000,349984,252.0,38.07,44.194811,0.974649,94.300818,0.276,0.268
X_other,X_other-06-20260923-194622,0,97,416667,416620,300.0,41.31,48.530196,0.985271,96.680835,0.266,0.269
X_other,X_other-06-20260923-194622,0,haar,416667,416580,300.0,39.18,45.93498,0.979433,94.802838,0.27,0.27
X_other,X_other-06-20260923-194622,0,97,500000,500000,360.0,42.07,49.525771,0.987285,96.831143,0.273,0.272
X_other,X_other-06-20260923-194622,0,haar,500000,499892,360.0,40.46,47.612229,0.983054,95.437251,0.273,0.268
X_other,X_other-06-20260923-194622,0,97,600000,599932,432.0,43.43,50.608698,0.989043,96.999351,0.27,0.271
X_other,X_other-06-20260923-194622,0,haar,600000,599936,432.0,42.1,48.912873,0.985655,96.051076,0.267,0.273
X_other,X_other-06-20260923-194622,0,97,700000,699860,504.0,45.34,51.594262,0.990468,97.13223,0.271,0.268
X_other,X_other-06-20260923-194622,0,haar,700000,699960,504.0,43.71,49.906026,0.987301,96.536346,0.271,0.271
X_other,X_other-06-20260923-194622,0,97,800000,799964,576.0,47.57,52.538485,0.991926,97.235024,0.267,0.272
X_other,X_other-06-20260923-194622,0,haar,800000,799888,576.0,45.17,50.724354,0.988645,96.763301,0.267,0.275
X_other,X_other-06-20260923-194622,0,97,1000000,999976,720.0,50.2,53.71964,0.994748,97.310931,0.268,0.27
X_other,X_other-06-20260923-194622,0,haar,1000000,999916,720.0,47.76,51.819985,0.99176,97.09363,0.277,0.269
X_other,X_other-06-20260923-194622,10,97,150000,149908,108.0,35.27,40.008694,0.960577,94.444646,0.276,0.271
X_other,X_other-06-20260923-194622,10,haar,150000,149984,108.0,33.09,37.259615,0.946905,87.558559,0.271,0.279
X_other,X_other-06-20260923-194622,10,97,200000,199932,144.0,36.71,42.145775,0.968288,95.505181,0.276,0.269
X_other,X_other-06-20260923-194622,10,haar,200000,199992,144.0,34.64,39.263029,0.954916,90.879016,0.281,0.306
X_other,X_other-06-20260923-194622,10,97,250000,249960,180.0,38.38,44.016268,0.97472,96.108792,0.274,0.266
X_other,X_other-06-20260923-194622,10,haar,250000,249916,180.0,36.24,41.286314,0.963783,92.969736,0.266,0.272
X_other,X_other-06-20260923-194622,10,97,300000,300000,216.0,39.44,45.58655,0.978237,96.37787,0.269,0.27
X_other,X_other-06-20260923-194622,10,haar,300000,299996,216.0,37.07,42.608667,0.969857,93.655223,0.272,0.269
X_other,X_other-06-20260923-194622,10,97,350000,349916,252.0,40.42,47.05631,0.982262,96.510213,0.282,0.271
X_other,X_other-06-20260923-194622,10,haar,350000,349980,252.0,38.05,44.170124,0.974589,94.271748,0.268,0.276
X_other,X_other-06-20260923-194622,10,97,416667,416660,300.0,41.35,48.548778,0.985354,96.718686,0.27,0.272
X_other,X_other-06-20260923-194622,10,haar,416667,416616,300.0,39.17,45.810819,0.979418,94.822694,0.27,0.269
X_other,X_other-06-20260923-194622,10,97,500000,499976,360.0,42.1,49.573162,0.987346,96.852743,0.275,0.268
X_other,X_other-06-20260923-194622,10,haar,500000,499888,360.0,40.45,47.546763,0.983075,95.421948,0.269,0.272
X_other,X_other-06-20260923-194622,10,97,600000,600000,432.0,43.49,50.616417,0.989054,97.010188,0.274,0.265
X_other,X_other-06-20260923-194622,10,haar,600000,599992,432.0,42.01,48.900421,0.985604,96.038112,0.271,0.267
X_other,X_other-06-20260923-194622,10,97,700000,699968,504.0,45.27,51.585449,0.990464,97.135552,0.268,0.277
X_other,X_other-06-20260923-194622,10,haar,700000,699956,504.0,43.73,49.886757,0.987286,96.52435,0.271,0.267
X_other,X_other-06-20260923-194622,10,97,800000,799960,576.0,47.52,52.533416,0.991923,97.232086,0.27,0.268
X_other,X_other-06-20260923-194622,10,haar,800000,799952,576.0,45.27,50.740358,0.988647,96.788188,0.266,0.271
X_other,X_other-06-20260923-194622,10,97,1000000,999928,720.0,50.18,53.736019,0.994773,97.308461,0.27,0.27
X_other,X_other-06-20260923-194622,10,haar,1000000,999996,720.0,47.7,51.844415,0.99185,97.092529,0.27,0.269
X_other,X_other-06-20260923-194622,20,97,150000,149984,108.0,35.26,40.026519,0.960719,94.404483,0.293,0.299
X_other,X_other-06-20260923-194622,20,haar,150000,149992,108.0,33.03,37.229555,0.947224,87.374567,0.265,0.268
X_other,X_other-06-20260923-194622,20,97,200000,199944,144.0,36.66,42.163166,0.968266,95.487142,0.269,0.267
X_other,X_other-06-20260923-194622,20,haar,200000,200000,144.0,34.71,39.333252,0.955145,90.955932,0.27,0.268
X_other,X_other-06-20260923-194622,20,97,250000,249968,180.0,38.32,44.002578,0.974563,96.107308,0.274,0.268
X_other,X_other-06-20260923-194622,20,haar,250000,249996,180.0,36.21,41.255408,0.963708,92.929443,0.268,0.268
X_other,X_other-06-20260923-194622,20,97,300000,299960,216.0,39.41,45.520106,0.978088,96.380688,0.27,0.271
X_other,X_other-06-20260923-194622,20,haar,300000,299976,216.0,37.05,42.528583,0.969814,93.631685,0.273,0.266
X_other,X_other-06-20260923-194622,20,97,350000,349976,252.0,40.4,47.039133,0.98218,96.512815,0.268,0.273
X_other,X_other-06-20260923-194622,20,haar,350000,349860,252.0,38.05,44.154071,0.974623,94.266117,0.27,0.272
X_other,X_other-06-20260923-194622,20,97,416667,416592,300.0,41.33,48.527438,0.985324,96.698804,0.269,0.271
X_other,X_other-06-20260923-194622,20,haar,416667,416568,300.0,39.15,45.770956,0.979381,94.814126,0.272,0.272
X_other,X_other-06-20260923-194622,20,97,500000,499944,360.0,42.13,49.54545,0.987361,96.853893,0.273,0.275
X_other,X_other-06-20260923-194622,20,haar,500000,499884,360.0,40.42,47.532193,0.98303,95.392775,0.271,0.265
X_other,X_other-06-20260923-194622,20,97,600000,599904,432.0,43.59,50.649982,0.989101,97.024413,0.272,0.269
X_other,X_other-06-20260923-194622,20,haar,600000,599908,432.0,42.1,48.885876,0.985637,96.075134,0.268,0.275
X_other,X_other-06-20260923-194622,20,97,700000,699976,504.0,45.42,51.592892,0.990499,97.135028,0.268,0.275
X_other,X_other-06-20260923-194622,20,haar,700000,699956,504.0,43.76,49.903923,0.987293,96.535642,0.271,0.268
X_other,X_other-06-20260923-194622,20,97,800000,799916,576.0,47.6,52.532996,0.991942,97.232651,0.268,0.275
X_other,X_other-06-20260923-194622,20,haar,800000,799920,576.0,45.25,50.747018,0.988682,96.78237,0.293,0.297
X_other,X_other-06-20260923-194622,20,97,1000000,999948,720.0,50.2,53.732132,0.994768,97.313781,0.27,0.27
X_other,X_other-06-20260923-194622,20,haar,1000000,999992,720.0,47.74,51.825062,0.991718,97.087501,0.272,0.269
X_other,X_other-06-20260923-194622,30,97,150000,149984,108.0,35.26,40.011242,0.960728,94.413168,0.274,0.272
X_other,X_other-06-20260923-194622,30,haar,150000,149992,108.0,33.11,37.267666,0.947166,87.620955,0.273,0.269
X_other,X_other-06-20260923-194622,30,97,200000,199924,144.0,36.68,42.172964,0.968285,95.484561,0.273,0.269
X_other,X_other-06-20260923-194622,30,haar,200000,199976,144.0,34.78,39.367844,0.955102,91.070918,0.268,0.271
X_other,X_other-06-20260923-194622,30,97,250000,249936,180.0,38.39,44.04761,0.974761,96.072289,0.269,0.265
X_other,X_other-06-20260923-194622,30,haar,250000,249932,180.0,36.21,41.250027,0.963712,92.958461,0.273,0.273
X_other,X_other-06-20260923-194622,30,97,300000,299976,216.0,39.45,45.548287,0.978215,96.361252,0.268,0.272
X_other,X_other-06-20260923-194622,30,haar,300000,299936,216.0,37.06,42.532764,0.969867,93.660997,0.271,0.272
X_other,X_other-06-20260923-194622,30,97,350000,349964,252.0,40.39,47.000674,0.982121,96.505196,0.284,0.27
X_other,X_other-06-20260923-194622,30,haar,350000,349968,252.0,38.05,44.116207,0.974567,94.297558,0.268,0.269
X_other,X_other-06-20260923-194622,30,97,416667,416644,300.0,41.3,48.473761,0.985263,96.686222,0.267,0.278
X_other,X_other-06-20260923-194622,30,haar,416667,416540,300.0,39.16,45.776036,0.979368,94.831916,0.267,0.268
X_other,X_other-06-20260923-194622,30,97,500000,499980,360.0,42.13,49.53027,0.987315,96.852482,0.269,0.268
X_other,X_other-06-20260923-194622,30,haar,500000,499980,360.0,40.47,47.567432,0.983074,95.441849,0.269,0.272
X_other,X_other-06-20260923-194622,30,97,600000,599888,432.0,43.59,50.616456,0.989025,97.015615,0.269,0.266
X_other,X_other-06-20260923-194622,30,haar,600000,599876,432.0,42.1,48.941724,0.985675,96.06181,0.27,0.269
X_other,X_other-06-20260923-194622,30,97,700000,699956,504.0,45.44,51.552946,0.990456,97.133013,0.269,0.294
X_other,X_other-06-20260923-194622,30,haar,700000,699968,504.0,43.71,49.881113,0.987279,96.520635,0.267,0.27
X_other,X_other-06-20260923-194622,30,97,800000,799972,576.0,47.65,52.516946,0.991944,97.231321,0.269,0.267
X_other,X_other-06-20260923-194622,30,haar,800000,799928,576.0,45.25,50.747978,0.988652,96.785772,0.277,0.272
X_other,X_other-06-20260923-194622,30,97,1000000,999952,720.0,50.24,53.714678,0.994727,97.306802,0.27,0.274
X_other,X_other-06-20260923-194622,30,haar,1000000,999972,720.0,47.73,51.834533,0.991826,97.084372,0.268,0.273
X_other,X_other-06-20260923-194622,40,97,150000,149984,108.0,35.28,40.053712,0.960636,94.423037,0.274,0.265
X_other,X_other-06-20260923-194622,40,haar,150000,149984,108.0,33.09,37.2472,0.94723,87.587521,0.27,0.278
X_other,X_other-06-20260923-194622,40,97,200000,199992,144.0,36.66,42.183215,0.968284,95.487198,0.271,0.268
X_other,X_other-06-20260923-194622,40,haar,200000,199940,144.0,34.68,39.334972,0.955155,90.950402,0.268,0.27
X_other,X_other-06-20260923-194622,40,97,250000,249936,180.0,38.39,44.038846,0.974752,96.095216,0.288,0.267
X_other,X_other-06-20260923-194622,40,haar,250000,249976,180.0,36.18,41.235512,0.963554,92.93027,0.267,0.273
X_other,X_other-06-20260923-194622,40,97,300000,299960,216.0,39.37,45.471689,0.9781,96.376257,0.268,0.269
X_other,X_other-06-20260923-194622,40,haar,300000,299956,216.0,37.07,42.541839,0.96973,93.654715,0.271,0.273
X_other,X_other-06-20260923-194622,40,97,350000,349976,252.0,40.35,47.022963,0.982176,96.502522,0.269,0.268
X_other,X_other-06-20260923-194622,40,haar,350000,349924,252.0,38.05,44.12761,0.974611,94.277759,0.268,0.271
X_other,X_other-06-20260923-194622,40,97,416667,416656,300.0,41.27,48.409155,0.985245,96.710218,0.268,0.273
X_other,X_other-06-20260923-194622,40,haar,416667,416640,300.0,39.18,45.821784,0.979407,94.855694,0.267,0.277
X_other,X_other-06-20260923-194622,40,97,500000,499976,360.0,42.12,49.522183,0.987321,96.870333,0.268,0.265
X_other,X_other-06-20260923-194622,40,haar,500000,499860,360.0,40.49,47.569318,0.983084,95.458158,0.268,0.271
X_other,X_other-06-20260923-194622,40,97,600000,599944,432.0,43.56,50.60742,0.988993,97.029627,0.268,0.293
X_other,X_other-06-20260923-194622,40,haar,600000,599956,432.0,42.09,48.956265,0.985657,96.055473,0.27,0.269
X_other,X_other-06-20260923-194622,40,97,700000,699940,504.0,45.46,51.56102,0.990494,97.141056,0.267,0.276
X_other,X_other-06-20260923-194622,40,haar,700000,699972,504.0,43.71,49.887505,0.987293,96.532996,0.27,0.271
X_other,X_other-06-20260923-194622,40,97,800000,799928,576.0,47.7,52.545191,0.991975,97.236366,0.272,0.276
X_other,X_other-06-20260923-194622,40,haar,800000,799860,576.0,45.21,50.712884,0.988647,96.781517,0.266,0.271
X_other,X_other-06-20260923-194622,40,97,1000000,999892,720.0,50.27,53.723314,0.994736,97.314215,0.268,0.266
X_other,X_other-06-20260923-194622,40,haar,1000000,999992,720.0,47.74,51.801578,0.991729,97.093524,0.273,0.269
X_other,X_other-06-20260923-194622,50,97,150000,149948,108.0,35.26,40.020737,0.9606,94.458468,0.273,0.273
X_other,X_other-06-20260923-194622,50,haar,150000,149964,108.0,33.11,37.283294,0.947123,87.681014,0.27,0.277
X_other,X_other-06-20260923-194622,50,97,200000,199996,144.0,36.71,42.186462,0.968331,95.495373,0.27,0.277
X_other,X_other-06-20260923-194622,50,haar,200000,199960,144.0,34.78,39.378051,0.954996,91.101919,0.278,0.273
X_other,X_other-06-20260923-194622,50,97,250000,249904,180.0,38.37,44.042481,0.974747,96.084271,0.284,0.277
X_other,X_other-06-20260923-194622,50,haar,250000,249892,180.0,36.19,41.22332,0.963669,92.958907,0.272,0.272
X_other,X_other-06-20260923-194622,50,97,300000,299968,216.0,39.43,45.521001,0.978143,96.391513,0.269,0.273
X_other,X_other-06-20260923-194622,50,haar,300000,299916,216.0,37.07,42.559015,0.969717,93.700759,0.268,0.27
X_other,X_other-06-20260923-194622,50,97,350000,349984,252.0,40.38,47.045646,0.982175,96.514089,0.298,0.336
X_other,X_other-06-20260923-194622,50,haar,350000,349932,252.0,38.04,44.12243,0.974481,94.289397,0.285,0.273
X_other,X_other-06-20260923-194622,50,97,416667,416632,300.0,41.31,48.531875,0.98532,96.703434,0.269,0.28
X_other,X_other-06-20260923-194622,50,haar,416667,416556,300.0,39.2,45.857054,0.979408,94.87584,0.268,0.268
X_other,X_other-06-20260923-194622,50,97,500000,499952,360.0,42.13,49.561543,0.987338,96.852498,0.272,0.274
X_other,X_other-06-20260923-194622,50,haar,500000,499924,360.0,40.45,47.555358,0.983078,95.442723,0.27,0.269
X_other,X_other-06-20260923-194622,50,97,600000,599888,432.0,43.59,50.61724,0.989037,97.028009,0.273,0.277
X_other,X_other-06-20260923-194622,50,haar,600000,599956,432.0,42.09,48.935676,0.985653,96.041603,0.271,0.294
X_other,X_other-06-20260923-194622,50,97,700000,699860,504.0,45.44,51.592407,0.990482,97.138846,0.275,0.279
X_other,X_other-06-20260923-194622,50,haar,700000,699980,504.0,43.74,49.895093,0.987299,96.534554,0.272,0.286
X_other,X_other-06-20260923-194622,50,97,800000,799968,576.0,47.67,52.518896,0.991936,97.230989,0.284,0.284
X_other,X_other-06-20260923-194622,50,haar,800000,799876,576.0,45.16,50.733311,0.988645,96.767653,0.282,0.285
X_other,X_other-06-20260923-194622,50,97,1000000,999964,720.0,50.22,53.716815,0.994725,97.306239,0.276,0.277
X_other,X_other-06-20260923-194622,50,haar,1000000,999980,720.0,47.77,51.819148,0.991675,97.089978,0.278,0.277
X_other,X_other-06-20260923-194622,60,97,150000,149940,108.0,35.3,40.018249,0.960548,94.459034,0.307,0.286
X_other,X_other-06-20260923-194622,60,haar,150000,149980,108.0,33.16,37.346144,0.946847,87.727505,0.284,0.279
X_other,X_other-06-20260923-194622,60,97,200000,199936,144.0,36.73,42.177155,0.968197,95.532227,0.285,0.28
X_other,X_other-06-20260923-194622,60,haar,200000,199988,144.0,34.72,39.356204,0.955151,91.002643,0.274,0.283
X_other,X_other-06-20260923-194622,60,97,250000,249952,180.0,38.36,44.06483,0.974623,96.106548,0.29,0.285
X_other,X_other-06-20260923-194622,60,haar,250000,249944,180.0,36.23,41.248185,0.963658,92.99114,0.295,0.294
X_other,X_other-06-20260923-194622,60,97,300000,299980,216.0,39.46,45.582048,0.978128,96.388263,0.269,0.272
X_other,X_other-06-20260923-194622,60,haar,300000,299996,216.0,37.1,42.565378,0.969781,93.695569,0.267,0.266
X_other,X_other-06-20260923-194622,60,97,350000,349972,252.0,40.41,47.047234,0.982196,96.503891,0.266,0.273
X_other,X_other-06-20260923-194622,60,haar,350000,349916,252.0,38.03,44.101275,0.974566,94.27487,0.269,0.272
X_other,X_other-06-20260923-194622,60,97,416667,416648,300.0,41.32,48.52027,0.985301,96.684309,0.273,0.273
X_other,X_other-06-20260923-194622,60,haar,416667,416600,300.0,39.2,45.850657,0.979344,94.906759,0.274,0.267
X_other,X_other-06-20260923-194622,60,97,500000,499892,360.0,42.11,49.536471,0.987317,96.835812,0.267,0.27
X_other,X_other-06-20260923-194622,60,haar,500000,499976,360.0,40.45,47.532927,0.983012,95.445311,0.271,0.271
X_other,X_other-06-20260923-194622,60,97,600000,599908,432.0,43.56,50.614004,0.989011,97.008128,0.27,0.271
X_other,X_other-06-20260923-194622,60,haar,600000,599980,432.0,42.01,48.921863,0.985585,96.030243,0.276,0.271
X_other,X_other-06-20260923-194622,60,97,700000,699876,504.0,45.33,51.623953,0.9905,97.120806,0.275,0.285
X_other,X_other-06-20260923-194622,60,haar,700000,699888,504.0,43.64,49.868951,0.987274,96.503793,0.268,0.269
X_other,X_other-06-20260923-194622,60,97,800000,799924,576.0,47.5,52.530498,0.991935,97.219838,0.266,0.27
X_other,X_other-06-20260923-194622,60,haar,800000,799892,576.0,45.19,50.725522,0.988658,96.765764,0.276,0.269
X_other,X_other-06-20260923-194622,60,97,1000000,999920,720.0,50.26,53.723344,0.994764,97.303396,0.268,0.27
X_other,X_other-06-20260923-194622,60,haar,1000000,999988,720.0,47.76,51.811615,0.991765,97.097882,0.27,0.273
X_other,X_other-06-20260923-194622,70,97,150000,149996,108.0,35.32,40.027714,0.960591,94.517394,0.286,0.265
X_other,X_other-06-20260923-194622,70,haar,150000,149984,108.0,33.12,37.286414,0.946635,87.724175,0.27,0.27
X_other,X_other-06-20260923-194622,70,97,200000,199964,144.0,36.68,42.215335,0.968333,95.496768,0.292,0.296
X_other,X_other-06-20260923-194622,70,haar,200000,199972,144.0,34.72,39.326568,0.955001,91.021248,0.267,0.265
X_other,X_other-06-20260923-194622,70,97,250000,249996,180.0,38.39,44.050313,0.974671,96.113061,0.265,0.269
X_other,X_other-06-20260923-194622,70,haar,250000,249984,180.0,36.22,41.258729,0.963736,92.958249,0.268,0.267
X_other,X_other-06-20260923-194622,70,97,300000,299936,216.0,39.39,45.507101,0.978111,96.383957,0.266,0.273
X_other,X_other-06-20260923-194622,70,haar,300000,299960,216.0,37.06,42.534967,0.969744,93.669663,0.271,0.263
X_other,X_other-06-20260923-194622,70,97,350000,349996,252.0,40.4,47.087742,0.982233,96.50658,0.268,0.27
X_other,X_other-06-20260923-194622,70,haar,350000,349928,252.0,38.02,44.107464,0.974556,94.264564,0.267,0.267
X_other,X_other-06-20260923-194622,70,97,416667,416628,300.0,41.24,48.453486,0.985251,96.689414,0.267,0.269
X_other,X_other-06-20260923-194622,70,haar,416667,416664,300.0,39.17,45.798621,0.979385,94.88812,0.269,0.272
X_other,X_other-06-20260923-194622,70,97,500000,499960,360.0,42.13,49.538036,0.987312,96.86208,0.266,0.268
X_other,X_other-06-20260923-194622,70,haar,500000,499956,360.0,40.54,47.548397,0.983029,95.494449,0.266,0.279
X_other,X_other-06-20260923-194622,70,97,600000,599852,432.0,43.55,50.625656,0.989043,97.017255,0.272,0.271
X_other,X_other-06-20260923-194622,70,haar,600000,599864,432.0,42.1,48.90965,0.985582,96.050071,0.276,0.267
X_other,X_other-06-20260923-194622,70,97,700000,699900,504.0,45.35,51.59,0.990449,97.119337,0.268,0.271
X_other,X_other-06-20260923-194622,70,haar,700000,699864,504.0,43.67,49.887145,0.9873,96.504864,0.268,0.275
X_other,X_other-06-20260923-194622,70,97,800000,799904,576.0,47.53,52.51766,0.991896,97.229704,0.269,0.274
X_other,X_other-06-20260923-194622,70,haar,800000,799936,576.0,45.13,50.717699,0.988634,96.745894,0.269,0.281
X_other,X_other-06-20260923-194622,70,97,1000000,999968,720.0,50.17,53.713144,0.994751,97.30094,0.267,0.275
X_other,X_other-06-20260923-194622,70,haar,1000000,999988,720.0,47.76,51.810609,0.991778,97.098852,0.268,0.294
X_other,X_other-06-20260923-194622,80,97,150000,149940,108.0,35.28,40.01202,0.960617,94.493584,0.289,0.269
X_other,X_other-06-20260923-194622,80,haar,150000,149948,108.0,33.11,37.242761,0.946677,87.681583,0.267,0.274
X_other,X_other-06-20260923-194622,80,97,200000,199924,144.0,36.63,42.190822,0.96841,95.484629,0.268,0.27
X_other,X_other-06-20260923-194622,80,haar,200000,199976,144.0,34.75,39.363547,0.955123,91.07217,0.274,0.268
X_other,X_other-06-20260923-194622,80,97,250000,249988,180.0,38.41,44.097673,0.974676,96.133921,0.279,0.271
X_other,X_other-06-20260923-194622,80,haar,250000,249960,180.0,36.22,41.260011,0.963684,92.963586,0.272,0.269
X_other,X_other-06-20260923-194622,80,97,300000,300000,216.0,39.44,45.548397,0.978141,96.387545,0.267,0.271
X_other,X_other-06-20260923-194622,80,haar,300000,299980,216.0,37.06,42.528167,0.969708,93.647147,0.266,0.27
X_other,X_other-06-20260923-194622,80,97,350000,349960,252.0,40.4,47.049641,0.982138,96.516569,0.272,0.268
X_other,X_other-06-20260923-194622,80,haar,350000,349976,252.0,38.01,44.062277,0.974449,94.240175,0.267,0.27
X_other,X_other-06-20260923-194622,80,97,416667,416600,300.0,41.3,48.521072,0.985271,96.69423,0.265,0.268
X_other,X_other-06-20260923-194622,80,haar,416667,416664,300.0,39.19,45.829483,0.97929,94.860942,0.265,0.276
X_other,X_other-06-20260923-194622,80,97,500000,499992,360.0,42.1,49.563464,0.987332,96.848533,0.27,0.273
X_other,X_other-06-20260923-194622,80,haar,500000,499912,360.0,40.5,47.532234,0.983003,95.46948,0.27,0.275
X_other,X_other-06-20260923-194622,80,97,600000,599980,432.0,43.61,50.653735,0.98909,97.026023,0.267,0.268
X_other,X_other-06-20260923-194622,80,haar,600000,599964,432.0,42.08,48.919663,0.985598,96.047318,0.27,0.27
X_other,X_other-06-20260923-194622,80,97,700000,699944,504.0,45.34,51.575238,0.990425,97.121489,0.292,0.293
X_other,X_other-06-20260923-194622,80,haar,700000,699984,504.0,43.69,49.882985,0.987273,96.521617,0.273,0.268
X_other,X_other-06-20260923-194622,80,97,800000,799884,576.0,47.57,52.508994,0.991917,97.21557,0.266,0.271
X_other,X_other-06-20260923-194622,80,haar,800000,799860,576.0,45.23,50.746868,0.988647,96.788584,0.269,0.286
X_other,X_other-06-20260923-194622,80,97,1000000,999992,720.0,50.29,53.714008,0.99475,97.297305,0.27,0.27
X_other,X_other-06-20260923-194622,80,haar,1000000,999968,720.0,47.76,51.82542,0.991661,97.097597,0.273,0.278
X_other,X_other-07-20260923-194639,0,97,150000,149952,108.0,35.39,39.734449,0.956496,94.342401,0.279,0.266
X_other,X_other-07-20260923-194639,0,haar,150000,149940,108.0,33.22,36.956587,0.942933,87.214792,0.269,0.27
X_other,X_other-07-20260923-194639,0,97,200000,199996,144.0,36.64,41.909509,0.965216,95.367521,0.272,0.27
X_other,X_other-07-20260923-194639,0,haar,200000,199996,144.0,34.79,39.004444,0.951634,90.489413,0.272,0.269
X_other,X_other-07-20260923-194639,0,97,250000,249976,180.0,38.2,43.988013,0.97236,95.896551,0.269,0.277
X_other,X_other-07-20260923-194639,0,haar,250000,250000,180.0,35.85,40.766807,0.961174,91.95541,0.264,0.286
X_other,X_other-07-20260923-194639,0,97,300000,300000,216.0,38.74,45.273521,0.976574,96.152739,0.272,0.265
X_other,X_other-07-20260923-194639,0,haar,300000,299976,216.0,36.92,42.355647,0.966781,93.068021,0.272,0.27
X_other,X_other-07-20260923-194639,0,97,350000,349936,252.0,39.88,46.606117,0.980672,96.474433,0.267,0.274
X_other,X_other-07-20260923-194639,0,haar,350000,349912,252.0,38.18,44.017974,0.972934,93.984531,0.269,0.291
X_other,X_other-07-20260923-194639,0,97,416667,416584,300.0,41.09,47.928974,0.983728,96.69682,0.271,0.274
X_other,X_other-07-20260923-194639,0,haar,416667,416656,300.0,39.72,45.674505,0.977905,94.977784,0.27,0.273
X_other,X_other-07-20260923-194639,0,97,500000,499996,360.0,42.02,49.209041,0.985953,96.822935,0.268,0.274
X_other,X_other-07-20260923-194639,0,haar,500000,499888,360.0,41.37,47.012714,0.981363,95.734518,0.268,0.267
X_other,X_other-07-20260923-194639,0,97,600000,599972,432.0,43.89,50.365196,0.987863,97.03296,0.266,0.272
X_other,X_other-07-20260923-194639,0,haar,600000,599876,432.0,43.0,48.390148,0.983814,96.326966,0.265,0.268
X_other,X_other-07-20260923-194639,0,97,700000,699856,504.0,45.76,51.397615,0.989561,97.14276,0.273,0.268
X_other,X_other-07-20260923-194639,0,haar,700000,699936,504.0,44.34,49.550071,0.98561,96.622222,0.269,0.272
X_other,X_other-07-20260923-194639,0,97,800000,799880,576.0,47.6,52.48643,0.99126,97.22153,0.268,0.269
X_other,X_other-07-20260923-194639,0,haar,800000,799960,576.0,45.47,50.502073,0.98722,96.735496,0.272,0.266
X_other,X_other-07-20260923-194639,0,97,1000000,999988,720.0,50.09,53.827344,0.994294,97.304402,0.284,0.268
X_other,X_other-07-20260923-194639,0,haar,1000000,999968,720.0,47.93,51.887484,0.991321,97.079234,0.268,0.27
X_other,X_other-07-20260923-194639,10,97,150000,149932,108.0,35.42,39.747132,0.956385,94.378115,0.27,0.266
X_other,X_other-07-20260923-194639,10,haar,150000,149996,108.0,33.2,36.898143,0.942909,87.147359,0.273,0.268
X_other,X_other-07-20260923-194639,10,97,200000,199984,144.0,36.62,41.919222,0.965098,95.375274,0.267,0.269
X_other,X_other-07-20260923-194639,10,haar,200000,199992,144.0,34.77,38.998051,0.951858,90.483164,0.269,0.268
X_other,X_other-07-20260923-194639,10,97,250000,249968,180.0,38.05,43.904869,0.972448,95.906614,0.267,0.271
X_other,X_other-07-20260923-194639,10,haar,250000,250000,180.0,35.84,40.810575,0.961172,91.864223,0.275,0.264
X_other,X_other-07-20260923-194639,10,97,300000,299968,216.0,38.69,45.172841,0.976265,96.177535,0.266,0.268
X_other,X_other-07-20260923-194639,10,haar,300000,299996,216.0,36.88,42.357267,0.966792,92.982268,0.266,0.268
X_other,X_other-07-20260923-194639,10,97,350000,349932,252.0,39.86,46.562141,0.980544,96.487075,0.272,0.267
X_other,X_other-07-20260923-194639,10,haar,350000,349868,252.0,38.2,44.065332,0.973041,94.057327,0.271,0.293
X_other,X_other-07-20260923-194639,10,97,416667,416588,300.0,41.12,47.959671,0.983661,96.73215,0.268,0.269
X_other,X_other-07-20260923-194639,10,haar,416667,416580,300.0,39.74,45.716881,0.977916,94.98557,0.266,0.268
X_other,X_other-07-20260923-194639,10,97,500000,499988,360.0,42.3,49.183616,0.985842,96.894314,0.267,0.265
X_other,X_other-07-20260923-194639,10,haar,500000,499920,360.0,41.42,47.070828,0.981416,95.790152,0.267,0.274
X_other,X_other-07-20260923-194639,10,97,600000,599868,432.0,44.05,50.350972,0.987871,97.051581,0.288,0.267
X_other,X_other-07-20260923-194639,10,haar,600000,599972,432.0,43.07,48.380505,0.983899,96.335055,0.274,0.269
X_other,X_other-07-20260923-194639,10,97,700000,699932,504.0,45.63,51.410322,0.989535,97.13529,0.268,0.269
X_other,X_other-07-20260923-194639,10,haar,700000,699984,504.0,44.29,49.546725,0.985678,96.601797,0.266,0.268
X_other,X_other-07-20260923-194639,10,97,800000,799896,576.0,47.48,52.440522,0.991286,97.215115,0.272,0.265
X_other,X_other-07-20260923-194639,10,haar,800000,799976,576.0,45.46,50.504803,0.987287,96.754744,0.266,0.276
X_other,X_other-07-20260923-194639,10,97,1000000,999936,720.0,50.15,53.776235,0.994314,97.302021,0.269,0.279
X_other,X_other-07-20260923-194639,10,haar,1000000,999996,720.0,48.01,51.863483,0.991167,97.099613,0.266,0.271
X_other,X_other-07-20260923-194639,20,97,150000,149972,108.0,35.39,39.750226,0.956313,94.380584,0.282,0.299
X_other,X_other-07-20260923-194639,20,haar,150000,149888,108.0,33.17,36.901556,0.942693,87.048362,0.267,0.266
X_other,X_other-07-20260923-194639,20,97,200000,199940,144.0,36.52,41.858259,0.965243,95.285394,0.267,0.267
X_other,X_other-07-20260923-194639,20,haar,200000,199996,144.0,34.75,38.988963,0.9519,90.469906,0.272,0.272
X_other,X_other-07-20260923-194639,20,97,250000,249872,180.0,38.16,43.960063,0.972301,95.916588,0.272,0.268
X_other,X_other-07-20260923-194639,20,haar,250000,249952,180.0,35.79,40.702043,0.961098,91.858634,0.267,0.272
X_other,X_other-07-20260923-194639,20,97,300000,299984,216.0,38.76,45.209814,0.976407,96.163727,0.268,0.269
X_other,X_other-07-20260923-194639,20,haar,300000,299960,216.0,36.81,42.307153,0.966872,92.962976,0.27,0.266
X_other,X_other-07-20260923-194639,20,97,350000,349984,252.0,39.83,46.47426,0.980512,96.476386,0.266,0.267
X_other,X_other-07-20260923-194639,20,haar,350000,349868,252.0,38.12,43.998396,0.972857,94.011468,0.272,0.269
X_other,X_other-07-20260923-194639,20,97,416667,416508,300.0,41.13,47.964323,0.983698,96.717546,0.271,0.27
X_other,X_other-07-20260923-194639,20,haar,416667,416596,300.0,39.64,45.68599,0.977819,94.95646,0.268,0.273
X_other,X_other-07-20260923-194639,20,97,500000,499928,360.0,41.96,49.221554,0.985879,96.813291,0.269,0.272
X_other,X_other-07-20260923-194639,20,haar,500000,499988,360.0,41.41,47.070445,0.981387,95.775397,0.267,0.264
X_other,X_other-07-20260923-194639,20,97,600000,599968,432.0,44.06,50.369104,0.987874,97.057454,0.271,0.272
X_other,X_other-07-20260923-194639,20,haar,600000,599988,432.0,42.93,48.388639,0.983867,96.312438,0.268,0.276
X_other,X_other-07-20260923-194639,20,97,700000,699956,504.0,45.67,51.43562,0.989557,97.144178,0.267,0.271
X_other,X_other-07-20260923-194639,20,haar,700000,699912,504.0,44.22,49.581783,0.985671,96.561937,0.276,0.27
X_other,X_other-07-20260923-194639,20,97,800000,799872,576.0,47.54,52.48303,0.991311,97.215314,0.28,0.294
X_other,X_other-07-20260923-194639,20,haar,800000,799896,576.0,45.46,50.471386,0.987261,96.742649,0.273,0.269
X_other,X_other-07-20260923-194639,20,97,1000000,999896,720.0,50.08,53.813298,0.994327,97.305303,0.269,0.267
X_other,X_other-07-20260923-194639,20,haar,1000000,999984,720.0,48.01,51.863054,0.991122,97.093076,0.272,0.271
X_other,X_other-07-20260923-194639,30,97,150000,149908,108.0,35.42,39.752668,0.956463,94.403034,0.29,0.3
X_other,X_other-07-20260923-194639,30,haar,150000,149956,108.0,33.17,36.944803,0.9426,87.142895,0.266,0.266
X_other,X_other-07-20260923-194639,30,97,200000,199908,144.0,36.52,41.825965,0.965158,95.287371,0.269,0.273
X_other,X_other-07-20260923-194639,30,haar,200000,199996,144.0,34.78,39.022914,0.95179,90.56234,0.267,0.269
X_other,X_other-07-20260923-194639,30,97,250000,249960,180.0,38.14,43.941138,0.972449,95.915293,0.275,0.268
X_other,X_other-07-20260923-194639,30,haar,250000,249952,180.0,35.86,40.837281,0.961019,91.964089,0.27,0.271
X_other,X_other-07-20260923-194639,30,97,300000,299984,216.0,38.91,45.284415,0.976287,96.240459,0.266,0.272
X_other,X_other-07-20260923-194639,30,haar,300000,299952,216.0,36.87,42.367651,0.966919,93.001338,0.273,0.267
X_other,X_other-07-20260923-194639,30,97,350000,349944,252.0,39.9,46.506064,0.980571,96.48729,0.266,0.273
X_other,X_other-07-20260923-194639,30,haar,350000,349972,252.0,38.21,44.073796,0.972844,94.064635,0.269,0.268
X_other,X_other-07-20260923-194639,30,97,416667,416664,300.0,41.15,47.967679,0.983672,96.754801,0.27,0.269
X_other,X_other-07-20260923-194639,30,haar,416667,416632,300.0,39.76,45.758106,0.977938,95.030021,0.285,0.268
X_other,X_other-07-20260923-194639,30,97,500000,499972,360.0,42.55,49.281105,0.985996,96.919621,0.275,0.27
X_other,X_other-07-20260923-194639,30,haar,500000,499948,360.0,41.32,47.141366,0.981511,95.717398,0.274,0.271
X_other,X_other-07-20260923-194639,30,97,600000,599988,432.0,43.97,50.337071,0.987796,97.071622,0.267,0.269
X_other,X_other-07-20260923-194639,30,haar,600000,599892,432.0,42.96,48.377131,0.983903,96.290501,0.267,0.267
X_other,X_other-07-20260923-194639,30,97,700000,699904,504.0,45.72,51.385254,0.989542,97.150069,0.269,0.269
X_other,X_other-07-20260923-194639,30,haar,700000,699936,504.0,44.24,49.598215,0.985712,96.576813,0.271,0.271
X_other,X_other-07-20260923-194639,30,97,800000,800000,576.0,47.65,52.451034,0.991239,97.229135,0.268,0.27
X_other,X_other-07-20260923-194639,30,haar,800000,799932,576.0,45.45,50.485699,0.987204,96.772938,0.268,0.268
X_other,X_other-07-20260923-194639,30,97,1000000,999984,720.0,50.12,53.788429,0.994282,97.317825,0.272,0.273
X_other,X_other-07-20260923-194639,30,haar,1000000,999960,720.0,48.06,51.876846,0.991217,97.11004,0.294,0.302
X_other,X_other-07-20260923-194639,40,97,150000,149964,108.0,35.5,39.847716,0.956536,94.366988,0.277,0.269
X_other,X_other-07-20260923-194639,40,haar,150000,149996,108.0,33.16,36.854744,0.942342,87.069595,0.273,0.272
X_other,X_other-07-20260923-194639,40,97,200000,199944,144.0,36.53,41.816695,0.965155,95.308695,0.268,0.268
X_other,X_other-07-20260923-194639,40,haar,200000,199956,144.0,34.77,39.000547,0.951582,90.569229,0.271,0.271
X_other,X_other-07-20260923-194639,40,97,250000,249936,180.0,38.25,43.982529,0.972199,95.958568,0.269,0.268
X_other,X_other-07-20260923-194639,40,haar,250000,250000,180.0,35.85,40.807275,0.961059,91.978426,0.268,0.27
X_other,X_other-07-20260923-194639,40,97,300000,299880,216.0,38.82,45.244512,0.976289,96.205225,0.268,0.269
X_other,X_other-07-20260923-194639,40,haar,300000,299952,216.0,36.88,42.377072,0.966945,92.99063,0.275,0.268
X_other,X_other-07-20260923-194639,40,97,350000,349992,252.0,39.8,46.410569,0.980446,96.476871,0.267,0.267
X_other,X_other-07-20260923-194639,40,haar,350000,349924,252.0,38.09,44.00111,0.972725,93.994467,0.267,0.272
X_other,X_other-07-20260923-194639,40,97,416667,416620,300.0,41.07,47.936373,0.983605,96.733358,0.295,0.283
X_other,X_other-07-20260923-194639,40,haar,416667,416644,300.0,39.61,45.731252,0.977763,94.934739,0.278,0.281
X_other,X_other-07-20260923-194639,40,97,500000,499920,360.0,42.48,49.262632,0.985941,96.918776,0.281,0.283
X_other,X_other-07-20260923-194639,40,haar,500000,499928,360.0,41.34,47.163729,0.981418,95.748437,0.31,0.328
X_other,X_other-07-20260923-194639,40,97,600000,599880,432.0,44.1,50.385607,0.987892,97.068933,0.282,0.271
X_other,X_other-07-20260923-194639,40,haar,600000,600000,432.0,42.99,48.413688,0.983848,96.337594,0.271,0.286
X_other,X_other-07-20260923-194639,40,97,700000,699924,504.0,45.71,51.416902,0.989543,97.154167,0.267,0.269
X_other,X_other-07-20260923-194639,40,haar,700000,699896,504.0,44.22,49.571788,0.985637,96.581286,0.27,0.273
X_other,X_other-07-20260923-194639,40,97,800000,799928,576.0,47.57,52.473299,0.99128,97.23054,0.269,0.269
X_other,X_other-07-20260923-194639,40,haar,800000,799928,576.0,45.51,50.478544,0.987198,96.793529,0.268,0.266
X_other,X_other-07-20260923-194639,40,97,1000000,999944,720.0,50.07,53.821655,0.99433,97.31325,0.267,0.271
X_other,X_other-07-20260923-194639,40,haar,1000000,999936,720.0,48.06,51.873089,0.99115,97.099685,0.27,0.269
X_other,X_other-07-20260923-194639,50,97,150000,149996,108.0,35.46,39.796548,0.956323,94.379749,0.276,0.27
X_other,X_other-07-20260923-194639,50,haar,150000,149948,108.0,33.18,36.885647,0.942406,87.116097,0.267,0.273
X_other,X_other-07-20260923-194639,50,97,200000,199992,144.0,36.6,41.934555,0.965291,95.266252,0.27,0.265
X_other,X_other-07-20260923-194639,50,haar,200000,199980,144.0,34.83,39.106047,0.95147,90.640747,0.27,0.268
X_other,X_other-07-20260923-194639,50,97,250000,249988,180.0,38.22,43.964357,0.972531,95.904581,0.266,0.269
X_other,X_other-07-20260923-194639,50,haar,250000,249952,180.0,35.86,40.82637,0.96104,91.976207,0.27,0.269
X_other,X_other-07-20260923-194639,50,97,300000,299916,216.0,38.85,45.242818,0.976221,96.180053,0.273,0.265
X_other,X_other-07-20260923-194639,50,haar,300000,299992,216.0,36.87,42.428706,0.966993,93.036722,0.269,0.273
X_other,X_other-07-20260923-194639,50,97,350000,349932,252.0,39.86,46.460055,0.980528,96.475009,0.267,0.267
X_other,X_other-07-20260923-194639,50,haar,350000,349896,252.0,38.07,43.941385,0.972614,93.979289,0.27,0.27
X_other,X_other-07-20260923-194639,50,97,416667,416516,300.0,41.08,47.953711,0.983612,96.704884,0.269,0.271
X_other,X_other-07-20260923-194639,50,haar,416667,416552,300.0,39.61,45.711209,0.977729,94.903549,0.272,0.266
X_other,X_other-07-20260923-194639,50,97,500000,499976,360.0,42.46,49.276559,0.985994,96.886594,0.266,0.274
X_other,X_other-07-20260923-194639,50,haar,500000,499896,360.0,41.33,47.15011,0.981402,95.715096,0.27,0.266
X_other,X_other-07-20260923-194639,50,97,600000,599996,432.0,44.09,50.416017,0.987944,97.035325,0.266,0.271
X_other,X_other-07-20260923-194639,50,haar,600000,600000,432.0,42.96,48.447917,0.983886,96.343834,0.266,0.289
X_other,X_other-07-20260923-194639,50,97,700000,699884,504.0,45.78,51.400049,0.98954,97.124442,0.268,0.269
X_other,X_other-07-20260923-194639,50,haar,700000,699988,504.0,44.2,49.610894,0.985636,96.581272,0.271,0.269
X_other,X_other-07-20260923-194639,50,97,800000,799908,576.0,47.56,52.476837,0.99127,97.215059,0.266,0.273
X_other,X_other-07-20260923-194639,50,haar,800000,799932,576.0,45.51,50.481202,0.987166,96.789133,0.266,0.269
X_other,X_other-07-20260923-194639,50,97,1000000,999944,720.0,50.18,53.813101,0.994312,97.291577,0.273,0.267
X_other,X_other-07-20260923-194639,50,haar,1000000,999988,720.0,47.95,51.870485,0.991197,97.09698,0.274,0.27
X_other,X_other-07-20260923-194639,60,97,150000,149956,108.0,35.43,39.749817,0.955657,94.452106,0.27,0.269
X_other,X_other-07-20260923-194639,60,haar,150000,149940,108.0,33.19,36.869065,0.942106,87.170527,0.27,0.265
X_other,X_other-07-20260923-194639,60,97,200000,199976,144.0,36.53,41.811099,0.96525,95.301916,0.275,0.271
X_other,X_other-07-20260923-194639,60,haar,200000,199984,144.0,34.76,39.043936,0.952026,90.546314,0.272,0.269
X_other,X_other-07-20260923-194639,60,97,250000,249944,180.0,38.18,43.980233,0.972578,95.950982,0.268,0.269
X_other,X_other-07-20260923-194639,60,haar,250000,249988,180.0,35.85,40.862311,0.960915,91.946362,0.27,0.275
X_other,X_other-07-20260923-194639,60,97,300000,299992,216.0,38.92,45.325472,0.976488,96.213083,0.274,0.272
X_other,X_other-07-20260923-194639,60,haar,300000,299956,216.0,36.9,42.426542,0.966762,93.034113,0.275,0.286
X_other,X_other-07-20260923-194639,60,97,350000,349888,252.0,39.85,46.405505,0.980443,96.517424,0.268,0.272
X_other,X_other-07-20260923-194639,60,haar,350000,349880,252.0,38.11,43.959485,0.972641,93.973473,0.273,0.268
X_other,X_other-07-20260923-194639,60,97,416667,416640,300.0,41.07,47.873815,0.98356,96.739918,0.271,0.269
X_other,X_other-07-20260923-194639,60,haar,416667,416604,300.0,39.69,45.801869,0.977793,94.955419,0.267,0.278
X_other,X_other-07-20260923-194639,60,97,500000,499976,360.0,42.35,49.243639,0.985866,96.910375,0.269,0.269
X_other,X_other-07-20260923-194639,60,haar,500000,499948,360.0,41.33,47.210286,0.981438,95.718578,0.267,0.27
X_other,X_other-07-20260923-194639,60,97,600000,599996,432.0,44.02,50.414672,0.987887,97.061293,0.273,0.27
X_other,X_other-07-20260923-194639,60,haar,600000,599872,432.0,42.92,48.462773,0.983824,96.315864,0.268,0.268
X_other,X_other-07-20260923-194639,60,97,700000,699988,504.0,45.7,51.444214,0.989545,97.142658,0.277,0.265
X_other,X_other-07-20260923-194639,60,haar,700000,699916,504.0,44.21,49.611655,0.985608,96.568716,0.266,0.271
X_other,X_other-07-20260923-194639,60,97,800000,799924,576.0,47.55,52.485036,0.991297,97.222679,0.272,0.272
X_other,X_other-07-20260923-194639,60,haar,800000,799960,576.0,45.5,50.470909,0.987161,96.76275,0.269,0.271
X_other,X_other-07-20260923-194639,60,97,1000000,999980,720.0,50.19,53.846454,0.994316,97.308612,0.271,0.274
X_other,X_other-07-20260923-194639,60,haar,1000000,999900,720.0,47.99,51.873124,0.991138,97.109409,0.274,0.272
X_other,X_other-07-20260923-194639,70,97,150000,149968,108.0,35.41,39.761665,0.956067,94.395943,0.271,0.273
X_other,X_other-07-20260923-194639,70,haar,150000,149880,108.0,33.2,36.897289,0.942466,87.152522,0.27,0.274
X_other,X_other-07-20260923-194639,70,97,200000,199988,144.0,36.49,41.798608,0.964988,95.25727,0.269,0.263
X_other,X_other-07-20260923-194639,70,haar,200000,199976,144.0,34.76,38.986452,0.951111,90.51782,0.268,0.271
X_other,X_other-07-20260923-194639,70,97,250000,249984,180.0,38.17,43.951621,0.972272,95.929467,0.272,0.266
X_other,X_other-07-20260923-194639,70,haar,250000,249960,180.0,35.82,40.687922,0.960768,91.903996,0.278,0.273
X_other,X_other-07-20260923-194639,70,97,300000,299992,216.0,38.95,45.30948,0.976449,96.237211,0.271,0.269
X_other,X_other-07-20260923-194639,70,haar,300000,299996,216.0,36.86,42.426592,0.966828,93.000173,0.266,0.272
X_other,X_other-07-20260923-194639,70,97,350000,349860,252.0,39.8,46.427733,0.98056,96.467321,0.267,0.268
X_other,X_other-07-20260923-194639,70,haar,350000,350000,252.0,38.14,44.031147,0.972746,94.001567,0.291,0.302
X_other,X_other-07-20260923-194639,70,97,416667,416516,300.0,41.15,48.010007,0.983732,96.729462,0.268,0.269
X_other,X_other-07-20260923-194639,70,haar,416667,416544,300.0,39.68,45.748895,0.977793,94.905474,0.269,0.273
X_other,X_other-07-20260923-194639,70,97,500000,499992,360.0,42.06,49.30831,0.985943,96.827466,0.268,0.266
X_other,X_other-07-20260923-194639,70,haar,500000,499908,360.0,41.35,47.19059,0.98139,95.690996,0.275,0.268
X_other,X_other-07-20260923-194639,70,97,600000,599964,432.0,44.04,50.476613,0.987917,97.053295,0.269,0.269
X_other,X_other-07-20260923-194639,70,haar,600000,599952,432.0,43.0,48.512076,0.983895,96.307596,0.273,0.274
X_other,X_other-07-20260923-194639,70,97,700000,699864,504.0,45.61,51.433588,0.989505,97.128597,0.273,0.279
X_other,X_other-07-20260923-194639,70,haar,700000,699884,504.0,44.22,49.647033,0.985657,96.55215,0.269,0.272
X_other,X_other-07-20260923-194639,70,97,800000,799956,576.0,47.62,52.493922,0.991245,97.217907,0.27,0.275
X_other,X_other-07-20260923-194639,70,haar,800000,799988,576.0,45.51,50.510899,0.987172,96.780059,0.268,0.266
X_other,X_other-07-20260923-194639,70,97,1000000,999952,720.0,50.11,53.850546,0.994314,97.293483,0.266,0.283
X_other,X_other-07-20260923-194639,70,haar,1000000,999968,720.0,48.01,51.867708,0.991123,97.0936,0.272,0.269
X_other,X_other-07-20260923-194639,80,97,150000,149992,108.0,35.46,39.848298,0.956511,94.357199,0.279,0.267
X_other,X_other-07-20260923-194639,80,haar,150000,149872,108.0,33.16,36.829946,0.942286,87.120301,0.273,0.275
X_other,X_other-07-20260923-194639,80,97,200000,199888,144.0,36.53,41.841103,0.965063,95.278298,0.272,0.271
X_other,X_other-07-20260923-194639,80,haar,200000,200000,144.0,34.76,38.989158,0.950859,90.639202,0.273,0.269
X_other,X_other-07-20260923-194639,80,97,250000,249988,180.0,38.13,43.868378,0.972678,95.898515,0.274,0.27
X_other,X_other-07-20260923-194639,80,haar,250000,249920,180.0,35.85,40.709785,0.960891,92.007246,0.269,0.274
X_other,X_other-07-20260923-194639,80,97,300000,299964,216.0,38.82,45.109721,0.976246,96.219878,0.269,0.275
X_other,X_other-07-20260923-194639,80,haar,300000,299976,216.0,36.91,42.292031,0.966657,93.062972,0.268,0.268
X_other,X_other-07-20260923-194639,80,97,350000,349980,252.0,39.9,46.528253,0.980427,96.499105,0.286,0.306
X_other,X_other-07-20260923-194639,80,haar,350000,349900,252.0,38.11,43.994055,0.972634,94.010911,0.268,0.265
X_other,X_other-07-20260923-194639,80,97,416667,416660,300.0,41.13,47.976071,0.983665,96.726391,0.27,0.274
X_other,X_other-07-20260923-194639,80,haar,416667,416636,300.0,39.69,45.70942,0.977638,94.974884,0.269,0.275
X_other,X_other-07-20260923-194639,80,97,500000,499864,360.0,42.5,49.286525,0.985942,96.912935,0.267,0.268
X_other,X_other-07-20260923-194639,80,haar,500000,499984,360.0,41.42,47.225769,0.981443,95.749039,0.271,0.268
X_other,X_other-07-20260923-194639,80,97,600000,599856,432.0,44.02,50.409529,0.98787,97.048821,0.268,0.276
X_other,X_other-07-20260923-194639,80,haar,600000,599932,432.0,43.03,48.538754,0.983828,96.35007,0.275,0.272
X_other,X_other-07-20260923-194639,80,97,700000,699856,504.0,45.71,51.471525,0.989531,97.146477,0.267,0.272
X_other,X_other-07-20260923-194639,80,haar,700000,699948,504.0,44.26,49.653179,0.985645,96.575813,0.27,0.27
X_other,X_other-07-20260923-194639,80,97,800000,800000,576.0,47.54,52.476728,0.991265,97.220336,0.275,0.269
X_other,X_other-07-20260923-194639,80,haar,800000,799980,576.0,45.47,50.504886,0.98719,96.76172,0.275,0.271
X_other,X_other-07-20260923-194639,80,97,1000000,999976,720.0,50.16,53.810741,0.994297,97.305398,0.281,0.275
X_other,X_other-07-20260923-194639,80,haar,1000000,999988,720.0,47.98,51.900806,0.991112,97.10647,0.273,0.273
X_other,X_other-08-20260923-194655,0,97,150000,149948,108.0,35.41,39.740856,0.956112,94.344657,0.274,0.267
X_other,X_other-08-20260923-194655,0,haar,150000,149956,108.0,33.17,36.855434,0.941888,87.125729,0.271,0.27
X_other,X_other-08-20260923-194655,0,97,200000,199904,144.0,36.4,41.639145,0.964694,95.3004,0.269,0.269
X_other,X_other-08-20260923-194655,0,haar,200000,200000,144.0,34.54,38.860419,0.950848,90.153072,0.265,0.271
X_other,X_other-08-20260923-194655,0,97,250000,249968,180.0,38.12,43.842545,0.972527,95.911012,0.272,0.267
X_other,X_other-08-20260923-194655,0,haar,250000,249932,180.0,35.78,40.753066,0.960824,91.878869,0.274,0.269
X_other,X_other-08-20260923-194655,0,97,300000,299976,216.0,38.71,45.099565,0.976481,96.174031,0.269,0.269
X_other,X_other-08-20260923-194655,0,haar,300000,300000,216.0,36.85,42.199969,0.966632,93.000392,0.268,0.268
X_other,X_other-08-20260923-194655,0,97,350000,349912,252.0,39.88,46.506325,0.980552,96.540845,0.277,0.268
X_other,X_other-08-20260923-194655,0,haar,350000,349900,252.0,38.1,43.992051,0.972504,94.013466,0.288,0.272
X_other,X_other-08-20260923-194655,0,97,416667,416612,300.0,41.1,47.891351,0.983645,96.751401,0.267,0.265
X_other,X_other-08-20260923-194655,0,haar,416667,416636,300.0,39.55,45.619575,0.97753,94.879149,0.264,0.272
X_other,X_other-08-20260923-194655,0,97,500000,499952,360.0,42.42,49.208835,0.985878,96.947627,0.269,0.267
X_other,X_other-08-20260923-194655,0,haar,500000,499988,360.0,41.27,47.244545,0.981267,95.696649,0.267,0.27
X_other,X_other-08-20260923-194655,0,97,600000,599868,432.0,43.98,50.389452,0.987906,97.079563,0.272,0.275
X_other,X_other-08-20260923-194655,0,haar,600000,599928,432.0,42.89,48.538669,0.983652,96.313104,0.269,0.271
X_other,X_other-08-20260923-194655,0,97,700000,699876,504.0,45.55,51.446318,0.989567,97.148353,0.27,0.277
X_other,X_other-08-20260923-194655,0,haar,700000,699988,504.0,44.08,49.565072,0.985417,96.558087,0.286,0.307
X_other,X_other-08-20260923-194655,0,97,800000,799988,576.0,47.65,52.455767,0.991227,97.23826,0.271,0.274
X_other,X_other-08-20260923-194655,0,haar,800000,799860,576.0,45.42,50.463331,0.987095,96.747032,0.266,0.27
X_other,X_other-08-20260923-194655,0,97,1000000,999936,720.0,50.26,53.796603,0.994315,97.308823,0.27,0.275
X_other,X_other-08-20260923-194655,0,haar,1000000,999964,720.0,47.98,51.862786,0.99105,97.110877,0.275,0.266
X_other,X_other-08-20260923-194655,10,97,150000,150000,108.0,35.41,39.787413,0.956425,94.341141,0.271,0.275
X_other,X_other-08-20260923-194655,10,haar,150000,149972,108.0,33.16,36.855061,0.941788,87.121978,0.271,0.269
X_other,X_other-08-20260923-194655,10,97,200000,199968,144.0,36.4,41.67732,0.964864,95.280572,0.272,0.268
X_other,X_other-08-20260923-194655,10,haar,200000,199936,144.0,34.55,38.866131,0.950879,90.201744,0.273,0.269
X_other,X_other-08-20260923-194655,10,97,250000,249944,180.0,38.14,43.92075,0.972384,95.907436,0.27,0.269
X_other,X_other-08-20260923-194655,10,haar,250000,249996,180.0,35.8,40.762259,0.960841,91.967475,0.269,0.275
X_other,X_other-08-20260923-194655,10,97,300000,299992,216.0,38.66,45.133978,0.976431,96.12931,0.27,0.287
X_other,X_other-08-20260923-194655,10,haar,300000,299920,216.0,36.82,42.190557,0.966639,92.969152,0.268,0.269
X_other,X_other-08-20260923-194655,10,97,350000,349972,252.0,39.82,46.514313,0.980547,96.479842,0.267,0.275
X_other,X_other-08-20260923-194655,10,haar,350000,349972,252.0,38.14,44.043294,0.97254,94.031538,0.272,0.266
X_other,X_other-08-20260923-194655,10,97,416667,416624,300.0,41.18,47.929542,0.983622,96.756258,0.267,0.267
X_other,X_other-08-20260923-194655,10,haar,416667,416664,300.0,39.6,45.733741,0.977715,94.922334,0.272,0.267
X_other,X_other-08-20260923-194655,10,97,500000,499904,360.0,42.57,49.174879,0.985865,96.943944,0.276,0.268
X_other,X_other-08-20260923-194655,10,haar,500000,499980,360.0,41.33,47.351769,0.981338,95.739459,0.27,0.267
X_other,X_other-08-20260923-194655,10,97,600000,599952,432.0,44.03,50.392703,0.987834,97.060559,0.267,0.274
X_other,X_other-08-20260923-194655,10,haar,600000,599964,432.0,42.89,48.591782,0.983692,96.292761,0.269,0.275
X_other,X_other-08-20260923-194655,10,97,700000,699964,504.0,45.6,51.422434,0.989542,97.15691,0.271,0.268
X_other,X_other-08-20260923-194655,10,haar,700000,699892,504.0,44.05,49.539422,0.985396,96.554804,0.271,0.278
X_other,X_other-08-20260923-194655,10,97,800000,799908,576.0,47.71,52.439146,0.991254,97.232834,0.268,0.288
X_other,X_other-08-20260923-194655,10,haar,800000,799856,576.0,45.43,50.511633,0.987186,96.762836,0.269,0.265
X_other,X_other-08-20260923-194655,10,97,1000000,1000000,720.0,50.21,53.824046,0.994276,97.307586,0.266,0.276
X_other,X_other-08-20260923-194655,10,haar,1000000,1000000,720.0,48.0,51.896216,0.991101,97.089638,0.267,0.27
X_other,X_other-08-20260923-194655,20,97,150000,149960,108.0,35.4,39.785157,0.956354,94.28476,0.273,0.269
X_other,X_other-08-20260923-194655,20,haar,150000,149956,108.0,33.19,36.881075,0.941775,87.261282,0.273,0.27
X_other,X_other-08-20260923-194655,20,97,200000,199948,144.0,36.47,41.73565,0.964833,95.249907,0.275,0.267
X_other,X_other-08-20260923-194655,20,haar,200000,199948,144.0,34.56,38.893224,0.950892,90.237101,0.27,0.272
X_other,X_other-08-20260923-194655,20,97,250000,250000,180.0,38.13,43.922516,0.972485,95.912747,0.269,0.268
X_other,X_other-08-20260923-194655,20,haar,250000,249904,180.0,35.8,40.733834,0.960783,91.950448,0.267,0.273
X_other,X_other-08-20260923-194655,20,97,300000,299960,216.0,38.7,45.173764,0.97639,96.146238,0.274,0.267
X_other,X_other-08-20260923-194655,20,haar,300000,299988,216.0,36.8,42.170233,0.966538,92.974037,0.271,0.267
X_other,X_other-08-20260923-194655,20,97,350000,349940,252.0,39.86,46.530316,0.980507,96.504678,0.268,0.272
X_other,X_other-08-20260923-194655,20,haar,350000,349956,252.0,38.14,44.042903,0.972469,94.036437,0.274,0.269
X_other,X_other-08-20260923-194655,20,97,416667,416648,300.0,41.18,47.967098,0.983661,96.759896,0.274,0.271
X_other,X_other-08-20260923-194655,20,haar,416667,416644,300.0,39.63,45.714084,0.977716,94.949824,0.275,0.269
X_other,X_other-08-20260923-194655,20,97,500000,500000,360.0,42.33,49.225179,0.985915,96.915264,0.271,0.272
X_other,X_other-08-20260923-194655,20,haar,500000,499912,360.0,41.32,47.345162,0.981343,95.711378,0.271,0.282
X_other,X_other-08-20260923-194655,20,97,600000,600000,432.0,43.88,50.3899,0.98783,97.056658,0.271,0.271
X_other,X_other-08-20260923-194655,20,haar,600000,599884,432.0,42.91,48.587365,0.983666,96.296174,0.268,0.269
X_other,X_other-08-20260923-194655,20,97,700000,699984,504.0,45.63,51.46126,0.989577,97.149603,0.266,0.269
X_other,X_other-08-20260923-194655,20,haar,700000,699984,504.0,44.01,49.569178,0.98538,96.537362,0.273,0.267
X_other,X_other-08-20260923-194655,20,97,800000,799964,576.0,47.54,52.445868,0.991195,97.229433,0.267,0.274
X_other,X_other-08-20260923-194655,20,haar,800000,799960,576.0,45.39,50.520994,0.987134,96.717298,0.274,0.27
X_other,X_other-08-20260923-194655,20,97,1000000,999948,720.0,50.22,53.822382,0.994262,97.309598,0.267,0.272
X_other,X_other-08-20260923-194655,20,haar,1000000,999924,720.0,47.98,51.896297,0.991101,97.07625,0.273,0.268
X_other,X_other-08-20260923-194655,30,97,150000,149952,108.0,35.39,39.738958,0.955761,94.311752,0.271,0.269
X_other,X_other-08-20260923-194655,30,haar,150000,149924,108.0,33.14,36.876608,0.942143,87.102594,0.265,0.267
X_other,X_other-08-20260923-194655,30,97,200000,199948,144.0,36.35,41.583135,0.964589,95.241235,0.275,0.265
X_other,X_other-08-20260923-194655,30,haar,200000,199916,144.0,34.56,38.872121,0.9508,90.215702,0.267,0.272
X_other,X_other-08-20260923-194655,30,97,250000,249952,180.0,38.11,43.911495,0.972385,95.914792,0.271,0.267
X_other,X_other-08-20260923-194655,30,haar,250000,249908,180.0,35.77,40.697404,0.96076,91.908844,0.27,0.27
X_other,X_other-08-20260923-194655,30,97,300000,299928,216.0,38.64,45.123768,0.976462,96.156524,0.268,0.271
X_other,X_other-08-20260923-194655,30,haar,300000,299964,216.0,36.83,42.176128,0.966625,92.991631,0.267,0.278
X_other,X_other-08-20260923-194655,30,97,350000,349884,252.0,39.79,46.517772,0.980513,96.499626,0.267,0.275
X_other,X_other-08-20260923-194655,30,haar,350000,349876,252.0,38.14,44.025038,0.97247,94.006608,0.273,0.284
X_other,X_other-08-20260923-194655,30,97,416667,416564,300.0,41.18,47.98572,0.983674,96.750182,0.266,0.268
X_other,X_other-08-20260923-194655,30,haar,416667,416616,300.0,39.67,45.747841,0.97774,94.952944,0.274,0.271
X_other,X_other-08-20260923-194655,30,97,500000,499992,360.0,42.57,49.257269,0.985989,96.930945,0.274,0.268
X_other,X_other-08-20260923-194655,30,haar,500000,499852,360.0,41.41,47.357804,0.981344,95.789784,0.271,0.268
X_other,X_other-08-20260923-194655,30,97,600000,599860,432.0,44.02,50.409247,0.987867,97.064542,0.274,0.267
X_other,X_other-08-20260923-194655,30,haar,600000,600000,432.0,42.93,48.58406,0.983663,96.294942,0.267,0.27
X_other,X_other-08-20260923-194655,30,97,700000,699868,504.0,45.54,51.451876,0.989531,97.152857,0.273,0.271
X_other,X_other-08-20260923-194655,30,haar,700000,699964,504.0,44.09,49.575607,0.985399,96.55346,0.27,0.27
X_other,X_other-08-20260923-194655,30,97,800000,799948,576.0,47.62,52.420026,0.991221,97.233149,0.274,0.27
X_other,X_other-08-20260923-194655,30,haar,800000,799896,576.0,45.43,50.512779,0.987178,96.745346,0.268,0.268
X_other,X_other-08-20260923-194655,30,97,1000000,1000000,720.0,50.19,53.79809,0.994292,97.310412,0.269,0.271
X_other,X_other-08-20260923-194655,30,haar,1000000,999972,720.0,47.99,51.897944,0.991101,97.093485,0.287,0.268
X_other,X_other-08-20260923-194655,40,97,150000,149976,108.0,35.37,39.722056,0.955969,94.330764,0.273,0.267
X_other,X_other-08-20260923-194655,40,haar,150000,149916,108.0,33.16,36.879136,0.94181,87.049903,0.268,0.268
X_other,X_other-08-20260923-194655,40,97,200000,199936,144.0,36.43,41.693267,0.96454,95.28642,0.267,0.269
X_other,X_other-08-20260923-194655,40,haar,200000,199932,144.0,34.49,38.859556,0.95085,90.110587,0.267,0.269
X_other,X_other-08-20260923-194655,40,97,250000,249884,180.0,38.1,43.890028,0.972235,95.894018,0.268,0.268
X_other,X_other-08-20260923-194655,40,haar,250000,249908,180.0,35.81,40.814159,0.960605,91.95275,0.279,0.275
X_other,X_other-08-20260923-194655,40,97,300000,300000,216.0,38.63,45.110889,0.976401,96.088258,0.293,0.3
X_other,X_other-08-20260923-194655,40,haar,300000,299988,216.0,36.85,42.203543,0.96655,93.028427,0.266,0.264
X_other,X_other-08-20260923-194655,40,97,350000,349900,252.0,39.79,46.469088,0.980528,96.463327,0.277,0.268
X_other,X_other-08-20260923-194655,40,haar,350000,350000,252.0,38.11,43.979887,0.972445,93.991627,0.274,0.27
X_other,X_other-08-20260923-194655,40,97,416667,416656,300.0,41.07,47.916767,0.983633,96.726245,0.267,0.272
X_other,X_other-08-20260923-194655,40,haar,416667,416656,300.0,39.64,45.770206,0.977736,94.939472,0.27,0.27
X_other,X_other-08-20260923-194655,40,97,500000,500000,360.0,41.96,49.20885,0.985857,96.825667,0.269,0.278
X_other,X_other-08-20260923-194655,40,haar,500000,499876,360.0,41.31,47.333839,0.981324,95.715295,0.268,0.268
X_other,X_other-08-20260923-194655,40,97,600000,599976,432.0,44.01,50.445566,0.987896,97.050616,0.263,0.278
X_other,X_other-08-20260923-194655,40,haar,600000,599864,432.0,42.97,48.596144,0.983652,96.317299,0.266,0.271
X_other,X_other-08-20260923-194655,40,97,700000,699964,504.0,45.68,51.465108,0.989561,97.148156,0.266,0.269
X_other,X_other-08-20260923-194655,40,haar,700000,699944,504.0,44.09,49.56729,0.985393,96.56853,0.269,0.272
X_other,X_other-08-20260923-194655,40,97,800000,800000,576.0,47.53,52.443618,0.991219,97.20941,0.27,0.275
X_other,X_other-08-20260923-194655,40,haar,800000,799920,576.0,45.46,50.489815,0.987152,96.754964,0.268,0.268
X_other,X_other-08-20260923-194655,40,97,1000000,999912,720.0,50.27,53.810206,0.994304,97.307724,0.267,0.271
X_other,X_other-08-20260923-194655,40,haar,1000000,999904,720.0,47.97,51.890526,0.991019,97.07261,0.269,0.269
X_other,X_other-08-20260923-194655,50,97,150000,149924,108.0,35.4,39.719344,0.95623,94.352577,0.287,0.273
X_other,X_other-08-20260923-194655,50,haar,150000,149976,108.0,33.17,36.860526,0.941665,87.174257,0.268,0.273
X_other,X_other-08-20260923-194655,50,97,200000,199960,144.0,36.47,41.80828,0.964782,95.31282,0.268,0.265
X_other,X_other-08-20260923-194655,50,haar,200000,200000,144.0,34.56,38.884447,0.950714,90.399085,0.274,0.268
X_other,X_other-08-20260923-194655,50,97,250000,249988,180.0,38.16,43.909316,0.972349,95.944381,0.273,0.271
X_other,X_other-08-20260923-194655,50,haar,250000,249952,180.0,35.77,40.695047,0.96067,92.014217,0.267,0.292
X_other,X_other-08-20260923-194655,50,97,300000,299964,216.0,38.59,45.001748,0.976298,96.148485,0.274,0.267
X_other,X_other-08-20260923-194655,50,haar,300000,299952,216.0,36.79,42.091631,0.966645,93.047465,0.269,0.277
X_other,X_other-08-20260923-194655,50,97,350000,349944,252.0,39.85,46.459896,0.980534,96.542274,0.268,0.274
X_other,X_other-08-20260923-194655,50,haar,350000,349956,252.0,38.13,43.884781,0.972481,94.142197,0.275,0.265
X_other,X_other-08-20260923-194655,50,97,416667,416516,300.0,41.11,47.916316,0.983631,96.759038,0.274,0.268
X_other,X_other-08-20260923-194655,50,haar,416667,416592,300.0,39.64,45.723057,0.977684,95.002436,0.267,0.274
X_other,X_other-08-20260923-194655,50,97,500000,499928,360.0,42.24,49.208388,0.985837,96.906597,0.266,0.266
X_other,X_other-08-20260923-194655,50,haar,500000,499904,360.0,41.4,47.286155,0.981326,95.794312,0.269,0.267
X_other,X_other-08-20260923-194655,50,97,600000,599948,432.0,43.97,50.409894,0.987833,97.066659,0.266,0.269
X_other,X_other-08-20260923-194655,50,haar,600000,599924,432.0,43.02,48.594768,0.983744,96.334263,0.274,0.265
X_other,X_other-08-20260923-194655,50,97,700000,699920,504.0,45.68,51.420676,0.989532,97.160777,0.287,0.268
X_other,X_other-08-20260923-194655,50,haar,700000,699952,504.0,44.08,49.537686,0.985424,96.571448,0.274,0.272
X_other,X_other-08-20260923-194655,50,97,800000,799940,576.0,47.6,52.43712,0.991285,97.234231,0.268,0.269
X_other,X_other-08-20260923-194655,50,haar,800000,799924,576.0,45.35,50.464517,0.987145,96.753001,0.268,0.271
X_other,X_other-08-20260923-194655,50,97,1000000,999984,720.0,50.14,53.801227,0.994281,97.310995,0.269,0.268
X_other,X_other-08-20260923-194655,50,haar,1000000,999916,720.0,47.98,51.87442,0.991032,97.107939,0.274,0.272
X_other,X_other-08-20260923-194655,60,97,150000,149996,108.0,35.36,39.734884,0.956134,94.306308,0.27,0.267
X_other,X_other-08-20260923-194655,60,haar,150000,149884,108.0,33.18,36.900753,0.941994,87.223633,0.273,0.27
X_other,X_other-08-20260923-194655,60,97,200000,199996,144.0,36.42,41.666714,0.96494,95.244565,0.269,0.293
X_other,X_other-08-20260923-194655,60,haar,200000,199896,144.0,34.52,38.840038,0.950781,90.267317,0.273,0.267
X_other,X_other-08-20260923-194655,60,97,250000,249956,180.0,38.13,43.94304,0.972504,95.856062,0.267,0.268
X_other,X_other-08-20260923-194655,60,haar,250000,249956,180.0,35.79,40.78356,0.960754,91.963288,0.271,0.27
X_other,X_other-08-20260923-194655,60,97,300000,299956,216.0,38.53,45.028578,0.97628,96.115554,0.271,0.268
X_other,X_other-08-20260923-194655,60,haar,300000,299904,216.0,36.86,42.178919,0.966787,93.042399,0.266,0.266
X_other,X_other-08-20260923-194655,60,97,350000,349912,252.0,39.78,46.434729,0.980525,96.490968,0.273,0.265
X_other,X_other-08-20260923-194655,60,haar,350000,349928,252.0,38.15,44.005094,0.972472,94.099913,0.266,0.268
X_other,X_other-08-20260923-194655,60,97,416667,416592,300.0,41.09,47.907655,0.983561,96.743272,0.264,0.27
X_other,X_other-08-20260923-194655,60,haar,416667,416644,300.0,39.58,45.725449,0.977654,94.992177,0.267,0.267
X_other,X_other-08-20260923-194655,60,97,500000,499888,360.0,41.98,49.176667,0.985809,96.836076,0.269,0.272
X_other,X_other-08-20260923-194655,60,haar,500000,499968,360.0,41.35,47.285141,0.981259,95.768076,0.268,0.266
X_other,X_other-08-20260923-194655,60,97,600000,600000,432.0,43.95,50.384463,0.987872,97.047397,0.273,0.271
X_other,X_other-08-20260923-194655,60,haar,600000,599872,432.0,42.95,48.541907,0.983673,96.320801,0.274,0.268
X_other,X_other-08-20260923-194655,60,97,700000,699852,504.0,45.63,51.458246,0.989548,97.149317,0.265,0.275
X_other,X_other-08-20260923-194655,60,haar,700000,699976,504.0,44.05,49.486448,0.985399,96.567,0.264,0.266
X_other,X_other-08-20260923-194655,60,97,800000,799992,576.0,47.57,52.466862,0.991307,97.23067,0.272,0.269
X_other,X_other-08-20260923-194655,60,haar,800000,799940,576.0,45.38,50.469239,0.987183,96.752627,0.266,0.287
X_other,X_other-08-20260923-194655,60,97,1000000,999984,720.0,50.12,53.810022,0.994299,97.306342,0.266,0.267
X_other,X_other-08-20260923-194655,60,haar,1000000,999984,720.0,48.04,51.88486,0.991006,97.105722,0.271,0.269
X_other,X_other-08-20260923-194655,70,97,150000,149992,108.0,35.36,39.741262,0.956244,94.311776,0.278,0.275
X_other,X_other-08-20260923-194655,70,haar,150000,149952,108.0,33.17,36.87157,0.941668,87.153024,0.267,0.269
X_other,X_other-08-20260923-194655,70,97,200000,199968,144.0,36.41,41.642106,0.964636,95.280792,0.265,0.271
X_other,X_other-08-20260923-194655,70,haar,200000,199900,144.0,34.57,38.881279,0.950556,90.358363,0.27,0.279
X_other,X_other-08-20260923-194655,70,97,250000,249960,180.0,38.12,43.90136,0.972565,95.897386,0.266,0.268
X_other,X_other-08-20260923-194655,70,haar,250000,249968,180.0,35.82,40.796177,0.960991,92.052565,0.276,0.28
X_other,X_other-08-20260923-194655,70,97,300000,299964,216.0,38.63,45.051954,0.976282,96.164101,0.266,0.27
X_other,X_other-08-20260923-194655,70,haar,300000,299896,216.0,36.8,42.078315,0.966671,93.021532,0.274,0.27
X_other,X_other-08-20260923-194655,70,97,350000,349964,252.0,39.81,46.516232,0.980548,96.526895,0.267,0.293
X_other,X_other-08-20260923-194655,70,haar,350000,349988,252.0,38.08,43.837461,0.972432,94.035653,0.268,0.27
X_other,X_other-08-20260923-194655,70,97,416667,416560,300.0,41.1,47.895904,0.98362,96.750704,0.268,0.271
X_other,X_other-08-20260923-194655,70,haar,416667,416520,300.0,39.64,45.705135,0.977597,95.005036,0.268,0.268
X_other,X_other-08-20260923-194655,70,97,500000,499996,360.0,42.43,49.205663,0.985992,96.91573,0.267,0.266
X_other,X_other-08-20260923-194655,70,haar,500000,499860,360.0,41.45,47.245124,0.981292,95.835527,0.269,0.267
X_other,X_other-08-20260923-194655,70,97,600000,599996,432.0,43.92,50.418102,0.987898,97.048131,0.272,0.274
X_other,X_other-08-20260923-194655,70,haar,600000,599888,432.0,42.98,48.569474,0.983721,96.33422,0.273,0.273
X_other,X_other-08-20260923-194655,70,97,700000,699936,504.0,45.57,51.422858,0.98952,97.154061,0.269,0.267
X_other,X_other-08-20260923-194655,70,haar,700000,699880,504.0,44.09,49.568297,0.985481,96.580344,0.273,0.269
X_other,X_other-08-20260923-194655,70,97,800000,799996,576.0,47.53,52.426345,0.991234,97.233647,0.27,0.29
X_other,X_other-08-20260923-194655,70,haar,800000,799952,576.0,45.37,50.489231,0.9872,96.756775,0.269,0.269
X_other,X_other-08-20260923-194655,70,97,1000000,999896,720.0,50.15,53.822793,0.994309,97.318563,0.266,0.273
X_other,X_other-08-20260923-194655,70,haar,1000000,999892,720.0,48.03,51.884089,0.991079,97.096365,0.272,0.264
X_other,X_other-08-20260923-194655,80,97,150000,149996,108.0,35.39,39.761394,0.955772,94.314633,0.273,0.272
X_other,X_other-08-20260923-194655,80,haar,150000,149964,108.0,33.14,36.863442,0.941799,87.117744,0.278,0.268
X_other,X_other-08-20260923-194655,80,97,200000,199976,144.0,36.43,41.667952,0.964627,95.276712,0.272,0.272
X_other,X_other-08-20260923-194655,80,haar,200000,199976,144.0,34.52,38.828479,0.95071,90.272374,0.269,0.268
X_other,X_other-08-20260923-194655,80,97,250000,249876,180.0,38.14,43.920296,0.97221,95.886047,0.266,0.268
X_other,X_other-08-20260923-194655,80,haar,250000,250000,180.0,35.79,40.772253,0.960978,92.018073,0.266,0.269
X_other,X_other-08-20260923-194655,80,97,300000,299936,216.0,38.63,45.084132,0.976311,96.112121,0.267,0.268
X_other,X_other-08-20260923-194655,80,haar,300000,299952,216.0,36.8,42.15092,0.966833,93.021183,0.268,0.268
X_other,X_other-08-20260923-194655,80,97,350000,349976,252.0,39.87,46.515574,0.98057,96.513585,0.274,0.274
X_other,X_other-08-20260923-194655,80,haar,350000,349860,252.0,38.09,43.942964,0.972514,94.071259,0.268,0.269
X_other,X_other-08-20260923-194655,80,97,416667,416624,300.0,41.18,47.9568,0.983688,96.768583,0.268,0.266
X_other,X_other-08-20260923-194655,80,haar,416667,416556,300.0,39.57,45.693228,0.977652,94.954143,0.268,0.273
X_other,X_other-08-20260923-194655,80,97,500000,499992,360.0,42.5,49.229871,0.985928,96.937263,0.288,0.305
X_other,X_other-08-20260923-194655,80,haar,500000,499868,360.0,41.24,47.259574,0.981228,95.710374,0.269,0.27
X_other,X_other-08-20260923-194655,80,97,600000,599912,432.0,43.96,50.403186,0.987836,97.062527,0.267,0.268
X_other,X_other-08-20260923-194655,80,haar,600000,599948,432.0,42.92,48.587119,0.983751,96.289364,0.271,0.266
X_other,X_other-08-20260923-194655,80,97,700000,699964,504.0,45.74,51.42402,0.989531,97.154722,0.269,0.268
X_other,X_other-08-20260923-194655,80,haar,700000,699896,504.0,44.05,49.548921,0.985455,96.559004,0.271,0.273
X_other,X_other-08-20260923-194655,80,97,800000,800000,576.0,47.63,52.470096,0.991284,97.236809,0.27,0.269
X_other,X_other-08-20260923-194655,80,haar,800000,800000,576.0,45.38,50.490649,0.987178,96.74843,0.266,0.269
X_other,X_other-08-20260923-194655,80,97,1000000,999980,720.0,50.25,53.805913,0.994325,97.310223,0.27,0.269
X_other,X_other-08-20260923-194655,80,haar,1000000,999908,720.0,47.94,51.869049,0.991047,97.09883,0.274,0.279
X_other,X_other-09-20260923-194711,0,97,150000,149936,108.0,35.4,39.73438,0.956076,94.355836,0.269,0.273
X_other,X_other-09-20260923-194711,0,haar,150000,149876,108.0,33.17,36.932059,0.942073,87.045847,0.279,0.267
X_other,X_other-09-20260923-194711,0,97,200000,199944,144.0,36.49,41.794716,0.964878,95.278596,0.27,0.269
X_other,X_other-09-20260923-194711,0,haar,200000,199988,144.0,34.65,38.872446,0.95057,90.338043,0.267,0.269
X_other,X_other-09-20260923-194711,0,97,250000,249996,180.0,38.13,43.884327,0.971914,95.894588,0.273,0.266
X_other,X_other-09-20260923-194711,0,haar,250000,249928,180.0,35.74,40.657858,0.960717,91.834194,0.263,0.265
X_other,X_other-09-20260923-194711,0,97,300000,299936,216.0,38.67,45.074051,0.976141,96.15052,0.268,0.27
X_other,X_other-09-20260923-194711,0,haar,300000,299996,216.0,36.91,42.373027,0.966609,92.980089,0.268,0.286
X_other,X_other-09-20260923-194711,0,97,350000,349920,252.0,39.84,46.53255,0.980528,96.510363,0.266,0.265
X_other,X_other-09-20260923-194711,0,haar,350000,349972,252.0,38.18,44.02355,0.97271,94.03392,0.273,0.273
X_other,X_other-09-20260923-194711,0,97,416667,416544,300.0,41.15,47.960861,0.983682,96.752004,0.272,0.269
X_other,X_other-09-20260923-194711,0,haar,416667,416620,300.0,39.67,45.843133,0.977903,94.938163,0.267,0.274
X_other,X_other-09-20260923-194711,0,97,500000,499956,360.0,42.27,49.338178,0.986001,96.8848,0.273,0.274
X_other,X_other-09-20260923-194711,0,haar,500000,499868,360.0,41.36,47.371879,0.981395,95.72332,0.27,0.274
X_other,X_other-09-20260923-194711,0,97,600000,599908,432.0,43.99,50.410157,0.987875,97.077384,0.271,0.3
X_other,X_other-09-20260923-194711,0,haar,600000,599936,432.0,42.98,48.586739,0.983749,96.327905,0.266,0.269
X_other,X_other-09-20260923-194711,0,97,700000,699884,504.0,45.67,51.447926,0.989548,97.161558,0.268,0.269
X_other,X_other-09-20260923-194711,0,haar,700000,699916,504.0,44.11,49.608026,0.985483,96.547969,0.268,0.269
X_other,X_other-09-20260923-194711,0,97,800000,799904,576.0,47.61,52.421787,0.991203,97.242553,0.268,0.266
X_other,X_other-09-20260923-194711,0,haar,800000,800000,576.0,45.42,50.477941,0.987099,96.745122,0.269,0.269
X_other,X_other-09-20260923-194711,0,97,1000000,999992,720.0,50.16,53.807508,0.994262,97.314977,0.27,0.27
X_other,X_other-09-20260923-194711,0,haar,1000000,999904,720.0,47.96,51.892165,0.991024,97.100592,0.267,0.267
X_other,X_other-09-20260923-194711,10,97,150000,149988,108.0,35.38,39.730389,0.9561,94.340521,0.272,0.269
X_other,X_other-09-20260923-194711,10,haar,150000,149952,108.0,33.15,36.898681,0.942062,87.068378,0.268,0.269
X_other,X_other-09-20260923-194711,10,97,200000,199868,144.0,36.49,41.870993,0.965009,95.263951,0.268,0.268
X_other,X_other-09-20260923-194711,10,haar,200000,199892,144.0,34.65,38.895622,0.950745,90.374492,0.266,0.29
X_other,X_other-09-20260923-194711,10,97,250000,249952,180.0,38.08,43.916079,0.972135,95.839923,0.268,0.266
X_other,X_other-09-20260923-194711,10,haar,250000,249928,180.0,35.73,40.616099,0.960514,91.800096,0.269,0.272
X_other,X_other-09-20260923-194711,10,97,300000,299932,216.0,38.65,45.153921,0.97606,96.061874,0.267,0.268
X_other,X_other-09-20260923-194711,10,haar,300000,299944,216.0,36.87,42.204664,0.966741,92.920021,0.272,0.267
X_other,X_other-09-20260923-194711,10,97,350000,349844,252.0,39.84,46.595518,0.980556,96.502728,0.265,0.274
X_other,X_other-09-20260923-194711,10,haar,350000,349960,252.0,38.11,43.978623,0.972663,93.976891,0.268,0.267
X_other,X_other-09-20260923-194711,10,97,416667,416616,300.0,41.14,47.940773,0.983669,96.751955,0.266,0.263
X_other,X_other-09-20260923-194711,10,haar,416667,416620,300.0,39.69,45.741457,0.977847,94.988249,0.269,0.268
X_other,X_other-09-20260923-194711,10,97,500000,499944,360.0,42.53,49.32754,0.986013,96.924177,0.269,0.268
X_other,X_other-09-20260923-194711,10,haar,500000,499856,360.0,41.4,47.308775,0.981267,95.754214,0.268,0.269
X_other,X_other-09-20260923-194711,10,97,600000,599896,432.0,43.96,50.436166,0.987861,97.054614,0.269,0.27
X_other,X_other-09-20260923-194711,10,haar,600000,599936,432.0,42.97,48.597464,0.983705,96.305349,0.273,0.272
X_other,X_other-09-20260923-194711,10,97,700000,699936,504.0,45.63,51.408858,0.989521,97.160732,0.267,0.27
X_other,X_other-09-20260923-194711,10,haar,700000,699856,504.0,44.16,49.606109,0.985509,96.569806,0.266,0.267
X_other,X_other-09-20260923-194711,10,97,800000,799988,576.0,47.59,52.453308,0.991225,97.235092,0.266,0.269
X_other,X_other-09-20260923-194711,10,haar,800000,799964,576.0,45.41,50.523429,0.987168,96.746737,0.268,0.267
X_other,X_other-09-20260923-194711,10,97,1000000,999860,720.0,50.13,53.829649,0.994299,97.306526,0.275,0.269
X_other,X_other-09-20260923-194711,10,haar,1000000,999988,720.0,47.88,51.885731,0.991071,97.079159,0.266,0.273
X_other,X_other-09-20260923-194711,20,97,150000,149988,108.0,35.38,39.737284,0.956213,94.290984,0.273,0.267
X_other,X_other-09-20260923-194711,20,haar,150000,149976,108.0,33.18,36.918007,0.942085,87.130425,0.268,0.266
X_other,X_other-09-20260923-194711,20,97,200000,199936,144.0,36.44,41.763043,0.964845,95.248564,0.271,0.272
X_other,X_other-09-20260923-194711,20,haar,200000,199920,144.0,34.68,38.92262,0.951013,90.314006,0.266,0.268
X_other,X_other-09-20260923-194711,20,97,250000,249980,180.0,38.09,43.911347,0.9721,95.86201,0.265,0.272
X_other,X_other-09-20260923-194711,20,haar,250000,250000,180.0,35.8,40.718259,0.960744,91.838927,0.268,0.267
X_other,X_other-09-20260923-194711,20,97,300000,299972,216.0,38.64,45.120222,0.976051,96.12438,0.27,0.271
X_other,X_other-09-20260923-194711,20,haar,300000,299944,216.0,36.86,42.241551,0.966861,92.894928,0.27,0.275
X_other,X_other-09-20260923-194711,20,97,350000,349960,252.0,39.82,46.534887,0.980502,96.482575,0.269,0.267
X_other,X_other-09-20260923-194711,20,haar,350000,349948,252.0,38.16,44.063539,0.97269,93.956015,0.271,0.272
X_other,X_other-09-20260923-194711,20,97,416667,416536,300.0,41.1,47.928911,0.983575,96.734025,0.27,0.268
X_other,X_other-09-20260923-194711,20,haar,416667,416624,300.0,39.65,45.755689,0.977786,94.935356,0.275,0.266
X_other,X_other-09-20260923-194711,20,97,500000,499912,360.0,42.02,49.269256,0.98588,96.851628,0.272,0.27
X_other,X_other-09-20260923-194711,20,haar,500000,499920,360.0,41.39,47.332013,0.98136,95.729758,0.268,0.269
X_other,X_other-09-20260923-194711,20,97,600000,599976,432.0,43.88,50.416951,0.987842,97.054345,0.27,0.268
X_other,X_other-09-20260923-194711,20,haar,600000,599976,432.0,42.94,48.555057,0.983737,96.304706,0.302,0.272
X_other,X_other-09-20260923-194711,20,97,700000,699964,504.0,45.64,51.424328,0.989523,97.152256,0.266,0.268
X_other,X_other-09-20260923-194711,20,haar,700000,699912,504.0,44.09,49.559978,0.985456,96.572373,0.268,0.272
X_other,X_other-09-20260923-194711,20,97,800000,799988,576.0,47.54,52.429504,0.991233,97.23785,0.267,0.269
X_other,X_other-09-20260923-194711,20,haar,800000,799896,576.0,45.44,50.51196,0.987229,96.77278,0.274,0.271
X_other,X_other-09-20260923-194711,20,97,1000000,999928,720.0,50.14,53.792867,0.994309,97.305239,0.271,0.269
X_other,X_other-09-20260923-194711,20,haar,1000000,999888,720.0,47.92,51.899669,0.991045,97.084123,0.268,0.265
X_other,X_other-09-20260923-194711,30,97,150000,149944,108.0,35.44,39.685235,0.955986,94.400475,0.271,0.272
X_other,X_other-09-20260923-194711,30,haar,150000,149920,108.0,33.16,36.921408,0.942136,87.148697,0.267,0.267
X_other,X_other-09-20260923-194711,30,97,200000,199924,144.0,36.5,41.80515,0.965003,95.284668,0.267,0.274
X_other,X_other-09-20260923-194711,30,haar,200000,199968,144.0,34.65,38.936352,0.950905,90.327716,0.27,0.274
X_other,X_other-09-20260923-194711,30,97,250000,249940,180.0,38.08,43.839555,0.972183,95.87351,0.267,0.269
X_other,X_other-09-20260923-194711,30,haar,250000,249936,180.0,35.77,40.680113,0.960799,91.832728,0.274,0.266
X_other,X_other-09-20260923-194711,30,97,300000,299984,216.0,38.55,44.998923,0.976171,96.052424,0.269,0.274
X_other,X_other-09-20260923-194711,30,haar,300000,299872,216.0,36.88,42.362575,0.966833,92.943878,0.27,0.273
X_other,X_other-09-20260923-194711,30,97,350000,349880,252.0,39.8,46.540926,0.980557,96.496782,0.268,0.269
X_other,X_other-09-20260923-194711,30,haar,350000,349960,252.0,38.15,44.003933,0.972733,93.939666,0.276,0.268
X_other,X_other-09-20260923-194711,30,97,416667,416544,300.0,41.18,47.957162,0.983709,96.757968,0.267,0.269
X_other,X_other-09-20260923-194711,30,haar,416667,416524,300.0,39.63,45.757564,0.977936,94.916087,0.269,0.274
X_other,X_other-09-20260923-194711,30,97,500000,499992,360.0,42.41,49.306838,0.985986,96.917292,0.266,0.292
X_other,X_other-09-20260923-194711,30,haar,500000,499996,360.0,41.31,47.298469,0.981306,95.707065,0.267,0.267
X_other,X_other-09-20260923-194711,30,97,600000,599944,432.0,44.01,50.453659,0.987899,97.057043,0.273,0.267
X_other,X_other-09-20260923-194711,30,haar,600000,599880,432.0,42.94,48.614659,0.983724,96.314142,0.264,0.27
X_other,X_other-09-20260923-194711,30,97,700000,699872,504.0,45.58,51.429444,0.9895,97.161231,0.268,0.268
X_other,X_other-09-20260923-194711,30,haar,700000,699880,504.0,44.18,49.647252,0.985521,96.572969,0.272,0.265
X_other,X_other-09-20260923-194711,30,97,800000,799980,576.0,47.52,52.427312,0.991207,97.223407,0.268,0.266
X_other,X_other-09-20260923-194711,30,haar,800000,799924,576.0,45.38,50.495015,0.987101,96.759581,0.272,0.267
X_other,X_other-09-20260923-194711,30,97,1000000,999952,720.0,50.08,53.820935,0.994271,97.295646,0.268,0.273
X_other,X_other-09-20260923-194711,30,haar,1000000,999988,720.0,47.96,51.924768,0.991027,97.089079,0.267,0.271
X_other,X_other-09-20260923-194711,40,97,150000,150000,108.0,35.4,39.705952,0.956075,94.389617,0.272,0.268
X_other,X_other-09-20260923-194711,40,haar,150000,149932,108.0,33.19,36.918105,0.942116,87.134212,0.27,0.27
X_other,X_other-09-20260923-194711,40,97,200000,199952,144.0,36.49,41.810904,0.965128,95.249616,0.27,0.265
X_other,X_other-09-20260923-194711,40,haar,200000,199924,144.0,34.63,38.875576,0.950808,90.242032,0.273,0.272
X_other,X_other-09-20260923-194711,40,97,250000,249988,180.0,38.06,43.842186,0.972267,95.816777,0.272,0.265
X_other,X_other-09-20260923-194711,40,haar,250000,249940,180.0,35.77,40.663766,0.960767,91.783613,0.265,0.272
X_other,X_other-09-20260923-194711,40,97,300000,300000,216.0,38.61,45.064754,0.97612,96.10033,0.268,0.269
X_other,X_other-09-20260923-194711,40,haar,300000,299948,216.0,36.87,42.180125,0.966852,92.831237,0.269,0.269
X_other,X_other-09-20260923-194711,40,97,350000,349860,252.0,39.9,46.598764,0.980538,96.507519,0.267,0.267
X_other,X_other-09-20260923-194711,40,haar,350000,349980,252.0,38.15,44.017075,0.972992,93.913718,0.274,0.287
X_other,X_other-09-20260923-194711,40,97,416667,416524,300.0,41.3,48.005889,0.983751,96.762557,0.268,0.269
X_other,X_other-09-20260923-194711,40,haar,416667,416616,300.0,39.67,45.781083,0.97796,94.926316,0.268,0.268
X_other,X_other-09-20260923-194711,40,97,500000,499932,360.0,42.63,49.363247,0.986072,96.925719,0.269,0.265
X_other,X_other-09-20260923-194711,40,haar,500000,499876,360.0,41.41,47.306554,0.981324,95.751582,0.268,0.272
X_other,X_other-09-20260923-194711,40,97,600000,599992,432.0,43.85,50.45655,0.987879,97.067878,0.266,0.269
X_other,X_other-09-20260923-194711,40,haar,600000,599948,432.0,42.94,48.619454,0.983769,96.281866,0.267,0.269
X_other,X_other-09-20260923-194711,40,97,700000,700000,504.0,45.7,51.459838,0.989554,97.158201,0.269,0.27
X_other,X_other-09-20260923-194711,40,haar,700000,699984,504.0,44.14,49.613331,0.985537,96.540785,0.273,0.269
X_other,X_other-09-20260923-194711,40,97,800000,799928,576.0,47.65,52.44048,0.991244,97.234545,0.267,0.274
X_other,X_other-09-20260923-194711,40,haar,800000,799992,576.0,45.4,50.53643,0.987246,96.717414,0.267,0.268
X_other,X_other-09-20260923-194711,40,97,1000000,999976,720.0,50.1,53.787837,0.994308,97.306401,0.282,0.275
X_other,X_other-09-20260923-194711,40,haar,1000000,999920,720.0,47.96,51.931275,0.99107,97.063964,0.269,0.272
X_other,X_other-09-20260923-194711,50,97,150000,149956,108.0,35.4,39.691595,0.956172,94.365011,0.272,0.294
X_other,X_other-09-20260923-194711,50,haar,150000,149960,108.0,33.17,36.913497,0.942034,87.063954,0.272,0.269
X_other,X_other-09-20260923-194711,50,97,200000,199936,144.0,36.54,41.881108,0.965142,95.286478,0.266,0.277
X_other,X_other-09-20260923-194711,50,haar,200000,199896,144.0,34.71,38.909043,0.950843,90.411768,0.268,0.266
X_other,X_other-09-20260923-194711,50,97,250000,249980,180.0,38.12,43.907948,0.972333,95.856294,0.268,0.268
X_other,X_other-09-20260923-194711,50,haar,250000,249916,180.0,35.79,40.708299,0.960798,91.818612,0.265,0.272
X_other,X_other-09-20260923-194711,50,97,300000,299940,216.0,38.72,45.141762,0.975972,96.16306,0.268,0.268
X_other,X_other-09-20260923-194711,50,haar,300000,299976,216.0,36.9,42.232561,0.966873,92.95813,0.267,0.27
X_other,X_other-09-20260923-194711,50,97,350000,349912,252.0,39.87,46.610392,0.980543,96.492576,0.272,0.276
X_other,X_other-09-20260923-194711,50,haar,350000,349960,252.0,38.19,43.998731,0.972722,93.976691,0.268,0.268
X_other,X_other-09-20260923-194711,50,97,416667,416632,300.0,41.15,48.011976,0.983697,96.731157,0.265,0.266
X_other,X_other-09-20260923-194711,50,haar,416667,416628,300.0,39.7,45.798736,0.977858,94.965718,0.268,0.271
X_other,X_other-09-20260923-194711,50,97,500000,499940,360.0,42.44,49.326032,0.985993,96.913513,0.28,0.269
X_other,X_other-09-20260923-194711,50,haar,500000,499920,360.0,41.43,47.362599,0.981382,95.744008,0.272,0.27
X_other,X_other-09-20260923-194711,50,97,600000,599928,432.0,43.64,50.391742,0.987801,97.040034,0.268,0.269
X_other,X_other-09-20260923-194711,50,haar,600000,599916,432.0,42.99,48.615416,0.983742,96.298326,0.272,0.276
X_other,X_other-09-20260923-194711,50,97,700000,699996,504.0,45.65,51.404834,0.989495,97.150881,0.27,0.276
X_other,X_other-09-20260923-194711,50,haar,700000,699976,504.0,44.17,49.618687,0.985532,96.560358,0.269,0.27
X_other,X_other-09-20260923-194711,50,97,800000,799948,576.0,47.67,52.431239,0.991237,97.227917,0.268,0.276
X_other,X_other-09-20260923-194711,50,haar,800000,799944,576.0,45.45,50.533365,0.987164,96.746228,0.269,0.274
X_other,X_other-09-20260923-194711,50,97,1000000,999912,720.0,50.09,53.78015,0.994269,97.302141,0.271,0.274
X_other,X_other-09-20260923-194711,50,haar,1000000,999904,720.0,47.92,51.891911,0.991062,97.094041,0.274,0.275
X_other,X_other-09-20260923-194711,60,97,150000,149948,108.0,35.42,39.710602,0.956079,94.329746,0.273,0.271
X_other,X_other-09-20260923-194711,60,haar,150000,149856,108.0,33.17,36.905754,0.942091,87.123902,0.296,0.268
X_other,X_other-09-20260923-194711,60,97,200000,199936,144.0,36.5,41.799946,0.965047,95.220753,0.268,0.272
X_other,X_other-09-20260923-194711,60,haar,200000,199928,144.0,34.67,38.902174,0.950949,90.402056,0.268,0.276
X_other,X_other-09-20260923-194711,60,97,250000,249916,180.0,38.13,43.894829,0.972068,95.848254,0.269,0.269
X_other,X_other-09-20260923-194711,60,haar,250000,249944,180.0,35.78,40.7049,0.960807,91.8608,0.268,0.269
X_other,X_other-09-20260923-194711,60,97,300000,299932,216.0,38.69,45.109787,0.976208,96.101136,0.269,0.268
X_other,X_other-09-20260923-194711,60,haar,300000,299952,216.0,36.93,42.414568,0.966924,92.995702,0.266,0.267
X_other,X_other-09-20260923-194711,60,97,350000,349896,252.0,39.89,46.551318,0.98064,96.485914,0.267,0.269
X_other,X_other-09-20260923-194711,60,haar,350000,349928,252.0,38.16,44.008311,0.97284,93.997601,0.269,0.267
X_other,X_other-09-20260923-194711,60,97,416667,416616,300.0,41.25,47.913248,0.983695,96.741322,0.268,0.271
X_other,X_other-09-20260923-194711,60,haar,416667,416640,300.0,39.7,45.892246,0.977968,94.946298,0.273,0.265
X_other,X_other-09-20260923-194711,60,97,500000,499936,360.0,42.57,49.273576,0.985995,96.920915,0.268,0.274
X_other,X_other-09-20260923-194711,60,haar,500000,499952,360.0,41.35,47.354079,0.98137,95.681918,0.269,0.274
X_other,X_other-09-20260923-194711,60,97,600000,599868,432.0,43.98,50.424942,0.98787,97.064582,0.268,0.267
X_other,X_other-09-20260923-194711,60,haar,600000,600000,432.0,42.97,48.602219,0.983779,96.308058,0.272,0.266
X_other,X_other-09-20260923-194711,60,97,700000,699940,504.0,45.69,51.46271,0.98955,97.155024,0.266,0.273
X_other,X_other-09-20260923-194711,60,haar,700000,699844,504.0,44.14,49.582651,0.985498,96.574612,0.268,0.272
X_other,X_other-09-20260923-194711,60,97,800000,799972,576.0,47.68,52.4585,0.991229,97.22661,0.27,0.265
X_other,X_other-09-20260923-194711,60,haar,800000,799964,576.0,45.48,50.533624,0.987214,96.760717,0.269,0.269
X_other,X_other-09-20260923-194711,60,97,1000000,999956,720.0,50.17,53.833968,0.994288,97.313534,0.268,0.268
X_other,X_other-09-20260923-194711,60,haar,1000000,999900,720.0,48.01,51.920399,0.991045,97.092652,0.267,0.265
X_other,X_other-09-20260923-194711,70,97,150000,149952,108.0,35.43,39.744419,0.95624,94.390387,0.293,0.301
X_other,X_other-09-20260923-194711,70,haar,150000,149860,108.0,33.15,36.901031,0.942195,87.02412,0.269,0.275
X_other,X_other-09-20260923-194711,70,97,200000,199924,144.0,36.51,41.815424,0.965099,95.307632,0.271,0.276
X_other,X_other-09-20260923-194711,70,haar,200000,199992,144.0,34.71,38.902433,0.950865,90.456054,0.269,0.272
X_other,X_other-09-20260923-194711,70,97,250000,249956,180.0,38.1,43.844756,0.972275,95.870744,0.272,0.275
X_other,X_other-09-20260923-194711,70,haar,250000,249976,180.0,35.8,40.675744,0.960799,91.8308,0.269,0.269
X_other,X_other-09-20260923-194711,70,97,300000,299992,216.0,38.54,44.947453,0.976076,96.085923,0.266,0.27
X_other,X_other-09-20260923-194711,70,haar,300000,299944,216.0,36.91,42.231754,0.966772,92.920124,0.271,0.274
X_other,X_other-09-20260923-194711,70,97,350000,350000,252.0,39.82,46.579817,0.980582,96.464655,0.268,0.279
X_other,X_other-09-20260923-194711,70,haar,350000,349988,252.0,38.14,44.037779,0.972898,93.970153,0.268,0.266
X_other,X_other-09-20260923-194711,70,97,416667,416532,300.0,41.27,48.005582,0.983746,96.728702,0.269,0.268
X_other,X_other-09-20260923-194711,70,haar,416667,416628,300.0,39.63,45.782015,0.977836,94.958006,0.273,0.276
X_other,X_other-09-20260923-194711,70,97,500000,499932,360.0,42.62,49.305815,0.98604,96.918054,0.267,0.273
X_other,X_other-09-20260923-194711,70,haar,500000,499936,360.0,41.38,47.331704,0.98135,95.756818,0.27,0.272
X_other,X_other-09-20260923-194711,70,97,600000,599932,432.0,44.03,50.389935,0.987849,97.06635,0.27,0.273
X_other,X_other-09-20260923-194711,70,haar,600000,599872,432.0,43.05,48.578174,0.983733,96.336746,0.267,0.271
X_other,X_other-09-20260923-194711,70,97,700000,699920,504.0,45.63,51.433497,0.989532,97.153598,0.272,0.268
X_other,X_other-09-20260923-194711,70,haar,700000,699896,504.0,44.17,49.573332,0.985502,96.590671,0.288,0.301
X_other,X_other-09-20260923-194711,70,97,800000,799908,576.0,47.63,52.4745,0.991256,97.226788,0.272,0.268
X_other,X_other-09-20260923-194711,70,haar,800000,799928,576.0,45.39,50.521437,0.987172,96.716068,0.268,0.275
X_other,X_other-09-20260923-194711,70,97,1000000,999980,720.0,50.14,53.822536,0.994301,97.308489,0.271,0.27
X_other,X_other-09-20260923-194711,70,haar,1000000,999980,720.0,47.96,51.926624,0.991025,97.093161,0.278,0.269
X_other,X_other-09-20260923-194711,80,97,150000,149960,108.0,35.41,39.725611,0.956066,94.34383,0.269,0.273
X_other,X_other-09-20260923-194711,80,haar,150000,149964,108.0,33.19,36.908224,0.941825,87.161561,0.268,0.271
X_other,X_other-09-20260923-194711,80,97,200000,199932,144.0,36.46,41.792579,0.964925,95.276673,0.27,0.268
X_other,X_other-09-20260923-194711,80,haar,200000,200000,144.0,34.65,38.894857,0.950829,90.374379,0.271,0.271
X_other,X_other-09-20260923-194711,80,97,250000,249972,180.0,38.1,43.904152,0.972182,95.881552,0.265,0.268
X_other,X_other-09-20260923-194711,80,haar,250000,249916,180.0,35.77,40.707329,0.960791,91.825236,0.267,0.267
X_other,X_other-09-20260923-194711,80,97,300000,299972,216.0,38.71,45.105672,0.976102,96.150376,0.27,0.27
X_other,X_other-09-20260923-194711,80,haar,300000,299924,216.0,36.93,42.384463,0.966752,93.007309,0.273,0.274
X_other,X_other-09-20260923-194711,80,97,350000,349900,252.0,39.85,46.553638,0.980579,96.497877,0.272,0.268
X_other,X_other-09-20260923-194711,80,haar,350000,349956,252.0,38.22,44.025365,0.972816,94.033085,0.268,0.277
X_other,X_other-09-20260923-194711,80,97,416667,416660,300.0,41.23,47.990496,0.983747,96.744948,0.268,0.28
X_other,X_other-09-20260923-194711,80,haar,416667,416552,300.0,39.59,45.855044,0.97791,94.866641,0.271,0.266
X_other,X_other-09-20260923-194711,80,97,500000,499972,360.0,42.13,49.319445,0.985971,96.849367,0.271,0.271
X_other,X_other-09-20260923-194711,80,haar,500000,499940,360.0,41.29,47.351436,0.981326,95.670404,0.296,0.306
X_other,X_other-09-20260923-194711,80,97,600000,599852,432.0,43.98,50.417141,0.987831,97.057343,0.266,0.272
X_other,X_other-09-20260923-194711,80,haar,600000,599956,432.0,42.98,48.598684,0.983727,96.307385,0.266,0.269
X_other,X_other-09-20260923-194711,80,97,700000,699868,504.0,45.72,51.434664,0.989533,97.149765,0.275,0.27
X_other,X_other-09-20260923-194711,80,haar,700000,699868,504.0,44.17,49.610721,0.985483,96.566315,0.274,0.272
X_other,X_other-09-20260923-194711,80,97,800000,799988,576.0,47.54,52.423283,0.991168,97.233466,0.273,0.272
X_other,X_other-09-20260923-194711,80,haar,800000,799888,576.0,45.44,50.481274,0.987134,96.762969,0.269,0.267
X_other,X_other-09-20260923-194711,80,97,1000000,999972,720.0,50.13,53.819324,0.99428,97.312088,0.271,0.272
X_other,X_other-09-20260923-194711,80,haar,1000000,999980,720.0,47.97,51.913928,0.991059,97.104649,0.269,0.27
X_other,X_other-10-20260923-194727,0,97,150000,149996,108.0,35.39,39.695374,0.956123,94.356759,0.285,0.274
X_other,X_other-10-20260923-194727,0,haar,150000,149964,108.0,33.14,36.896756,0.942149,87.113261,0.271,0.276
X_other,X_other-10-20260923-194727,0,97,200000,199928,144.0,36.49,41.789122,0.96506,95.255312,0.266,0.269
X_other,X_other-10-20260923-194727,0,haar,200000,199984,144.0,34.68,38.859274,0.950993,90.436219,0.274,0.268
X_other,X_other-10-20260923-194727,0,97,250000,249928,180.0,38.08,43.820412,0.972143,95.875924,0.269,0.27
X_other,X_other-10-20260923-194727,0,haar,250000,249896,180.0,35.78,40.515503,0.96072,91.886831,0.267,0.271
X_other,X_other-10-20260923-194727,0,97,300000,299888,216.0,38.63,45.01951,0.97624,96.11841,0.269,0.268
X_other,X_other-10-20260923-194727,0,haar,300000,299996,216.0,36.87,41.990066,0.96658,92.989745,0.268,0.287
X_other,X_other-10-20260923-194727,0,97,350000,349848,252.0,39.9,46.574901,0.980666,96.500612,0.266,0.267
X_other,X_other-10-20260923-194727,0,haar,350000,349996,252.0,38.17,43.983472,0.972816,94.017626,0.268,0.264
X_other,X_other-10-20260923-194727,0,97,416667,416580,300.0,41.11,48.01132,0.983811,96.742759,0.27,0.275
X_other,X_other-10-20260923-194727,0,haar,416667,416648,300.0,39.7,45.847098,0.977907,94.964169,0.266,0.27
X_other,X_other-10-20260923-194727,0,97,500000,499908,360.0,42.41,49.281667,0.986017,96.915681,0.271,0.287
X_other,X_other-10-20260923-194727,0,haar,500000,499972,360.0,41.36,47.342242,0.981438,95.730275,0.27,0.27
X_other,X_other-10-20260923-194727,0,97,600000,599984,432.0,43.92,50.418561,0.987892,97.058993,0.266,0.269
X_other,X_other-10-20260923-194727,0,haar,600000,599924,432.0,42.97,48.604844,0.983831,96.290107,0.267,0.269
X_other,X_other-10-20260923-194727,0,97,700000,700000,504.0,45.51,51.436266,0.989512,97.134265,0.273,0.268
X_other,X_other-10-20260923-194727,0,haar,700000,699936,504.0,44.12,49.609284,0.98555,96.547435,0.27,0.27
X_other,X_other-10-20260923-194727,0,97,800000,799900,576.0,47.6,52.471954,0.991219,97.226765,0.269,0.278
X_other,X_other-10-20260923-194727,0,haar,800000,799988,576.0,45.5,50.463819,0.987175,96.796334,0.266,0.266
X_other,X_other-10-20260923-194727,0,97,1000000,999956,720.0,50.2,53.857318,0.994286,97.313812,0.267,0.271
X_other,X_other-10-20260923-194727,0,haar,1000000,999944,720.0,47.94,51.891511,0.991117,97.068977,0.27,0.267
X_other,X_other-10-20260923-194727,10,97,150000,149972,108.0,35.35,39.678834,0.956067,94.298477,0.276,0.278
X_other,X_other-10-20260923-194727,10,haar,150000,149864,108.0,33.16,36.90844,0.94218,87.111967,0.265,0.272
X_other,X_other-10-20260923-194727,10,97,200000,199964,144.0,36.46,41.742006,0.965019,95.263203,0.274,0.267
X_other,X_other-10-20260923-194727,10,haar,200000,199976,144.0,34.63,38.815468,0.95062,90.447568,0.267,0.27
X_other,X_other-10-20260923-194727,10,97,250000,249968,180.0,38.07,43.810717,0.972134,95.870217,0.267,0.268
X_other,X_other-10-20260923-194727,10,haar,250000,249896,180.0,35.76,40.513283,0.960671,91.875118,0.279,0.271
X_other,X_other-10-20260923-194727,10,97,300000,299924,216.0,38.6,44.965714,0.976275,96.11846,0.27,0.268
X_other,X_other-10-20260923-194727,10,haar,300000,299876,216.0,36.87,41.992119,0.966374,93.087555,0.265,0.271
X_other,X_other-10-20260923-194727,10,97,350000,349968,252.0,39.87,46.518078,0.980661,96.519105,0.268,0.27
X_other,X_other-10-20260923-194727,10,haar,350000,349932,252.0,38.26,44.006325,0.972592,94.183032,0.268,0.271
X_other,X_other-10-20260923-194727,10,97,416667,416656,300.0,41.12,47.966335,0.983795,96.750246,0.27,0.274
X_other,X_other-10-20260923-194727,10,haar,416667,416652,300.0,39.76,45.88431,0.977946,94.993571,0.273,0.266
X_other,X_other-10-20260923-194727,10,97,500000,499984,360.0,41.98,49.260292,0.985948,96.847951,0.277,0.293
X_other,X_other-10-20260923-194727,10,haar,500000,499876,360.0,41.41,47.381252,0.98148,95.73945,0.268,0.272
X_other,X_other-10-20260923-194727,10,97,600000,599932,432.0,43.92,50.425126,0.987883,97.051401,0.269,0.27
X_other,X_other-10-20260923-194727,10,haar,600000,599988,432.0,43.01,48.627379,0.983826,96.285265,0.275,0.269
X_other,X_other-10-20260923-194727,10,97,700000,699976,504.0,45.51,51.450431,0.98951,97.14485,0.274,0.27
X_other,X_other-10-20260923-194727,10,haar,700000,699984,504.0,44.12,49.614047,0.985512,96.550941,0.273,0.273
X_other,X_other-10-20260923-194727,10,97,800000,799912,576.0,47.58,52.48025,0.991247,97.223244,0.266,0.269
X_other,X_other-10-20260923-194727,10,haar,800000,800000,576.0,45.52,50.47326,0.987141,96.792074,0.269,0.265
X_other,X_other-10-20260923-194727,10,97,1000000,999884,720.0,50.22,53.825495,0.994266,97.311451,0.267,0.274
X_other,X_other-10-20260923-194727,10,haar,1000000,999960,720.0,47.88,51.905803,0.991152,97.084136,0.268,0.267
X_other,X_other-10-20260923-194727,20,97,150000,149948,108.0,35.36,39.701644,0.956215,94.327446,0.275,0.273
X_other,X_other-10-20260923-194727,20,haar,150000,149944,108.0,33.14,36.880847,0.941939,87.046136,0.269,0.269
X_other,X_other-10-20260923-194727,20,97,200000,199924,144.0,36.46,41.749316,0.964983,95.29157,0.268,0.271
X_other,X_other-10-20260923-194727,20,haar,200000,199972,144.0,34.7,38.874087,0.951091,90.520107,0.266,0.285
X_other,X_other-10-20260923-194727,20,97,250000,250000,180.0,38.11,43.848184,0.972283,95.876076,0.272,0.273
X_other,X_other-10-20260923-194727,20,haar,250000,249912,180.0,35.73,40.504274,0.960689,91.896,0.267,0.271
X_other,X_other-10-20260923-194727,20,97,300000,299912,216.0,38.74,45.121058,0.976346,96.163399,0.271,0.265
X_other,X_other-10-20260923-194727,20,haar,300000,299980,216.0,36.87,41.978191,0.966536,93.056914,0.268,0.268
X_other,X_other-10-20260923-194727,20,97,350000,349900,252.0,39.89,46.591644,0.980628,96.49861,0.271,0.267
X_other,X_other-10-20260923-194727,20,haar,350000,349928,252.0,38.26,43.991375,0.972742,94.169383,0.269,0.268
X_other,X_other-10-20260923-194727,20,97,416667,416596,300.0,41.15,48.006688,0.983769,96.752458,0.265,0.267
X_other,X_other-10-20260923-194727,20,haar,416667,416508,300.0,39.75,45.855386,0.978004,95.03408,0.269,0.272
X_other,X_other-10-20260923-194727,20,97,500000,499920,360.0,42.34,49.224555,0.986019,96.911196,0.267,0.27
X_other,X_other-10-20260923-194727,20,haar,500000,499996,360.0,41.44,47.358943,0.981501,95.777317,0.27,0.269
X_other,X_other-10-20260923-194727,20,97,600000,599976,432.0,43.96,50.425885,0.987895,97.074685,0.268,0.267
X_other,X_other-10-20260923-194727,20,haar,600000,599932,432.0,43.03,48.582592,0.983848,96.329003,0.27,0.268
X_other,X_other-10-20260923-194727,20,97,700000,699884,504.0,45.56,51.443939,0.989515,97.141524,0.27,0.268
X_other,X_other-10-20260923-194727,20,haar,700000,699964,504.0,44.15,49.615466,0.985527,96.561334,0.266,0.268
X_other,X_other-10-20260923-194727,20,97,800000,799992,576.0,47.59,52.469861,0.99122,97.218234,0.273,0.267
X_other,X_other-10-20260923-194727,20,haar,800000,799924,576.0,45.43,50.494328,0.987145,96.759875,0.268,0.273
X_other,X_other-10-20260923-194727,20,97,1000000,999996,720.0,50.19,53.828886,0.994292,97.304813,0.272,0.267
X_other,X_other-10-20260923-194727,20,haar,1000000,999972,720.0,47.96,51.905388,0.991139,97.087383,0.287,0.307
X_other,X_other-10-20260923-194727,30,97,150000,149976,108.0,35.37,39.663137,0.956043,94.383115,0.272,0.27
X_other,X_other-10-20260923-194727,30,haar,150000,149932,108.0,33.17,36.925409,0.942327,87.15301,0.271,0.266
X_other,X_other-10-20260923-194727,30,97,200000,199908,144.0,36.42,41.740796,0.964889,95.254422,0.29,0.305
X_other,X_other-10-20260923-194727,30,haar,200000,200000,144.0,34.61,38.810303,0.950855,90.394981,0.268,0.268
X_other,X_other-10-20260923-194727,30,97,250000,249988,180.0,38.09,43.73599,0.972008,95.894225,0.267,0.27
X_other,X_other-10-20260923-194727,30,haar,250000,249984,180.0,35.71,40.535047,0.960659,91.937694,0.265,0.267
X_other,X_other-10-20260923-194727,30,97,300000,299988,216.0,38.63,44.902334,0.976262,96.139292,0.281,0.271
X_other,X_other-10-20260923-194727,30,haar,300000,299860,216.0,36.86,42.031393,0.966449,93.054302,0.272,0.28
X_other,X_other-10-20260923-194727,30,97,350000,349964,252.0,39.88,46.545882,0.980666,96.540499,0.267,0.265
X_other,X_other-10-20260923-194727,30,haar,350000,349924,252.0,38.19,43.877582,0.972319,94.091629,0.266,0.271
X_other,X_other-10-20260923-194727,30,97,416667,416652,300.0,41.06,47.959348,0.983708,96.778412,0.269,0.271
X_other,X_other-10-20260923-194727,30,haar,416667,416592,300.0,39.64,45.803749,0.977775,94.924957,0.271,0.27
X_other,X_other-10-20260923-194727,30,97,500000,499968,360.0,42.19,49.210002,0.985996,96.915282,0.265,0.28
X_other,X_other-10-20260923-194727,30,haar,500000,499916,360.0,41.27,47.261269,0.981329,95.743284,0.265,0.27
X_other,X_other-10-20260923-194727,30,97,600000,599992,432.0,43.96,50.438377,0.987895,97.100399,0.267,0.269
X_other,X_other-10-20260923-194727,30,haar,600000,599944,432.0,43.03,48.591041,0.983802,96.336276,0.266,0.271
X_other,X_other-10-20260923-194727,30,97,700000,699996,504.0,45.58,51.442454,0.989537,97.165977,0.269,0.268
X_other,X_other-10-20260923-194727,30,haar,700000,699972,504.0,44.19,49.57628,0.985528,96.612392,0.273,0.267
X_other,X_other-10-20260923-194727,30,97,800000,799896,576.0,47.6,52.436911,0.991185,97.245742,0.266,0.274
X_other,X_other-10-20260923-194727,30,haar,800000,799880,576.0,45.36,50.448872,0.987138,96.753197,0.274,0.273
X_other,X_other-10-20260923-194727,30,97,1000000,999896,720.0,50.12,53.813771,0.994265,97.332009,0.268,0.273
X_other,X_other-10-20260923-194727,30,haar,1000000,999972,720.0,47.93,51.919931,0.991038,97.103895,0.268,0.267
X_other,X_other-10-20260923-194727,40,97,150000,149996,108.0,35.38,39.643002,0.956072,94.341405,0.277,0.268
X_other,X_other-10-20260923-194727,40,haar,150000,149856,108.0,33.13,36.864129,0.942052,87.026891,0.267,0.268
X_other,X_other-10-20260923-194727,40,97,200000,199920,144.0,36.49,41.813051,0.96508,95.286255,0.269,0.269
X_other,X_other-10-20260923-194727,40,haar,200000,199952,144.0,34.6,38.775333,0.950825,90.344381,0.269,0.267
X_other,X_other-10-20260923-194727,40,97,250000,249992,180.0,38.11,43.808656,0.972093,95.901974,0.288,0.301
X_other,X_other-10-20260923-194727,40,haar,250000,249972,180.0,35.72,40.525604,0.960699,91.898557,0.271,0.269
X_other,X_other-10-20260923-194727,40,97,300000,299944,216.0,38.74,45.052193,0.97637,96.183275,0.268,0.265
X_other,X_other-10-20260923-194727,40,haar,300000,300000,216.0,36.81,41.884732,0.966425,93.010974,0.27,0.269
X_other,X_other-10-20260923-194727,40,97,350000,349984,252.0,39.88,46.523888,0.980684,96.523337,0.269,0.267
X_other,X_other-10-20260923-194727,40,haar,350000,349976,252.0,38.17,43.843885,0.972403,94.086466,0.265,0.273
X_other,X_other-10-20260923-194727,40,97,416667,416664,300.0,41.1,47.942087,0.983751,96.773296,0.267,0.269
X_other,X_other-10-20260923-194727,40,haar,416667,416596,300.0,39.67,45.82283,0.977874,94.92958,0.27,0.274
X_other,X_other-10-20260923-194727,40,97,500000,500000,360.0,42.54,49.244063,0.986059,96.936599,0.266,0.274
X_other,X_other-10-20260923-194727,40,haar,500000,499896,360.0,41.24,47.278299,0.981362,95.64947,0.267,0.265
X_other,X_other-10-20260923-194727,40,97,600000,599984,432.0,43.97,50.431095,0.987928,97.075531,0.269,0.267
X_other,X_other-10-20260923-194727,40,haar,600000,599964,432.0,43.04,48.593172,0.983787,96.324159,0.267,0.269
X_other,X_other-10-20260923-194727,40,97,700000,699980,504.0,45.57,51.462981,0.989536,97.154432,0.283,0.273
X_other,X_other-10-20260923-194727,40,haar,700000,699916,504.0,44.22,49.622222,0.985551,96.593387,0.272,0.277
X_other,X_other-10-20260923-194727,40,97,800000,799984,576.0,47.59,52.490562,0.991215,97.227106,0.285,0.304
X_other,X_other-10-20260923-194727,40,haar,800000,799920,576.0,45.35,50.484963,0.987185,96.731845,0.267,0.273
X_other,X_other-10-20260923-194727,40,97,1000000,999940,720.0,50.13,53.817425,0.994286,97.312534,0.266,0.269
X_other,X_other-10-20260923-194727,40,haar,1000000,999972,720.0,47.94,51.888633,0.991079,97.098267,0.272,0.283
X_other,X_other-10-20260923-194727,50,97,150000,149988,108.0,35.37,39.656705,0.955499,94.361559,0.274,0.277
X_other,X_other-10-20260923-194727,50,haar,150000,149980,108.0,33.16,36.888392,0.942016,87.102114,0.268,0.27
X_other,X_other-10-20260923-194727,50,97,200000,199912,144.0,36.44,41.701481,0.965175,95.233985,0.271,0.267
X_other,X_other-10-20260923-194727,50,haar,200000,199912,144.0,34.65,38.830971,0.950748,90.401425,0.268,0.269
X_other,X_other-10-20260923-194727,50,97,250000,250000,180.0,38.06,43.720939,0.971877,95.914503,0.27,0.272
X_other,X_other-10-20260923-194727,50,haar,250000,249932,180.0,35.76,40.520503,0.960677,91.893275,0.266,0.269
X_other,X_other-10-20260923-194727,50,97,300000,299948,216.0,38.65,44.918778,0.976233,96.170933,0.266,0.272
X_other,X_other-10-20260923-194727,50,haar,300000,299944,216.0,36.83,41.892605,0.966422,93.011951,0.27,0.286
X_other,X_other-10-20260923-194727,50,97,350000,349924,252.0,39.84,46.56555,0.980673,96.510652,0.267,0.265
X_other,X_other-10-20260923-194727,50,haar,350000,349848,252.0,38.19,43.963271,0.972587,94.093989,0.273,0.267
X_other,X_other-10-20260923-194727,50,97,416667,416604,300.0,41.08,47.984368,0.983676,96.759403,0.265,0.267
X_other,X_other-10-20260923-194727,50,haar,416667,416584,300.0,39.73,45.87115,0.97793,94.997921,0.268,0.268
X_other,X_other-10-20260923-194727,50,97,500000,499932,360.0,42.0,49.242041,0.985918,96.873631,0.268,0.275
X_other,X_other-10-20260923-194727,50,haar,500000,499992,360.0,41.38,47.356627,0.981383,95.729024,0.293,0.309
X_other,X_other-10-20260923-194727,50,97,600000,599908,432.0,43.98,50.457808,0.987883,97.066951,0.267,0.268
X_other,X_other-10-20260923-194727,50,haar,600000,599916,432.0,43.01,48.62197,0.983812,96.31047,0.271,0.27
X_other,X_other-10-20260923-194727,50,97,700000,699920,504.0,45.56,51.416266,0.989505,97.152235,0.271,0.268
X_other,X_other-10-20260923-194727,50,haar,700000,699928,504.0,44.14,49.62507,0.985532,96.576429,0.268,0.274
X_other,X_other-10-20260923-194727,50,97,800000,799904,576.0,47.6,52.453317,0.991215,97.22819,0.269,0.268
X_other,X_other-10-20260923-194727,50,haar,800000,799992,576.0,45.36,50.458111,0.987124,96.739305,0.276,0.271
X_other,X_other-10-20260923-194727,50,97,1000000,999980,720.0,50.13,53.82614,0.994264,97.299481,0.274,0.27
X_other,X_other-10-20260923-194727,50,haar,1000000,999908,720.0,47.91,51.909683,0.991087,97.085883,0.269,0.27
X_other,X_other-10-20260923-194727,60,97,150000,149960,108.0,35.34,39.663786,0.955809,94.321339,0.271,0.269
X_other,X_other-10-20260923-194727,60,haar,150000,149848,108.0,33.14,36.885737,0.942189,86.981312,0.267,0.266
X_other,X_other-10-20260923-194727,60,97,200000,199920,144.0,36.42,41.704451,0.964906,95.249058,0.288,0.273
X_other,X_other-10-20260923-194727,60,haar,200000,200000,144.0,34.66,38.84937,0.950816,90.449395,0.272,0.275
X_other,X_other-10-20260923-194727,60,97,250000,249940,180.0,38.08,43.82628,0.972129,95.849075,0.27,0.269
X_other,X_other-10-20260923-194727,60,haar,250000,249916,180.0,35.74,40.489644,0.960629,91.87557,0.273,0.268
X_other,X_other-10-20260923-194727,60,97,300000,299988,216.0,38.62,45.02857,0.976317,96.137749,0.269,0.264
X_other,X_other-10-20260923-194727,60,haar,300000,299984,216.0,36.9,42.019112,0.966423,93.043582,0.267,0.27
X_other,X_other-10-20260923-194727,60,97,350000,349956,252.0,39.89,46.590403,0.980605,96.514566,0.268,0.269
X_other,X_other-10-20260923-194727,60,haar,350000,349908,252.0,38.17,43.982909,0.972646,94.031878,0.267,0.268
X_other,X_other-10-20260923-194727,60,97,416667,416560,300.0,41.12,47.948504,0.983676,96.741552,0.275,0.268
X_other,X_other-10-20260923-194727,60,haar,416667,416664,300.0,39.63,45.812431,0.977835,94.922592,0.269,0.269
X_other,X_other-10-20260923-194727,60,97,500000,499908,360.0,42.46,49.22571,0.985928,96.933555,0.287,0.304
X_other,X_other-10-20260923-194727,60,haar,500000,499896,360.0,41.4,47.334528,0.981427,95.768159,0.27,0.264
X_other,X_other-10-20260923-194727,60,97,600000,599948,432.0,43.97,50.425967,0.987875,97.06752,0.271,0.267
X_other,X_other-10-20260923-194727,60,haar,600000,599944,432.0,43.12,48.652267,0.98386,96.333335,0.269,0.266
X_other,X_other-10-20260923-194727,60,97,700000,699900,504.0,45.57,51.455152,0.989524,97.14221,0.27,0.27
X_other,X_other-10-20260923-194727,60,haar,700000,699936,504.0,44.16,49.61649,0.985491,96.539361,0.269,0.269
X_other,X_other-10-20260923-194727,60,97,800000,799996,576.0,47.54,52.46558,0.991214,97.216426,0.272,0.273
X_other,X_other-10-20260923-194727,60,haar,800000,799972,576.0,45.36,50.476701,0.987089,96.717792,0.271,0.276
X_other,X_other-10-20260923-194727,60,97,1000000,999924,720.0,50.11,53.828975,0.994269,97.298583,0.271,0.266
X_other,X_other-10-20260923-194727,60,haar,1000000,999964,720.0,47.84,51.880729,0.991085,97.056156,0.279,0.277
X_other,X_other-10-20260923-194727,70,97,150000,149996,108.0,35.35,39.665966,0.956102,94.314365,0.274,0.271
X_other,X_other-10-20260923-194727,70,haar,150000,149976,108.0,33.18,36.87646,0.94193,87.121985,0.284,0.268
X_other,X_other-10-20260923-194727,70,97,200000,199892,144.0,36.45,41.673686,0.96475,95.26482,0.275,0.276
X_other,X_other-10-20260923-194727,70,haar,200000,199964,144.0,34.65,38.81411,0.950513,90.418732,0.273,0.264
X_other,X_other-10-20260923-194727,70,97,250000,249992,180.0,38.09,43.837559,0.972252,95.8604,0.273,0.268
X_other,X_other-10-20260923-194727,70,haar,250000,249956,180.0,35.74,40.461577,0.960567,91.88738,0.269,0.272
X_other,X_other-10-20260923-194727,70,97,300000,299908,216.0,38.58,44.9701,0.976286,96.127254,0.268,0.268
X_other,X_other-10-20260923-194727,70,haar,300000,299888,216.0,36.86,41.952383,0.966511,93.003429,0.276,0.302
X_other,X_other-10-20260923-194727,70,97,350000,349940,252.0,39.81,46.548629,0.980612,96.494453,0.271,0.268
X_other,X_other-10-20260923-194727,70,haar,350000,349896,252.0,38.21,44.060414,0.972785,94.014262,0.264,0.269
X_other,X_other-10-20260923-194727,70,97,416667,416536,300.0,41.05,47.939817,0.983675,96.744025,0.269,0.269
X_other,X_other-10-20260923-194727,70,haar,416667,416628,300.0,39.68,45.848628,0.977875,94.961136,0.272,0.27
X_other,X_other-10-20260923-194727,70,97,500000,499996,360.0,41.98,49.188724,0.985877,96.865955,0.266,0.275
X_other,X_other-10-20260923-194727,70,haar,500000,499888,360.0,41.39,47.331293,0.981368,95.738501,0.274,0.268
X_other,X_other-10-20260923-194727,70,97,600000,599928,432.0,43.96,50.416933,0.987854,97.069436,0.27,0.275
X_other,X_other-10-20260923-194727,70,haar,600000,599872,432.0,43.04,48.615727,0.983808,96.322871,0.27,0.276
X_other,X_other-10-20260923-194727,70,97,700000,699896,504.0,45.49,51.447649,0.989534,97.141063,0.274,0.273
X_other,X_other-10-20260923-194727,70,haar,700000,699928,504.0,44.16,49.60186,0.985463,96.553965,0.267,0.279
X_other,X_other-10-20260923-194727,70,97,800000,799976,576.0,47.54,52.454002,0.991197,97.225417,0.27,0.269
X_other,X_other-10-20260923-194727,70,haar,800000,799872,576.0,45.41,50.476921,0.987074,96.737116,0.266,0.27
X_other,X_other-10-20260923-194727,70,97,1000000,999984,720.0,50.07,53.805427,0.994257,97.312753,0.269,0.27
X_other,X_other-10-20260923-194727,70,haar,1000000,1000000,720.0,47.85,51.900598,0.991114,97.079469,0.266,0.273
X_other,X_other-10-20260923-194727,80,97,150000,149948,108.0,35.3,39.687699,0.956133,94.301751,0.273,0.268
X_other,X_other-10-20260923-194727,80,haar,150000,149992,108.0,33.14,36.860173,0.941826,86.992269,0.269,0.278
X_other,X_other-10-20260923-194727,80,97,200000,199996,144.0,36.46,41.755546,0.96503,95.231077,0.265,0.266
X_other,X_other-10-20260923-194727,80,haar,200000,199928,144.0,34.67,38.847644,0.950524,90.436911,0.267,0.264
X_other,X_other-10-20260923-194727,80,97,250000,249964,180.0,38.08,43.801882,0.971742,95.89091,0.275,0.277
X_other,X_other-10-20260923-194727,80,haar,250000,249952,180.0,35.75,40.474284,0.960639,91.919482,0.269,0.27
X_other,X_other-10-20260923-194727,80,97,300000,299984,216.0,38.57,44.922228,0.976101,96.158999,0.273,0.268
X_other,X_other-10-20260923-194727,80,haar,300000,299996,216.0,36.85,41.868625,0.966453,93.028379,0.27,0.267
X_other,X_other-10-20260923-194727,80,97,350000,349840,252.0,39.79,46.525571,0.980605,96.484348,0.27,0.268
X_other,X_other-10-20260923-194727,80,haar,350000,349996,252.0,38.17,43.941271,0.972692,94.036772,0.276,0.273
X_other,X_other-10-20260923-194727,80,97,416667,416552,300.0,41.04,47.977704,0.983682,96.727296,0.267,0.269
X_other,X_other-10-20260923-194727,80,haar,416667,416600,300.0,39.66,45.810324,0.977844,94.95135,0.293,0.304
X_other,X_other-10-20260923-194727,80,97,500000,499892,360.0,41.91,49.223909,0.985907,96.84328,0.268,0.272
X_other,X_other-10-20260923-194727,80,haar,500000,499964,360.0,41.31,47.364385,0.981455,95.681551,0.271,0.266
X_other,X_other-10-20260923-194727,80,97,600000,599920,432.0,43.9,50.438309,0.987889,97.060784,0.269,0.272
X_other,X_other-10-20260923-194727,80,haar,600000,599972,432.0,43.06,48.60964,0.983826,96.294447,0.269,0.274
X_other,X_other-10-20260923-194727,80,97,700000,699944,504.0,45.49,51.432195,0.989482,97.140131,0.268,0.27
X_other,X_other-10-20260923-194727,80,haar,700000,699980,504.0,44.19,49.582137,0.985471,96.570545,0.27,0.266
X_other,X_other-10-20260923-194727,80,97,800000,799984,576.0,47.48,52.435322,0.991194,97.211378,0.269,0.272
X_other,X_other-10-20260923-194727,80,haar,800000,799932,576.0,45.35,50.46276,0.987103,96.736599,0.273,0.268
X_other,X_other-10-20260923-194727,80,97,1000000,999928,720.0,50.05,53.803469,0.994244,97.313854,0.265,0.265
X_other,X_other-10-20260923-194727,80,haar,1000000,999876,720.0,47.83,51.874838,0.991081,97.078906,0.273,0.269
X_other,X_other-11-20260923-194744,0,97,150000,149996,108.0,35.34,39.645638,0.956421,94.287824,0.28,0.268
X_other,X_other-11-20260923-194744,0,haar,150000,149984,108.0,33.23,36.859623,0.941779,87.37871,0.268,0.268
X_other,X_other-11-20260923-194744,0,97,200000,199872,144.0,36.4,41.648267,0.964874,95.188248,0.264,0.274
X_other,X_other-11-20260923-194744,0,haar,200000,199996,144.0,34.7,38.850578,0.951202,90.553004,0.267,0.264
X_other,X_other-11-20260923-194744,0,97,250000,249916,180.0,38.1,43.731854,0.972081,95.864779,0.28,0.275
X_other,X_other-11-20260923-194744,0,haar,250000,249988,180.0,35.81,40.694483,0.96066,92.044711,0.267,0.269
X_other,X_other-11-20260923-194744,0,97,300000,299908,216.0,38.66,44.953279,0.976276,96.112171,0.268,0.267
X_other,X_other-11-20260923-194744,0,haar,300000,299912,216.0,36.89,42.098764,0.96635,93.099766,0.269,0.269
X_other,X_other-11-20260923-194744,0,97,350000,349868,252.0,39.87,46.449905,0.980533,96.522892,0.274,0.269
X_other,X_other-11-20260923-194744,0,haar,350000,349888,252.0,38.21,43.899904,0.972531,94.072185,0.269,0.271
X_other,X_other-11-20260923-194744,0,97,416667,416536,300.0,41.19,47.954826,0.983731,96.751167,0.268,0.278
X_other,X_other-11-20260923-194744,0,haar,416667,416664,300.0,39.81,45.828498,0.977849,95.077872,0.266,0.283
X_other,X_other-11-20260923-194744,0,97,500000,499876,360.0,42.1,49.310683,0.98595,96.847434,0.273,0.314
X_other,X_other-11-20260923-194744,0,haar,500000,499920,360.0,41.38,47.283443,0.981383,95.759116,0.27,0.273
X_other,X_other-11-20260923-194744,0,97,600000,599988,432.0,43.47,50.437458,0.987825,97.025561,0.27,0.275
X_other,X_other-11-20260923-194744,0,haar,600000,599960,432.0,43.06,48.604955,0.983763,96.33734,0.269,0.266
X_other,X_other-11-20260923-194744,0,97,700000,699936,504.0,45.58,51.446312,0.989541,97.150922,0.266,0.273
X_other,X_other-11-20260923-194744,0,haar,700000,699880,504.0,44.18,49.579471,0.985524,96.578357,0.272,0.272
X_other,X_other-11-20260923-194744,0,97,800000,799956,576.0,47.58,52.421526,0.991259,97.241106,0.267,0.269
X_other,X_other-11-20260923-194744,0,haar,800000,799984,576.0,45.5,50.473299,0.987196,96.757026,0.272,0.267
X_other,X_other-11-20260923-194744,0,97,1000000,999912,720.0,50.31,53.819531,0.994272,97.328577,0.264,0.267
X_other,X_other-11-20260923-194744,0,haar,1000000,999992,720.0,47.98,51.896313,0.991073,97.09845,0.271,0.271
X_other,X_other-11-20260923-194744,10,97,150000,149952,108.0,35.32,39.621893,0.956059,94.260519,0.277,0.266
X_other,X_other-11-20260923-194744,10,haar,150000,149936,108.0,33.22,36.857132,0.941831,87.344039,0.275,0.268
X_other,X_other-11-20260923-194744,10,97,200000,199960,144.0,36.45,41.682113,0.965062,95.140664,0.268,0.275
X_other,X_other-11-20260923-194744,10,haar,200000,199996,144.0,34.73,38.844905,0.950385,90.615704,0.277,0.27
X_other,X_other-11-20260923-194744,10,97,250000,249888,180.0,38.1,43.734832,0.972055,95.848668,0.269,0.287
X_other,X_other-11-20260923-194744,10,haar,250000,249992,180.0,35.79,40.595925,0.960648,92.015902,0.269,0.269
X_other,X_other-11-20260923-194744,10,97,300000,299980,216.0,38.58,44.897595,0.976282,96.042047,0.271,0.269
X_other,X_other-11-20260923-194744,10,haar,300000,299936,216.0,36.92,42.112757,0.966564,93.119797,0.265,0.268
X_other,X_other-11-20260923-194744,10,97,350000,349916,252.0,39.84,46.443404,0.980513,96.482658,0.277,0.266
X_other,X_other-11-20260923-194744,10,haar,350000,349900,252.0,38.27,43.906116,0.972405,94.183841,0.266,0.299
X_other,X_other-11-20260923-194744,10,97,416667,416560,300.0,41.15,47.926622,0.98367,96.736315,0.274,0.267
X_other,X_other-11-20260923-194744,10,haar,416667,416624,300.0,39.79,45.827371,0.977836,95.079551,0.269,0.266
X_other,X_other-11-20260923-194744,10,97,500000,499956,360.0,42.16,49.295268,0.985929,96.866096,0.267,0.267
X_other,X_other-11-20260923-194744,10,haar,500000,499940,360.0,41.37,47.287618,0.981417,95.755506,0.268,0.278
X_other,X_other-11-20260923-194744,10,97,600000,599884,432.0,44.01,50.418362,0.987889,97.070173,0.265,0.268
X_other,X_other-11-20260923-194744,10,haar,600000,599972,432.0,43.09,48.603656,0.983794,96.318481,0.266,0.265
X_other,X_other-11-20260923-194744,10,97,700000,699984,504.0,45.61,51.427745,0.989534,97.15009,0.269,0.268
X_other,X_other-11-20260923-194744,10,haar,700000,699980,504.0,44.26,49.575773,0.985522,96.582599,0.265,0.273
X_other,X_other-11-20260923-194744,10,97,800000,799864,576.0,47.6,52.42631,0.991265,97.238396,0.269,0.268
X_other,X_other-11-20260923-194744,10,haar,800000,799984,576.0,45.49,50.490708,0.987209,96.752882,0.267,0.269
X_other,X_other-11-20260923-194744,10,97,1000000,999904,720.0,50.21,53.815196,0.994268,97.309717,0.267,0.282
X_other,X_other-11-20260923-194744,10,haar,1000000,999976,720.0,48.0,51.882637,0.991072,97.091398,0.269,0.268
X_other,X_other-11-20260923-194744,20,97,150000,149940,108.0,35.31,39.633757,0.95627,94.281062,0.27,0.268
X_other,X_other-11-20260923-194744,20,haar,150000,149940,108.0,33.22,36.869267,0.941995,87.407316,0.268,0.274
X_other,X_other-11-20260923-194744,20,97,200000,199968,144.0,36.43,41.695437,0.964907,95.189966,0.268,0.268
X_other,X_other-11-20260923-194744,20,haar,200000,199992,144.0,34.63,38.784475,0.950608,90.459176,0.269,0.269
X_other,X_other-11-20260923-194744,20,97,250000,249976,180.0,38.12,43.766456,0.972217,95.878633,0.271,0.273
X_other,X_other-11-20260923-194744,20,haar,250000,249864,180.0,35.73,40.481138,0.96077,91.919912,0.268,0.285
X_other,X_other-11-20260923-194744,20,97,300000,299988,216.0,38.66,44.984467,0.976398,96.087291,0.267,0.308
X_other,X_other-11-20260923-194744,20,haar,300000,299972,216.0,36.96,42.171337,0.966684,93.101158,0.272,0.268
X_other,X_other-11-20260923-194744,20,97,350000,350000,252.0,39.88,46.49143,0.980583,96.49176,0.269,0.271
X_other,X_other-11-20260923-194744,20,haar,350000,349916,252.0,38.18,43.691763,0.972267,94.090429,0.267,0.267
X_other,X_other-11-20260923-194744,20,97,416667,416644,300.0,41.14,47.908112,0.98371,96.72679,0.273,0.27
X_other,X_other-11-20260923-194744,20,haar,416667,416628,300.0,39.83,45.837653,0.977841,95.106985,0.269,0.27
X_other,X_other-11-20260923-194744,20,97,500000,499964,360.0,42.43,49.252349,0.985937,96.911566,0.268,0.27
X_other,X_other-11-20260923-194744,20,haar,500000,499956,360.0,41.43,47.300557,0.981413,95.815022,0.276,0.274
X_other,X_other-11-20260923-194744,20,97,600000,599904,432.0,43.79,50.393549,0.98779,97.053236,0.269,0.267
X_other,X_other-11-20260923-194744,20,haar,600000,599972,432.0,43.05,48.610595,0.983792,96.338656,0.275,0.274
X_other,X_other-11-20260923-194744,20,97,700000,699984,504.0,45.52,51.432856,0.989533,97.14293,0.272,0.269
X_other,X_other-11-20260923-194744,20,haar,700000,699920,504.0,44.26,49.614265,0.985556,96.593425,0.272,0.266
X_other,X_other-11-20260923-194744,20,97,800000,799952,576.0,47.62,52.442217,0.991259,97.231079,0.268,0.272
X_other,X_other-11-20260923-194744,20,haar,800000,799980,576.0,45.49,50.488655,0.987187,96.740735,0.268,0.266
X_other,X_other-11-20260923-194744,20,97,1000000,999988,720.0,50.22,53.826228,0.994287,97.302352,0.267,0.275
X_other,X_other-11-20260923-194744,20,haar,1000000,999988,720.0,47.95,51.882719,0.991077,97.082345,0.284,0.291
X_other,X_other-11-20260923-194744,30,97,150000,149984,108.0,35.29,39.563777,0.956284,94.282196,0.276,0.269
X_other,X_other-11-20260923-194744,30,haar,150000,149948,108.0,33.22,36.858834,0.942289,87.447026,0.273,0.268
X_other,X_other-11-20260923-194744,30,97,200000,199960,144.0,36.41,41.616453,0.965184,95.156717,0.275,0.275
X_other,X_other-11-20260923-194744,30,haar,200000,199956,144.0,34.66,38.818035,0.950822,90.518804,0.27,0.278
X_other,X_other-11-20260923-194744,30,97,250000,250000,180.0,38.08,43.655373,0.972326,95.83798,0.264,0.271
X_other,X_other-11-20260923-194744,30,haar,250000,249932,180.0,35.83,40.743078,0.960915,92.070588,0.267,0.265
X_other,X_other-11-20260923-194744,30,97,300000,299916,216.0,38.63,44.888658,0.976468,96.061861,0.271,0.269
X_other,X_other-11-20260923-194744,30,haar,300000,299912,216.0,36.93,42.128397,0.966715,93.155322,0.279,0.277
X_other,X_other-11-20260923-194744,30,97,350000,350000,252.0,39.85,46.283999,0.980593,96.494153,0.29,0.303
X_other,X_other-11-20260923-194744,30,haar,350000,349964,252.0,38.2,43.783842,0.972569,94.095581,0.268,0.266
X_other,X_other-11-20260923-194744,30,97,416667,416632,300.0,41.18,47.929951,0.983742,96.753951,0.271,0.268
X_other,X_other-11-20260923-194744,30,haar,416667,416600,300.0,39.79,45.77841,0.977903,95.050055,0.268,0.268
X_other,X_other-11-20260923-194744,30,97,500000,499888,360.0,42.05,49.28515,0.985928,96.833993,0.27,0.269
X_other,X_other-11-20260923-194744,30,haar,500000,499856,360.0,41.36,47.275588,0.98137,95.74553,0.265,0.27
X_other,X_other-11-20260923-194744,30,97,600000,599920,432.0,43.69,50.420015,0.987833,97.043389,0.267,0.274
X_other,X_other-11-20260923-194744,30,haar,600000,600000,432.0,42.93,48.558288,0.983688,96.295513,0.272,0.27
X_other,X_other-11-20260923-194744,30,97,700000,699868,504.0,45.56,51.451205,0.989561,97.148732,0.268,0.269
X_other,X_other-11-20260923-194744,30,haar,700000,699960,504.0,44.22,49.59019,0.985502,96.577149,0.268,0.273
X_other,X_other-11-20260923-194744,30,97,800000,799976,576.0,47.55,52.424588,0.991245,97.233052,0.273,0.277
X_other,X_other-11-20260923-194744,30,haar,800000,799912,576.0,45.5,50.479751,0.987213,96.746298,0.266,0.269
X_other,X_other-11-20260923-194744,30,97,1000000,999964,720.0,50.2,53.803541,0.994277,97.317153,0.27,0.27
X_other,X_other-11-20260923-194744,30,haar,1000000,999904,720.0,48.0,51.891447,0.991099,97.089796,0.264,0.268
X_other,X_other-11-20260923-194744,40,97,150000,149948,108.0,35.33,39.641251,0.956353,94.288974,0.28,0.291
X_other,X_other-11-20260923-194744,40,haar,150000,149976,108.0,33.21,36.85292,0.94229,87.526257,0.274,0.269
X_other,X_other-11-20260923-194744,40,97,200000,199928,144.0,36.41,41.596574,0.965072,95.162254,0.266,0.275
X_other,X_other-11-20260923-194744,40,haar,200000,199972,144.0,34.7,38.82782,0.95088,90.623224,0.267,0.265
X_other,X_other-11-20260923-194744,40,97,250000,249960,180.0,38.08,43.68186,0.972327,95.863352,0.268,0.27
X_other,X_other-11-20260923-194744,40,haar,250000,250000,180.0,35.84,40.732257,0.961095,92.125285,0.267,0.27
X_other,X_other-11-20260923-194744,40,97,300000,299948,216.0,38.55,44.790491,0.97626,96.067014,0.269,0.271
X_other,X_other-11-20260923-194744,40,haar,300000,299992,216.0,36.95,42.140692,0.966816,93.192848,0.27,0.267
X_other,X_other-11-20260923-194744,40,97,350000,349928,252.0,39.83,46.313325,0.980506,96.485848,0.273,0.266
X_other,X_other-11-20260923-194744,40,haar,350000,349972,252.0,38.11,43.632954,0.972573,94.00543,0.266,0.278
X_other,X_other-11-20260923-194744,40,97,416667,416588,300.0,41.22,47.928705,0.983694,96.741513,0.266,0.273
X_other,X_other-11-20260923-194744,40,haar,416667,416608,300.0,39.69,45.807128,0.977899,94.954149,0.268,0.267
X_other,X_other-11-20260923-194744,40,97,500000,499892,360.0,42.08,49.298558,0.985906,96.847037,0.267,0.274
X_other,X_other-11-20260923-194744,40,haar,500000,499872,360.0,41.31,47.293592,0.981356,95.705459,0.266,0.268
X_other,X_other-11-20260923-194744,40,97,600000,599976,432.0,44.02,50.474128,0.987897,97.054011,0.27,0.267
X_other,X_other-11-20260923-194744,40,haar,600000,599884,432.0,43.07,48.657413,0.983747,96.331728,0.267,0.272
X_other,X_other-11-20260923-194744,40,97,700000,699972,504.0,45.57,51.475926,0.989558,97.141679,0.267,0.266
X_other,X_other-11-20260923-194744,40,haar,700000,699880,504.0,44.24,49.614544,0.985552,96.572846,0.269,0.268
X_other,X_other-11-20260923-194744,40,97,800000,799984,576.0,47.56,52.425857,0.99126,97.230312,0.273,0.265
X_other,X_other-11-20260923-194744,40,haar,800000,799992,576.0,45.47,50.465075,0.987211,96.751657,0.268,0.276
X_other,X_other-11-20260923-194744,40,97,1000000,999968,720.0,50.17,53.813159,0.994274,97.30926,0.267,0.292
X_other,X_other-11-20260923-194744,40,haar,1000000,999936,720.0,47.98,51.868671,0.991027,97.096378,0.277,0.27
X_other,X_other-11-20260923-194744,50,97,150000,150000,108.0,35.34,39.594481,0.956313,94.346021,0.268,0.272
X_other,X_other-11-20260923-194744,50,haar,150000,149964,108.0,33.21,36.837844,0.941965,87.419034,0.267,0.272
X_other,X_other-11-20260923-194744,50,97,200000,199964,144.0,36.47,41.671166,0.965002,95.198883,0.27,0.274
X_other,X_other-11-20260923-194744,50,haar,200000,199972,144.0,34.74,38.878568,0.950793,90.582331,0.269,0.274
X_other,X_other-11-20260923-194744,50,97,250000,249964,180.0,38.11,43.739662,0.972544,95.876623,0.269,0.271
X_other,X_other-11-20260923-194744,50,haar,250000,249956,180.0,35.77,40.605821,0.960647,91.966491,0.272,0.269
X_other,X_other-11-20260923-194744,50,97,300000,299900,216.0,38.74,45.008727,0.97639,96.158814,0.268,0.268
X_other,X_other-11-20260923-194744,50,haar,300000,299944,216.0,36.93,42.133999,0.966383,93.121957,0.27,0.268
X_other,X_other-11-20260923-194744,50,97,350000,349960,252.0,39.91,46.456839,0.98065,96.513216,0.275,0.268
X_other,X_other-11-20260923-194744,50,haar,350000,349980,252.0,38.24,43.760827,0.972406,94.165917,0.285,0.271
X_other,X_other-11-20260923-194744,50,97,416667,416576,300.0,41.2,47.863726,0.983786,96.756689,0.272,0.268
X_other,X_other-11-20260923-194744,50,haar,416667,416656,300.0,39.73,45.797904,0.977761,94.990641,0.271,0.27
X_other,X_other-11-20260923-194744,50,97,500000,499964,360.0,42.18,49.211088,0.98596,96.872788,0.267,0.269
X_other,X_other-11-20260923-194744,50,haar,500000,499984,360.0,41.29,47.322603,0.981408,95.697795,0.269,0.268
X_other,X_other-11-20260923-194744,50,97,600000,599984,432.0,43.96,50.435714,0.987919,97.066376,0.272,0.27
X_other,X_other-11-20260923-194744,50,haar,600000,599960,432.0,43.0,48.647633,0.983847,96.317253,0.269,0.268
X_other,X_other-11-20260923-194744,50,97,700000,699912,504.0,45.58,51.42485,0.989539,97.15783,0.274,0.273
X_other,X_other-11-20260923-194744,50,haar,700000,699852,504.0,44.17,49.567018,0.985561,96.585702,0.268,0.269
X_other,X_other-11-20260923-194744,50,97,800000,799932,576.0,47.58,52.438254,0.991227,97.238204,0.269,0.267
X_other,X_other-11-20260923-194744,50,haar,800000,799888,576.0,45.42,50.459779,0.987165,96.761156,0.268,0.271
X_other,X_other-11-20260923-194744,50,97,1000000,999996,720.0,50.13,53.787963,0.994281,97.310107,0.268,0.288
X_other,X_other-11-20260923-194744,50,haar,1000000,999996,720.0,48.03,51.887902,0.991099,97.089182,0.266,0.266
X_other,X_other-11-20260923-194744,60,97,150000,149996,108.0,35.32,39.566328,0.956105,94.286552,0.278,0.266
X_other,X_other-11-20260923-194744,60,haar,150000,149860,108.0,33.2,36.861171,0.942357,87.32936,0.269,0.269
X_other,X_other-11-20260923-194744,60,97,200000,199956,144.0,36.44,41.613517,0.964854,95.173996,0.268,0.269
X_other,X_other-11-20260923-194744,60,haar,200000,199956,144.0,34.73,38.882421,0.950835,90.653925,0.266,0.267
X_other,X_other-11-20260923-194744,60,97,250000,249964,180.0,38.11,43.718544,0.972277,95.855432,0.271,0.266
X_other,X_other-11-20260923-194744,60,haar,250000,249996,180.0,35.74,40.479265,0.960781,91.949594,0.267,0.271
X_other,X_other-11-20260923-194744,60,97,300000,299952,216.0,38.67,44.990489,0.976384,96.115402,0.267,0.266
X_other,X_other-11-20260923-194744,60,haar,300000,299872,216.0,36.95,42.126147,0.966469,93.138915,0.272,0.267
X_other,X_other-11-20260923-194744,60,97,350000,349980,252.0,39.85,46.37736,0.980553,96.512551,0.264,0.28
X_other,X_other-11-20260923-194744,60,haar,350000,349976,252.0,38.25,43.776016,0.972524,94.148926,0.269,0.281
X_other,X_other-11-20260923-194744,60,97,416667,416648,300.0,41.13,47.831995,0.983749,96.742419,0.264,0.274
X_other,X_other-11-20260923-194744,60,haar,416667,416644,300.0,39.74,45.803839,0.977913,95.046901,0.269,0.268
X_other,X_other-11-20260923-194744,60,97,500000,499960,360.0,41.96,49.204071,0.985922,96.843924,0.272,0.27
X_other,X_other-11-20260923-194744,60,haar,500000,499904,360.0,41.25,47.348218,0.981409,95.707166,0.271,0.265
X_other,X_other-11-20260923-194744,60,97,600000,599968,432.0,43.44,50.421801,0.987861,97.029232,0.27,0.292
X_other,X_other-11-20260923-194744,60,haar,600000,599936,432.0,42.98,48.651154,0.983806,96.313772,0.267,0.27
X_other,X_other-11-20260923-194744,60,97,700000,699984,504.0,45.64,51.422146,0.989564,97.162268,0.265,0.269
X_other,X_other-11-20260923-194744,60,haar,700000,699912,504.0,44.2,49.600399,0.985499,96.583283,0.269,0.268
X_other,X_other-11-20260923-194744,60,97,800000,799928,576.0,47.53,52.411812,0.991271,97.231118,0.276,0.27
X_other,X_other-11-20260923-194744,60,haar,800000,799980,576.0,45.43,50.472685,0.987178,96.733075,0.275,0.277
X_other,X_other-11-20260923-194744,60,97,1000000,999952,720.0,50.13,53.810307,0.994305,97.317708,0.267,0.268
X_other,X_other-11-20260923-194744,60,haar,1000000,999992,720.0,47.98,51.9073,0.991094,97.094198,0.27,0.274
X_other,X_other-11-20260923-194744,70,97,150000,149992,108.0,35.33,39.576313,0.956391,94.343074,0.272,0.267
X_other,X_other-11-20260923-194744,70,haar,150000,149868,108.0,33.19,36.821893,0.941686,87.382668,0.267,0.264
X_other,X_other-11-20260923-194744,70,97,200000,199924,144.0,36.4,41.574383,0.964746,95.202482,0.263,0.267
X_other,X_other-11-20260923-194744,70,haar,200000,200000,144.0,34.72,38.848531,0.950781,90.586175,0.269,0.269
X_other,X_other-11-20260923-194744,70,97,250000,249952,180.0,38.11,43.712692,0.972374,95.880888,0.269,0.266
X_other,X_other-11-20260923-194744,70,haar,250000,249996,180.0,35.75,40.533157,0.960738,91.975762,0.266,0.275
X_other,X_other-11-20260923-194744,70,97,300000,300000,216.0,38.62,44.908032,0.97633,96.108723,0.269,0.272
X_other,X_other-11-20260923-194744,70,haar,300000,299952,216.0,36.91,42.096943,0.966373,93.149482,0.269,0.271
X_other,X_other-11-20260923-194744,70,97,350000,349952,252.0,39.88,46.460655,0.980644,96.500149,0.271,0.267
X_other,X_other-11-20260923-194744,70,haar,350000,349996,252.0,38.22,43.779474,0.972609,94.141661,0.282,0.266
X_other,X_other-11-20260923-194744,70,97,416667,416540,300.0,41.15,47.851719,0.983762,96.728073,0.269,0.27
X_other,X_other-11-20260923-194744,70,haar,416667,416536,300.0,39.74,45.785655,0.977799,95.013174,0.27,0.275
X_other,X_other-11-20260923-194744,70,97,500000,499912,360.0,42.0,49.243434,0.985908,96.843405,0.267,0.269
X_other,X_other-11-20260923-194744,70,haar,500000,499852,360.0,41.3,47.316909,0.981371,95.74476,0.269,0.27
X_other,X_other-11-20260923-194744,70,97,600000,599984,432.0,43.99,50.42938,0.987919,97.057676,0.286,0.269
X_other,X_other-11-20260923-194744,70,haar,600000,599944,432.0,43.0,48.648502,0.983774,96.297801,0.271,0.266
X_other,X_other-11-20260923-194744,70,97,700000,699952,504.0,45.58,51.424934,0.989539,97.156443,0.267,0.273
X_other,X_other-11-20260923-194744,70,haar,700000,699900,504.0,44.25,49.631616,0.985541,96.589802,0.268,0.272
X_other,X_other-11-20260923-194744,70,97,800000,799984,576.0,47.58,52.427035,0.991304,97.240462,0.284,0.266
X_other,X_other-11-20260923-194744,70,haar,800000,799988,576.0,45.45,50.483817,0.987198,96.740796,0.27,0.272
X_other,X_other-11-20260923-194744,70,97,1000000,999960,720.0,50.17,53.781897,0.99427,97.315416,0.266,0.268
X_other,X_other-11-20260923-194744,70,haar,1000000,999960,720.0,48.04,51.869104,0.991031,97.092163,0.267,0.271
X_other,X_other-11-20260923-194744,80,97,150000,149948,108.0,35.33,39.550646,0.956325,94.32614,0.271,0.264
X_other,X_other-11-20260923-194744,80,haar,150000,149932,108.0,33.19,36.840294,0.942205,87.289836,0.269,0.271
X_other,X_other-11-20260923-194744,80,97,200000,199984,144.0,36.46,41.667047,0.965026,95.20583,0.267,0.272
X_other,X_other-11-20260923-194744,80,haar,200000,199932,144.0,34.75,38.877343,0.950844,90.607209,0.286,0.268
X_other,X_other-11-20260923-194744,80,97,250000,249932,180.0,38.12,43.717098,0.972256,95.850867,0.273,0.266
X_other,X_other-11-20260923-194744,80,haar,250000,249984,180.0,35.75,40.465495,0.960774,91.948374,0.27,0.275
X_other,X_other-11-20260923-194744,80,97,300000,299996,216.0,38.67,44.958268,0.976493,96.078448,0.267,0.266
X_other,X_other-11-20260923-194744,80,haar,300000,299992,216.0,36.93,42.150673,0.966451,93.113899,0.274,0.27
X_other,X_other-11-20260923-194744,80,97,350000,349948,252.0,39.83,46.294319,0.980594,96.503095,0.274,0.272
X_other,X_other-11-20260923-194744,80,haar,350000,349872,252.0,38.25,43.864371,0.972555,94.157172,0.27,0.266
X_other,X_other-11-20260923-194744,80,97,416667,416632,300.0,41.1,47.829911,0.983676,96.73723,0.288,0.301
X_other,X_other-11-20260923-194744,80,haar,416667,416604,300.0,39.73,45.779684,0.977853,95.025126,0.271,0.268
X_other,X_other-11-20260923-194744,80,97,500000,499892,360.0,41.95,49.170463,0.985856,96.838339,0.268,0.268
X_other,X_other-11-20260923-194744,80,haar,500000,499948,360.0,41.22,47.328406,0.981426,95.668715,0.27,0.266
X_other,X_other-11-20260923-194744,80,97,600000,599948,432.0,43.97,50.42273,0.987885,97.064725,0.268,0.267
X_other,X_other-11-20260923-194744,80,haar,600000,599992,432.0,43.0,48.637053,0.983795,96.314176,0.268,0.27
X_other,X_other-11-20260923-194744,80,97,700000,699968,504.0,45.58,51.40951,0.989546,97.150696,0.269,0.268
X_other,X_other-11-20260923-194744,80,haar,700000,699988,504.0,44.21,49.647081,0.985572,96.587919,0.269,0.269
X_other,X_other-11-20260923-194744,80,97,800000,799860,576.0,47.52,52.424157,0.991282,97.229033,0.269,0.268
X_other,X_other-11-20260923-194744,80,haar,800000,800000,576.0,45.43,50.470824,0.987173,96.724383,0.267,0.263
X_other,X_other-11-20260923-194744,80,97,1000000,999960,720.0,50.23,53.777901,0.994262,97.314226,0.267,0.267
X_other,X_other-11-20260923-194744,80,haar,1000000,999992,720.0,48.03,51.871224,0.991067,97.086103,0.268,0.269
X_other,X_other-12-20260923-194800,0,97,150000,149984,108.0,35.36,39.590727,0.956298,94.306685,0.275,0.265
X_other,X_other-12-20260923-194800,0,haar,150000,149864,108.0,33.17,36.845893,0.942134,87.288556,0.269,0.267
X_other,X_other-12-20260923-194800,0,97,200000,199948,144.0,36.39,41.55625,0.964775,95.177925,0.269,0.272
X_other,X_other-12-20260923-194800,0,haar,200000,199952,144.0,34.68,38.83367,0.950724,90.528794,0.29,0.3
X_other,X_other-12-20260923-194800,0,97,250000,249964,180.0,38.07,43.698569,0.972263,95.849214,0.271,0.266
X_other,X_other-12-20260923-194800,0,haar,250000,249924,180.0,35.79,40.567076,0.960835,92.013399,0.281,0.271
X_other,X_other-12-20260923-194800,0,97,300000,299992,216.0,38.68,44.922581,0.976364,96.125462,0.265,0.272
X_other,X_other-12-20260923-194800,0,haar,300000,299980,216.0,36.91,42.113588,0.966719,93.093451,0.269,0.274
X_other,X_other-12-20260923-194800,0,97,350000,349904,252.0,39.83,46.357922,0.980557,96.466764,0.272,0.269
X_other,X_other-12-20260923-194800,0,haar,350000,349932,252.0,38.22,43.737937,0.972608,94.086325,0.268,0.27
X_other,X_other-12-20260923-194800,0,97,416667,416604,300.0,41.12,47.783811,0.983683,96.727513,0.267,0.27
X_other,X_other-12-20260923-194800,0,haar,416667,416600,300.0,39.77,45.826644,0.97791,95.023943,0.276,0.267
X_other,X_other-12-20260923-194800,0,97,500000,499936,360.0,42.02,49.196146,0.985899,96.827851,0.268,0.269
X_other,X_other-12-20260923-194800,0,haar,500000,499884,360.0,41.31,47.276114,0.981369,95.725141,0.27,0.281
X_other,X_other-12-20260923-194800,0,97,600000,599984,432.0,43.38,50.449753,0.987794,96.992514,0.267,0.27
X_other,X_other-12-20260923-194800,0,haar,600000,599888,432.0,43.01,48.575594,0.983737,96.324523,0.267,0.271
X_other,X_other-12-20260923-194800,0,97,700000,699868,504.0,45.6,51.423295,0.989504,97.140113,0.268,0.27
X_other,X_other-12-20260923-194800,0,haar,700000,699984,504.0,44.22,49.567119,0.985457,96.577524,0.266,0.269
X_other,X_other-12-20260923-194800,0,97,800000,799884,576.0,47.58,52.419825,0.991208,97.222908,0.278,0.268
X_other,X_other-12-20260923-194800,0,haar,800000,799900,576.0,45.46,50.441928,0.987128,96.761868,0.27,0.268
X_other,X_other-12-20260923-194800,0,97,1000000,999876,720.0,50.2,53.806415,0.994275,97.303397,0.266,0.268
X_other,X_other-12-20260923-194800,0,haar,1000000,999996,720.0,48.03,51.880493,0.991046,97.082363,0.267,0.268
X_other,X_other-12-20260923-194800,10,97,150000,150000,108.0,35.35,39.552384,0.956158,94.278552,0.269,0.272
X_other,X_other-12-20260923-194800,10,haar,150000,149860,108.0,33.19,36.853571,0.942028,87.316261,0.265,0.272
X_other,X_other-12-20260923-194800,10,97,200000,199948,144.0,36.47,41.594022,0.96489,95.18794,0.271,0.268
X_other,X_other-12-20260923-194800,10,haar,200000,199936,144.0,34.68,38.811716,0.950576,90.600817,0.275,0.274
X_other,X_other-12-20260923-194800,10,97,250000,249984,180.0,38.07,43.68776,0.972233,95.848823,0.292,0.304
X_other,X_other-12-20260923-194800,10,haar,250000,250000,180.0,35.79,40.491042,0.960909,92.014478,0.266,0.268
X_other,X_other-12-20260923-194800,10,97,300000,299976,216.0,38.66,44.955951,0.976374,96.096896,0.267,0.268
X_other,X_other-12-20260923-194800,10,haar,300000,299940,216.0,36.92,42.125975,0.966678,93.123868,0.267,0.269
X_other,X_other-12-20260923-194800,10,97,350000,349932,252.0,39.89,46.40225,0.980597,96.515839,0.268,0.269
X_other,X_other-12-20260923-194800,10,haar,350000,349892,252.0,38.26,43.886075,0.972631,94.146258,0.269,0.271
X_other,X_other-12-20260923-194800,10,97,416667,416576,300.0,41.14,47.770038,0.983612,96.755317,0.268,0.267
X_other,X_other-12-20260923-194800,10,haar,416667,416664,300.0,39.68,45.82224,0.977834,94.983632,0.267,0.27
X_other,X_other-12-20260923-194800,10,97,500000,499892,360.0,42.08,49.215928,0.985868,96.842354,0.268,0.266
X_other,X_other-12-20260923-194800,10,haar,500000,499856,360.0,41.23,47.265055,0.981389,95.698584,0.279,0.268
X_other,X_other-12-20260923-194800,10,97,600000,599964,432.0,43.91,50.392066,0.98783,97.046158,0.268,0.269
X_other,X_other-12-20260923-194800,10,haar,600000,599876,432.0,43.08,48.626716,0.983778,96.315134,0.293,0.274
X_other,X_other-12-20260923-194800,10,97,700000,699964,504.0,45.6,51.417856,0.989517,97.150684,0.266,0.267
X_other,X_other-12-20260923-194800,10,haar,700000,700000,504.0,44.32,49.595709,0.985506,96.619528,0.271,0.271
X_other,X_other-12-20260923-194800,10,97,800000,799952,576.0,47.5,52.400326,0.99123,97.22829,0.269,0.267
X_other,X_other-12-20260923-194800,10,haar,800000,799968,576.0,45.43,50.461348,0.9872,96.748433,0.272,0.268
X_other,X_other-12-20260923-194800,10,97,1000000,999940,720.0,50.22,53.803699,0.994258,97.311464,0.268,0.292
X_other,X_other-12-20260923-194800,10,haar,1000000,999900,720.0,47.97,51.872188,0.991086,97.093877,0.273,0.267
X_other,X_other-12-20260923-194800,20,97,150000,149944,108.0,35.33,39.561274,0.956246,94.257819,0.276,0.269
X_other,X_other-12-20260923-194800,20,haar,150000,149928,108.0,33.22,36.843792,0.941961,87.355075,0.268,0.27
X_other,X_other-12-20260923-194800,20,97,200000,199968,144.0,36.46,41.561816,0.964878,95.181529,0.265,0.27
X_other,X_other-12-20260923-194800,20,haar,200000,199968,144.0,34.72,38.866284,0.950579,90.585356,0.274,0.267
X_other,X_other-12-20260923-194800,20,97,250000,249940,180.0,38.08,43.679173,0.972166,95.857415,0.269,0.271
X_other,X_other-12-20260923-194800,20,haar,250000,249900,180.0,35.81,40.57186,0.960764,92.026394,0.27,0.274
X_other,X_other-12-20260923-194800,20,97,300000,299928,216.0,38.6,44.860092,0.976215,96.045198,0.268,0.263
X_other,X_other-12-20260923-194800,20,haar,300000,299916,216.0,36.91,42.098782,0.966484,93.097507,0.267,0.272
X_other,X_other-12-20260923-194800,20,97,350000,349904,252.0,39.87,46.360881,0.980492,96.494365,0.264,0.27
X_other,X_other-12-20260923-194800,20,haar,350000,349964,252.0,38.22,43.854516,0.972591,94.117397,0.267,0.27
X_other,X_other-12-20260923-194800,20,97,416667,416560,300.0,41.13,47.758091,0.983616,96.736369,0.271,0.266
X_other,X_other-12-20260923-194800,20,haar,416667,416576,300.0,39.63,45.786611,0.977868,94.945799,0.269,0.272
X_other,X_other-12-20260923-194800,20,97,500000,499976,360.0,42.14,49.188791,0.985879,96.861854,0.266,0.267
X_other,X_other-12-20260923-194800,20,haar,500000,499924,360.0,41.29,47.219955,0.981349,95.72146,0.274,0.269
X_other,X_other-12-20260923-194800,20,97,600000,599920,432.0,43.89,50.373666,0.987816,97.050479,0.268,0.27
X_other,X_other-12-20260923-194800,20,haar,600000,599952,432.0,43.02,48.559041,0.983721,96.303834,0.266,0.273
X_other,X_other-12-20260923-194800,20,97,700000,699992,504.0,45.56,51.406915,0.989505,97.15143,0.265,0.267
X_other,X_other-12-20260923-194800,20,haar,700000,699968,504.0,44.24,49.579155,0.985484,96.589465,0.274,0.287
X_other,X_other-12-20260923-194800,20,97,800000,799992,576.0,47.56,52.402584,0.991242,97.234732,0.265,0.268
X_other,X_other-12-20260923-194800,20,haar,800000,799996,576.0,45.42,50.444612,0.987158,96.727082,0.265,0.276
X_other,X_other-12-20260923-194800,20,97,1000000,999892,720.0,50.18,53.770356,0.994275,97.309642,0.268,0.268
X_other,X_other-12-20260923-194800,20,haar,1000000,999888,720.0,48.0,51.878319,0.991114,97.081096,0.274,0.27
X_other,X_other-12-20260923-194800,30,97,150000,149964,108.0,35.33,39.569544,0.956,94.306458,0.268,0.263
X_other,X_other-12-20260923-194800,30,haar,150000,150000,108.0,33.21,36.85897,0.941902,87.319853,0.266,0.267
X_other,X_other-12-20260923-194800,30,97,200000,199940,144.0,36.42,41.556757,0.96484,95.16995,0.264,0.272
X_other,X_other-12-20260923-194800,30,haar,200000,199964,144.0,34.67,38.835513,0.950657,90.530617,0.264,0.274
X_other,X_other-12-20260923-194800,30,97,250000,249988,180.0,38.06,43.662679,0.972312,95.83413,0.271,0.266
X_other,X_other-12-20260923-194800,30,haar,250000,249972,180.0,35.82,40.596665,0.960754,92.074675,0.266,0.268
X_other,X_other-12-20260923-194800,30,97,300000,299968,216.0,38.63,44.922966,0.976274,96.107656,0.28,0.273
X_other,X_other-12-20260923-194800,30,haar,300000,299936,216.0,36.94,42.108309,0.966523,93.148859,0.27,0.265
X_other,X_other-12-20260923-194800,30,97,350000,349924,252.0,39.88,46.384656,0.980523,96.526871,0.267,0.272
X_other,X_other-12-20260923-194800,30,haar,350000,349980,252.0,38.23,43.787427,0.972546,94.1426,0.268,0.264
X_other,X_other-12-20260923-194800,30,97,416667,416540,300.0,41.18,47.796573,0.983644,96.758499,0.268,0.273
X_other,X_other-12-20260923-194800,30,haar,416667,416584,300.0,39.73,45.802054,0.977847,94.992019,0.266,0.268
X_other,X_other-12-20260923-194800,30,97,500000,499920,360.0,42.09,49.226342,0.985858,96.855921,0.274,0.268
X_other,X_other-12-20260923-194800,30,haar,500000,499888,360.0,41.31,47.244473,0.981371,95.74274,0.275,0.269
X_other,X_other-12-20260923-194800,30,97,600000,599940,432.0,43.76,50.408606,0.987826,97.044373,0.266,0.27
X_other,X_other-12-20260923-194800,30,haar,600000,599868,432.0,43.05,48.566396,0.983738,96.319123,0.269,0.271
X_other,X_other-12-20260923-194800,30,97,700000,699992,504.0,45.59,51.405987,0.989509,97.157478,0.286,0.304
X_other,X_other-12-20260923-194800,30,haar,700000,699940,504.0,44.27,49.579843,0.985478,96.602701,0.265,0.268
X_other,X_other-12-20260923-194800,30,97,800000,799988,576.0,47.63,52.412721,0.991251,97.229621,0.268,0.268
X_other,X_other-12-20260923-194800,30,haar,800000,799980,576.0,45.38,50.451882,0.987202,96.735074,0.275,0.27
X_other,X_other-12-20260923-194800,30,97,1000000,999944,720.0,50.18,53.807889,0.994255,97.317748,0.268,0.277
X_other,X_other-12-20260923-194800,30,haar,1000000,999896,720.0,47.95,51.874448,0.991087,97.095075,0.27,0.269
X_other,X_other-12-20260923-194800,40,97,150000,150000,108.0,35.34,39.561814,0.956101,94.279847,0.27,0.277
X_other,X_other-12-20260923-194800,40,haar,150000,149956,108.0,33.2,36.850191,0.941839,87.315491,0.271,0.27
X_other,X_other-12-20260923-194800,40,97,200000,199960,144.0,36.42,41.567447,0.96495,95.144821,0.276,0.268
X_other,X_other-12-20260923-194800,40,haar,200000,199980,144.0,34.68,38.786527,0.950415,90.603449,0.266,0.271
X_other,X_other-12-20260923-194800,40,97,250000,249980,180.0,38.09,43.694956,0.972178,95.901689,0.27,0.271
X_other,X_other-12-20260923-194800,40,haar,250000,249992,180.0,35.81,40.596922,0.960784,92.029459,0.285,0.266
X_other,X_other-12-20260923-194800,40,97,300000,299972,216.0,38.62,44.904569,0.976231,96.090418,0.266,0.27
X_other,X_other-12-20260923-194800,40,haar,300000,299952,216.0,36.88,42.094173,0.966492,93.041698,0.267,0.268
X_other,X_other-12-20260923-194800,40,97,350000,349996,252.0,39.92,46.489271,0.980564,96.53522,0.265,0.271
X_other,X_other-12-20260923-194800,40,haar,350000,349988,252.0,38.19,43.890137,0.972513,94.05118,0.266,0.272
X_other,X_other-12-20260923-194800,40,97,416667,416592,300.0,41.13,47.820744,0.98359,96.737446,0.276,0.268
X_other,X_other-12-20260923-194800,40,haar,416667,416612,300.0,39.72,45.835074,0.977843,95.005653,0.269,0.272
X_other,X_other-12-20260923-194800,40,97,500000,499904,360.0,42.06,49.238214,0.985884,96.845744,0.268,0.268
X_other,X_other-12-20260923-194800,40,haar,500000,499980,360.0,41.34,47.303025,0.981413,95.751425,0.27,0.27
X_other,X_other-12-20260923-194800,40,97,600000,599892,432.0,43.38,50.392418,0.987698,96.992393,0.268,0.269
X_other,X_other-12-20260923-194800,40,haar,600000,599900,432.0,43.01,48.579453,0.98373,96.335407,0.27,0.27
X_other,X_other-12-20260923-194800,40,97,700000,699876,504.0,45.47,51.426292,0.98949,97.145784,0.305,0.275
X_other,X_other-12-20260923-194800,40,haar,700000,699864,504.0,44.23,49.578124,0.985486,96.589315,0.267,0.266
X_other,X_other-12-20260923-194800,40,97,800000,799932,576.0,47.59,52.440218,0.991265,97.22772,0.269,0.269
X_other,X_other-12-20260923-194800,40,haar,800000,799964,576.0,45.44,50.431788,0.987169,96.750911,0.269,0.269
X_other,X_other-12-20260923-194800,40,97,1000000,999984,720.0,50.18,53.819977,0.994283,97.306314,0.268,0.274
X_other,X_other-12-20260923-194800,40,haar,1000000,999952,720.0,48.0,51.864183,0.99108,97.105649,0.28,0.28
X_other,X_other-12-20260923-194800,50,97,150000,149952,108.0,35.46,39.73963,0.956725,94.341652,0.276,0.276
X_other,X_other-12-20260923-194800,50,haar,150000,149944,108.0,33.22,36.880017,0.942661,87.025445,0.268,0.27
X_other,X_other-12-20260923-194800,50,97,200000,199948,144.0,36.63,41.921185,0.96569,95.278666,0.266,0.268
X_other,X_other-12-20260923-194800,50,haar,200000,199940,144.0,34.83,39.157448,0.951814,90.659049,0.27,0.269
X_other,X_other-12-20260923-194800,50,97,250000,249884,180.0,38.11,43.810217,0.973167,95.87934,0.272,0.268
X_other,X_other-12-20260923-194800,50,haar,250000,249928,180.0,35.87,40.839592,0.961648,91.8949,0.267,0.274
X_other,X_other-12-20260923-194800,50,97,300000,299908,216.0,39.23,45.403738,0.976578,96.390563,0.27,0.276
X_other,X_other-12-20260923-194800,50,haar,300000,299992,216.0,36.88,42.094526,0.967091,92.908817,0.292,0.303
X_other,X_other-12-20260923-194800,50,97,350000,350000,252.0,40.46,46.877076,0.981108,96.659192,0.273,0.272
X_other,X_other-12-20260923-194800,50,haar,350000,349916,252.0,38.22,43.746855,0.972446,94.069051,0.268,0.268
X_other,X_other-12-20260923-194800,50,97,416667,416604,300.0,41.26,47.908037,0.984014,96.768848,0.268,0.269
X_other,X_other-12-20260923-194800,50,haar,416667,416568,300.0,39.65,45.327906,0.977553,95.024723,0.269,0.268
X_other,X_other-12-20260923-194800,50,97,500000,499992,360.0,42.6,49.110836,0.98628,96.937052,0.271,0.271
X_other,X_other-12-20260923-194800,50,haar,500000,499904,360.0,41.27,46.996809,0.981307,95.706049,0.271,0.269
X_other,X_other-12-20260923-194800,50,97,600000,599920,432.0,44.18,50.328062,0.988089,97.074696,0.272,0.276
X_other,X_other-12-20260923-194800,50,haar,600000,599940,432.0,42.83,48.247668,0.98376,96.299472,0.265,0.271
X_other,X_other-12-20260923-194800,50,97,700000,699880,504.0,45.81,51.325552,0.989693,97.15988,0.27,0.269
X_other,X_other-12-20260923-194800,50,haar,700000,699944,504.0,44.25,49.397122,0.985592,96.591934,0.266,0.27
X_other,X_other-12-20260923-194800,50,97,800000,799872,576.0,47.77,52.474971,0.991377,97.239238,0.268,0.267
X_other,X_other-12-20260923-194800,50,haar,800000,799980,576.0,45.54,50.401282,0.98737,96.769201,0.265,0.271
X_other,X_other-12-20260923-194800,50,97,1000000,999916,720.0,50.38,53.821439,0.99441,97.332315,0.271,0.268
X_other,X_other-12-20260923-194800,50,haar,1000000,999988,720.0,48.03,51.845355,0.991309,97.099167,0.275,0.268
X_other,X_other-12-20260923-194800,60,97,150000,149992,108.0,35.38,39.719609,0.956994,94.40043,0.276,0.267
X_other,X_other-12-20260923-194800,60,haar,150000,149932,108.0,33.23,36.983093,0.942769,87.161932,0.276,0.277
X_other,X_other-12-20260923-194800,60,97,200000,199972,144.0,36.84,42.062955,0.96572,95.405306,0.269,0.267
X_other,X_other-12-20260923-194800,60,haar,200000,199948,144.0,34.83,39.110892,0.952361,90.642414,0.268,0.269
X_other,X_other-12-20260923-194800,60,97,250000,249972,180.0,38.14,43.928775,0.972941,95.944946,0.271,0.29
X_other,X_other-12-20260923-194800,60,haar,250000,250000,180.0,35.91,40.787216,0.961583,91.999091,0.267,0.275
X_other,X_other-12-20260923-194800,60,97,300000,299896,216.0,39.28,45.536949,0.976502,96.346567,0.268,0.268
X_other,X_other-12-20260923-194800,60,haar,300000,299988,216.0,36.95,42.166584,0.967166,93.103094,0.27,0.266
X_other,X_other-12-20260923-194800,60,97,350000,349992,252.0,40.35,46.858933,0.980902,96.613375,0.268,0.267
X_other,X_other-12-20260923-194800,60,haar,350000,349932,252.0,38.15,43.605753,0.972427,94.075835,0.271,0.269
X_other,X_other-12-20260923-194800,60,97,416667,416652,300.0,41.4,47.971376,0.984022,96.782632,0.268,0.269
X_other,X_other-12-20260923-194800,60,haar,416667,416652,300.0,39.6,45.340129,0.977509,95.02498,0.272,0.265
X_other,X_other-12-20260923-194800,60,97,500000,499932,360.0,42.6,49.112679,0.986226,96.914756,0.265,0.275
X_other,X_other-12-20260923-194800,60,haar,500000,499952,360.0,41.34,46.91858,0.981282,95.803502,0.271,0.27
X_other,X_other-12-20260923-194800,60,97,600000,599904,432.0,44.32,50.416674,0.988177,97.083268,0.271,0.266
X_other,X_other-12-20260923-194800,60,haar,600000,599980,432.0,43.02,48.258796,0.983842,96.349763,0.275,0.284
X_other,X_other-12-20260923-194800,60,97,700000,699884,504.0,45.85,51.352468,0.989662,97.164596,0.269,0.271
X_other,X_other-12-20260923-194800,60,haar,700000,699908,504.0,44.22,49.352913,0.985596,96.598824,0.269,0.274
X_other,X_other-12-20260923-194800,60,97,800000,799992,576.0,47.92,52.447226,0.991355,97.246393,0.269,0.271
X_other,X_other-12-20260923-194800,60,haar,800000,799972,576.0,45.5,50.422075,0.987441,96.762972,0.274,0.269
X_other,X_other-12-20260923-194800,60,97,1000000,999996,720.0,50.28,53.807291,0.994393,97.316342,0.268,0.271
X_other,X_other-12-20260923-194800,60,haar,1000000,999988,720.0,48.01,51.835625,0.991386,97.084226,0.269,0.277
X_other,X_other-12-20260923-194800,70,97,150000,149984,108.0,35.4,39.739828,0.95686,94.37744,0.272,0.269
X_other,X_other-12-20260923-194800,70,haar,150000,149972,108.0,33.2,36.973678,0.942827,87.021418,0.269,0.272
X_other,X_other-12-20260923-194800,70,97,200000,199988,144.0,36.56,41.846817,0.965658,95.245685,0.266,0.272
X_other,X_other-12-20260923-194800,70,haar,200000,199952,144.0,34.88,39.1944,0.952258,90.692331,0.292,0.305
X_other,X_other-12-20260923-194800,70,97,250000,249964,180.0,38.21,44.013579,0.973,95.936905,0.268,0.268
X_other,X_other-12-20260923-194800,70,haar,250000,249920,180.0,35.9,40.780901,0.961301,92.076138,0.266,0.271
X_other,X_other-12-20260923-194800,70,97,300000,299960,216.0,39.18,45.423364,0.976451,96.327736,0.271,0.275
X_other,X_other-12-20260923-194800,70,haar,300000,299968,216.0,36.9,42.05711,0.966955,93.117112,0.268,0.273
X_other,X_other-12-20260923-194800,70,97,350000,349968,252.0,40.41,46.884215,0.980932,96.63827,0.274,0.269
X_other,X_other-12-20260923-194800,70,haar,350000,349940,252.0,38.15,43.533836,0.972242,94.192003,0.276,0.267
X_other,X_other-12-20260923-194800,70,97,416667,416580,300.0,41.37,47.958752,0.984013,96.774039,0.266,0.272
X_other,X_other-12-20260923-194800,70,haar,416667,416664,300.0,39.46,45.175704,0.977241,95.007297,0.268,0.269
X_other,X_other-12-20260923-194800,70,97,500000,499980,360.0,42.59,49.120551,0.986247,96.920132,0.268,0.27
X_other,X_other-12-20260923-194800,70,haar,500000,499984,360.0,41.23,46.86923,0.981149,95.797301,0.267,0.27
X_other,X_other-12-20260923-194800,70,97,600000,599972,432.0,44.27,50.379656,0.988102,97.087995,0.267,0.27
X_other,X_other-12-20260923-194800,70,haar,600000,599924,432.0,43.01,48.177673,0.983781,96.359626,0.27,0.268
X_other,X_other-12-20260923-194800,70,97,700000,699860,504.0,45.84,51.431429,0.989707,97.157559,0.27,0.27
X_other,X_other-12-20260923-194800,70,haar,700000,699984,504.0,44.17,49.355509,0.985501,96.584786,0.268,0.269
X_other,X_other-12-20260923-194800,70,97,800000,799896,576.0,47.72,52.470514,0.991313,97.236931,0.27,0.27
X_other,X_other-12-20260923-194800,70,haar,800000,799948,576.0,45.36,50.423474,0.987274,96.743999,0.277,0.271
X_other,X_other-12-20260923-194800,70,97,1000000,999896,720.0,50.31,53.802689,0.994415,97.309786,0.28,0.271
X_other,X_other-12-20260923-194800,70,haar,1000000,999960,720.0,48.03,51.821052,0.9914,97.098672,0.272,0.268
X_other,X_other-12-20260923-194800,80,97,150000,149888,108.0,35.4,39.751923,0.956973,94.323604,0.282,0.292
X_other,X_other-12-20260923-194800,80,haar,150000,149992,108.0,33.21,36.949975,0.942697,87.061915,0.27,0.268
X_other,X_other-12-20260923-194800,80,97,200000,199976,144.0,36.58,41.839596,0.965476,95.324087,0.264,0.269
X_other,X_other-12-20260923-194800,80,haar,200000,199972,144.0,34.82,39.060993,0.952663,90.513083,0.269,0.269
X_other,X_other-12-20260923-194800,80,97,250000,249984,180.0,38.13,43.940969,0.972844,95.995681,0.269,0.268
X_other,X_other-12-20260923-194800,80,haar,250000,249992,180.0,35.84,40.689393,0.961416,91.903104,0.271,0.271
X_other,X_other-12-20260923-194800,80,97,300000,299972,216.0,39.22,45.466445,0.976374,96.402425,0.268,0.275
X_other,X_other-12-20260923-194800,80,haar,300000,299928,216.0,37.04,42.190105,0.967319,93.148407,0.267,0.27
X_other,X_other-12-20260923-194800,80,97,350000,349936,252.0,40.43,46.874298,0.980929,96.677138,0.269,0.269
X_other,X_other-12-20260923-194800,80,haar,350000,349928,252.0,38.31,43.718502,0.972412,94.276811,0.265,0.274
X_other,X_other-12-20260923-194800,80,97,416667,416564,300.0,41.39,47.96567,0.984026,96.803797,0.27,0.275
X_other,X_other-12-20260923-194800,80,haar,416667,416648,300.0,39.58,45.315239,0.977531,95.062828,0.272,0.271
X_other,X_other-12-20260923-194800,80,97,500000,499896,360.0,42.52,49.044239,0.986162,96.937579,0.268,0.267
X_other,X_other-12-20260923-194800,80,haar,500000,499968,360.0,41.15,46.816151,0.98127,95.742487,0.27,0.274
X_other,X_other-12-20260923-194800,80,97,600000,599988,432.0,44.22,50.356661,0.988088,97.078788,0.266,0.264
X_other,X_other-12-20260923-194800,80,haar,600000,599972,432.0,42.84,48.200034,0.983787,96.320006,0.267,0.271
X_other,X_other-12-20260923-194800,80,97,700000,699988,504.0,45.83,51.3789,0.989658,97.167687,0.271,0.268
X_other,X_other-12-20260923-194800,80,haar,700000,699972,504.0,44.22,49.445824,0.985587,96.61254,0.275,0.287
X_other,X_other-12-20260923-194800,80,97,800000,799952,576.0,47.75,52.471373,0.991347,97.249986,0.268,0.272
X_other,X_other-12-20260923-194800,80,haar,800000,799976,576.0,45.4,50.405792,0.987357,96.764516,0.266,0.265
X_other,X_other-12-20260923-194800,80,97,1000000,999928,720.0,50.31,53.820849,0.994405,97.317234,0.268,0.27
X_other,X_other-12-20260923-194800,80,haar,1000000,999976,720.0,48.02,51.838192,0.991507,97.110039,0.27,0.294
X_other,X_other-13-20260923-194816,0,97,150000,149984,108.0,35.32,39.715866,0.956733,94.353714,0.276,0.277
X_other,X_other-13-20260923-194816,0,haar,150000,149960,108.0,33.26,37.013901,0.942905,87.615683,0.269,0.268
X_other,X_other-13-20260923-194816,0,97,200000,199936,144.0,36.62,42.057916,0.966123,95.32424,0.278,0.267
X_other,X_other-13-20260923-194816,0,haar,200000,199948,144.0,34.86,39.211499,0.952721,90.944798,0.27,0.266
X_other,X_other-13-20260923-194816,0,97,250000,249896,180.0,38.27,44.126104,0.973367,95.948996,0.27,0.273
X_other,X_other-13-20260923-194816,0,haar,250000,249864,180.0,35.84,40.880479,0.961528,92.228669,0.267,0.271
X_other,X_other-13-20260923-194816,0,97,300000,299984,216.0,39.02,45.443633,0.976596,96.230185,0.276,0.269
X_other,X_other-13-20260923-194816,0,haar,300000,299960,216.0,36.91,42.53032,0.967095,93.21404,0.291,0.268
X_other,X_other-13-20260923-194816,0,97,350000,349976,252.0,40.01,46.781974,0.980698,96.549406,0.269,0.274
X_other,X_other-13-20260923-194816,0,haar,350000,349884,252.0,38.13,44.02519,0.97258,94.14561,0.268,0.276
X_other,X_other-13-20260923-194816,0,97,416667,416564,300.0,41.31,48.217062,0.984056,96.771593,0.268,0.273
X_other,X_other-13-20260923-194816,0,haar,416667,416640,300.0,39.6,45.833666,0.977683,95.13438,0.271,0.272
X_other,X_other-13-20260923-194816,0,97,500000,499980,360.0,42.5,49.392785,0.986239,96.908106,0.272,0.27
X_other,X_other-13-20260923-194816,0,haar,500000,499972,360.0,41.2,47.31797,0.981459,95.787896,0.272,0.269
X_other,X_other-13-20260923-194816,0,97,600000,599924,432.0,44.02,50.527164,0.988007,97.068871,0.267,0.27
X_other,X_other-13-20260923-194816,0,haar,600000,599856,432.0,42.97,48.604448,0.983992,96.362713,0.293,0.306
X_other,X_other-13-20260923-194816,0,97,700000,699976,504.0,45.82,51.51143,0.989727,97.165907,0.272,0.269
X_other,X_other-13-20260923-194816,0,haar,700000,699980,504.0,44.26,49.631511,0.985705,96.636482,0.269,0.271
X_other,X_other-13-20260923-194816,0,97,800000,799884,576.0,47.8,52.516652,0.991425,97.232394,0.268,0.273
X_other,X_other-13-20260923-194816,0,haar,800000,799852,576.0,45.43,50.53476,0.987478,96.759773,0.268,0.272
X_other,X_other-13-20260923-194816,0,97,1000000,999924,720.0,50.31,53.853156,0.994431,97.322751,0.271,0.268
X_other,X_other-13-20260923-194816,0,haar,1000000,999992,720.0,48.04,51.937372,0.991431,97.112489,0.271,0.271
X_other,X_other-13-20260923-194816,10,97,150000,149936,108.0,35.3,39.769813,0.957027,94.315074,0.274,0.271
X_other,X_other-13-20260923-194816,10,haar,150000,149932,108.0,33.29,37.066897,0.943122,87.695095,0.271,0.267
X_other,X_other-13-20260923-194816,10,97,200000,199952,144.0,36.52,41.949598,0.966031,95.311625,0.274,0.269
X_other,X_other-13-20260923-194816,10,haar,200000,199960,144.0,34.95,39.321785,0.95293,90.992035,0.266,0.273
X_other,X_other-13-20260923-194816,10,97,250000,249992,180.0,38.27,44.177247,0.973204,95.993568,0.265,0.266
X_other,X_other-13-20260923-194816,10,haar,250000,249856,180.0,35.85,40.875075,0.961507,92.192518,0.269,0.266
X_other,X_other-13-20260923-194816,10,97,300000,299940,216.0,39.06,45.495693,0.976547,96.342845,0.27,0.271
X_other,X_other-13-20260923-194816,10,haar,300000,299960,216.0,36.9,42.502228,0.967205,93.210587,0.273,0.269
X_other,X_other-13-20260923-194816,10,97,350000,349952,252.0,40.22,46.92745,0.98084,96.607741,0.271,0.268
X_other,X_other-13-20260923-194816,10,haar,350000,349996,252.0,38.22,44.053111,0.972625,94.328126,0.271,0.269
X_other,X_other-13-20260923-194816,10,97,416667,416620,300.0,41.26,48.185888,0.983934,96.765115,0.269,0.271
X_other,X_other-13-20260923-194816,10,haar,416667,416632,300.0,39.69,45.821693,0.977723,95.140687,0.272,0.268
X_other,X_other-13-20260923-194816,10,97,500000,499904,360.0,42.56,49.427081,0.98632,96.911053,0.293,0.306
X_other,X_other-13-20260923-194816,10,haar,500000,499936,360.0,41.37,47.308819,0.981525,95.809843,0.269,0.284
X_other,X_other-13-20260923-194816,10,97,600000,599892,432.0,44.07,50.537213,0.98808,97.064021,0.266,0.272
X_other,X_other-13-20260923-194816,10,haar,600000,599960,432.0,43.0,48.649774,0.983993,96.371011,0.269,0.269
X_other,X_other-13-20260923-194816,10,97,700000,699972,504.0,45.77,51.500454,0.989734,97.15595,0.272,0.269
X_other,X_other-13-20260923-194816,10,haar,700000,699888,504.0,44.23,49.643408,0.985731,96.634358,0.266,0.274
X_other,X_other-13-20260923-194816,10,97,800000,799992,576.0,47.76,52.478425,0.991412,97.222204,0.269,0.266
X_other,X_other-13-20260923-194816,10,haar,800000,799928,576.0,45.52,50.543488,0.987468,96.784332,0.274,0.268
X_other,X_other-13-20260923-194816,10,97,1000000,999940,720.0,50.23,53.828625,0.994423,97.293544,0.269,0.272
X_other,X_other-13-20260923-194816,10,haar,1000000,1000000,720.0,47.99,51.944928,0.99149,97.097657,0.269,0.268
X_other,X_other-13-20260923-194816,20,97,150000,149868,108.0,35.33,39.699584,0.956757,94.351994,0.275,0.272
X_other,X_other-13-20260923-194816,20,haar,150000,150000,108.0,33.32,37.069384,0.943119,87.80424,0.269,0.27
X_other,X_other-13-20260923-194816,20,97,200000,199972,144.0,36.69,42.176939,0.965977,95.438379,0.274,0.271
X_other,X_other-13-20260923-194816,20,haar,200000,199988,144.0,34.93,39.312912,0.953105,91.022949,0.28,0.269
X_other,X_other-13-20260923-194816,20,97,250000,249984,180.0,38.23,44.064624,0.972961,95.956617,0.277,0.274
X_other,X_other-13-20260923-194816,20,haar,250000,249884,180.0,35.85,40.890557,0.961522,92.246225,0.268,0.269
X_other,X_other-13-20260923-194816,20,97,300000,299964,216.0,38.96,45.314587,0.976401,96.347446,0.268,0.27
X_other,X_other-13-20260923-194816,20,haar,300000,299968,216.0,36.78,42.373314,0.967286,93.151409,0.279,0.269
X_other,X_other-13-20260923-194816,20,97,350000,349944,252.0,40.14,46.858453,0.9809,96.606607,0.293,0.301
X_other,X_other-13-20260923-194816,20,haar,350000,349932,252.0,38.04,43.923859,0.972287,94.169942,0.272,0.269
X_other,X_other-13-20260923-194816,20,97,416667,416632,300.0,41.27,48.143012,0.983968,96.771433,0.275,0.274
X_other,X_other-13-20260923-194816,20,haar,416667,416560,300.0,39.54,45.733144,0.977567,95.073647,0.269,0.27
X_other,X_other-13-20260923-194816,20,97,500000,499928,360.0,42.48,49.325829,0.98617,96.90612,0.29,0.304
X_other,X_other-13-20260923-194816,20,haar,500000,499984,360.0,41.2,47.338006,0.981451,95.75868,0.269,0.269
X_other,X_other-13-20260923-194816,20,97,600000,599952,432.0,44.02,50.469158,0.988014,97.065857,0.276,0.269
X_other,X_other-13-20260923-194816,20,haar,600000,599956,432.0,42.81,48.626397,0.983985,96.287328,0.267,0.272
X_other,X_other-13-20260923-194816,20,97,700000,699928,504.0,45.8,51.48994,0.989739,97.160012,0.269,0.271
X_other,X_other-13-20260923-194816,20,haar,700000,699864,504.0,44.24,49.691447,0.98577,96.611531,0.269,0.265
X_other,X_other-13-20260923-194816,20,97,800000,799976,576.0,47.78,52.487278,0.991402,97.22643,0.265,0.267
X_other,X_other-13-20260923-194816,20,haar,800000,799928,576.0,45.43,50.558817,0.987524,96.74335,0.268,0.27
X_other,X_other-13-20260923-194816,20,97,1000000,999996,720.0,50.24,53.845124,0.994412,97.294427,0.271,0.272
X_other,X_other-13-20260923-194816,20,haar,1000000,999940,720.0,48.11,51.959696,0.991471,97.100846,0.268,0.268
X_other,X_other-13-20260923-194816,30,97,150000,149984,108.0,35.39,39.769606,0.956892,94.357163,0.276,0.267
X_other,X_other-13-20260923-194816,30,haar,150000,149900,108.0,33.24,37.032602,0.942717,87.529488,0.267,0.273
X_other,X_other-13-20260923-194816,30,97,200000,199996,144.0,36.58,41.910694,0.965845,95.325565,0.265,0.265
X_other,X_other-13-20260923-194816,30,haar,200000,199992,144.0,34.85,39.184194,0.952069,90.94584,0.267,0.268
X_other,X_other-13-20260923-194816,30,97,250000,250000,180.0,38.13,43.965709,0.973001,95.92606,0.27,0.268
X_other,X_other-13-20260923-194816,30,haar,250000,249888,180.0,35.76,40.818226,0.961468,92.069158,0.272,0.267
X_other,X_other-13-20260923-194816,30,97,300000,299904,216.0,39.24,45.681155,0.976611,96.363676,0.271,0.267
X_other,X_other-13-20260923-194816,30,haar,300000,299992,216.0,36.87,42.462763,0.967217,93.186142,0.267,0.267
X_other,X_other-13-20260923-194816,30,97,350000,349936,252.0,40.44,47.134119,0.980927,96.652761,0.269,0.288
X_other,X_other-13-20260923-194816,30,haar,350000,349956,252.0,38.12,44.025678,0.972295,94.241627,0.275,0.27
X_other,X_other-13-20260923-194816,30,97,416667,416644,300.0,41.31,48.207293,0.983932,96.785651,0.266,0.269
X_other,X_other-13-20260923-194816,30,haar,416667,416588,300.0,39.6,45.765262,0.977553,95.084215,0.272,0.27
X_other,X_other-13-20260923-194816,30,97,500000,499960,360.0,42.54,49.344639,0.986157,96.937774,0.27,0.27
X_other,X_other-13-20260923-194816,30,haar,500000,499916,360.0,41.32,47.3088,0.981389,95.818938,0.274,0.266
X_other,X_other-13-20260923-194816,30,97,600000,599976,432.0,44.15,50.597615,0.988118,97.065056,0.264,0.269
X_other,X_other-13-20260923-194816,30,haar,600000,599944,432.0,42.89,48.609551,0.983939,96.329964,0.272,0.266
X_other,X_other-13-20260923-194816,30,97,700000,699984,504.0,45.86,51.506821,0.989766,97.162227,0.266,0.268
X_other,X_other-13-20260923-194816,30,haar,700000,699852,504.0,44.25,49.676184,0.985725,96.625846,0.272,0.269
X_other,X_other-13-20260923-194816,30,97,800000,799992,576.0,47.79,52.521302,0.991449,97.228241,0.27,0.267
X_other,X_other-13-20260923-194816,30,haar,800000,799988,576.0,45.37,50.546212,0.987497,96.733112,0.284,0.271
X_other,X_other-13-20260923-194816,30,97,1000000,999992,720.0,50.24,53.86543,0.994426,97.306486,0.266,0.274
X_other,X_other-13-20260923-194816,30,haar,1000000,999920,720.0,48.06,51.974161,0.991513,97.11852,0.267,0.269
X_other,X_other-13-20260923-194816,40,97,150000,149988,108.0,35.37,39.660094,0.956647,94.358069,0.272,0.268
X_other,X_other-13-20260923-194816,40,haar,150000,149932,108.0,33.29,37.027991,0.942771,87.711727,0.267,0.267
X_other,X_other-13-20260923-194816,40,97,200000,199992,144.0,36.6,41.909826,0.965854,95.349791,0.266,0.268
X_other,X_other-13-20260923-194816,40,haar,200000,199976,144.0,34.94,39.297264,0.952744,91.038422,0.27,0.27
X_other,X_other-13-20260923-194816,40,97,250000,249928,180.0,38.15,43.994285,0.972964,95.934793,0.269,0.277
X_other,X_other-13-20260923-194816,40,haar,250000,249888,180.0,35.88,40.985946,0.96163,92.215131,0.269,0.277
X_other,X_other-13-20260923-194816,40,97,300000,299976,216.0,39.16,45.623829,0.976549,96.346667,0.289,0.301
X_other,X_other-13-20260923-194816,40,haar,300000,299980,216.0,36.96,42.597627,0.967415,93.299709,0.264,0.265
X_other,X_other-13-20260923-194816,40,97,350000,349960,252.0,40.43,47.061658,0.98092,96.690281,0.265,0.264
X_other,X_other-13-20260923-194816,40,haar,350000,349968,252.0,38.18,44.02612,0.972523,94.23021,0.265,0.269
X_other,X_other-13-20260923-194816,40,97,416667,416640,300.0,41.29,48.120172,0.983916,96.814583,0.267,0.27
X_other,X_other-13-20260923-194816,40,haar,416667,416640,300.0,39.58,45.743265,0.977583,95.109078,0.27,0.269
X_other,X_other-13-20260923-194816,40,97,500000,499896,360.0,42.57,49.370008,0.986171,96.942667,0.267,0.271
X_other,X_other-13-20260923-194816,40,haar,500000,499936,360.0,41.28,47.2679,0.981391,95.849015,0.27,0.268
X_other,X_other-13-20260923-194816,40,97,600000,599972,432.0,44.1,50.557713,0.988137,97.073601,0.27,0.271
X_other,X_other-13-20260923-194816,40,haar,600000,599944,432.0,42.99,48.65619,0.983977,96.361931,0.269,0.268
X_other,X_other-13-20260923-194816,40,97,700000,699896,504.0,45.86,51.517859,0.989775,97.176252,0.271,0.273
X_other,X_other-13-20260923-194816,40,haar,700000,699976,504.0,44.24,49.649185,0.985713,96.629271,0.269,0.267
X_other,X_other-13-20260923-194816,40,97,800000,799868,576.0,47.74,52.489736,0.99144,97.242501,0.271,0.277
X_other,X_other-13-20260923-194816,40,haar,800000,800000,576.0,45.37,50.518002,0.987517,96.746397,0.266,0.269
X_other,X_other-13-20260923-194816,40,97,1000000,999976,720.0,50.22,53.891753,0.994462,97.311702,0.27,0.275
X_other,X_other-13-20260923-194816,40,haar,1000000,999976,720.0,48.01,51.965578,0.99156,97.129412,0.269,0.271
X_other,X_other-13-20260923-194816,50,97,150000,149936,108.0,35.39,39.751065,0.956734,94.390785,0.27,0.27
X_other,X_other-13-20260923-194816,50,haar,150000,149948,108.0,33.24,36.975839,0.942828,87.48442,0.276,0.27
X_other,X_other-13-20260923-194816,50,97,200000,199996,144.0,36.71,42.115611,0.965986,95.459149,0.274,0.269
X_other,X_other-13-20260923-194816,50,haar,200000,199984,144.0,34.9,39.231089,0.952899,90.950443,0.265,0.27
X_other,X_other-13-20260923-194816,50,97,250000,249940,180.0,38.17,43.925029,0.972975,95.993621,0.265,0.269
X_other,X_other-13-20260923-194816,50,haar,250000,249908,180.0,35.89,40.928071,0.961414,92.229663,0.284,0.3
X_other,X_other-13-20260923-194816,50,97,300000,299928,216.0,39.14,45.464441,0.976468,96.418224,0.269,0.271
X_other,X_other-13-20260923-194816,50,haar,300000,300000,216.0,36.88,42.437852,0.967052,93.18464,0.268,0.269
X_other,X_other-13-20260923-194816,50,97,350000,349968,252.0,40.35,46.946985,0.980848,96.637386,0.267,0.266
X_other,X_other-13-20260923-194816,50,haar,350000,349944,252.0,38.18,43.98966,0.972492,94.193942,0.269,0.267
X_other,X_other-13-20260923-194816,50,97,416667,416536,300.0,41.23,48.062668,0.983823,96.759201,0.266,0.275
X_other,X_other-13-20260923-194816,50,haar,416667,416648,300.0,39.62,45.679006,0.977596,95.137935,0.267,0.266
X_other,X_other-13-20260923-194816,50,97,500000,499936,360.0,42.61,49.354114,0.986201,96.918583,0.275,0.269
X_other,X_other-13-20260923-194816,50,haar,500000,499940,360.0,41.31,47.285335,0.981437,95.840104,0.267,0.271
X_other,X_other-13-20260923-194816,50,97,600000,599880,432.0,44.14,50.495214,0.988108,97.075851,0.266,0.271
X_other,X_other-13-20260923-194816,50,haar,600000,599972,432.0,42.9,48.641711,0.983984,96.3095,0.266,0.269
X_other,X_other-13-20260923-194816,50,97,700000,699864,504.0,45.78,51.482577,0.989763,97.146377,0.271,0.276
X_other,X_other-13-20260923-194816,50,haar,700000,699904,504.0,44.14,49.632034,0.985678,96.584676,0.268,0.269
X_other,X_other-13-20260923-194816,50,97,800000,799992,576.0,47.75,52.48989,0.991456,97.232904,0.271,0.267
X_other,X_other-13-20260923-194816,50,haar,800000,799968,576.0,45.33,50.498834,0.987477,96.747101,0.27,0.272
X_other,X_other-13-20260923-194816,50,97,1000000,999952,720.0,50.22,53.829281,0.99448,97.30079,0.268,0.274
X_other,X_other-13-20260923-194816,50,haar,1000000,999988,720.0,48.0,51.968492,0.991468,97.103599,0.268,0.269
X_other,X_other-13-20260923-194816,60,97,150000,149920,108.0,35.37,39.739407,0.956954,94.356945,0.278,0.285
X_other,X_other-13-20260923-194816,60,haar,150000,149864,108.0,33.22,36.993107,0.942881,87.369198,0.27,0.273
X_other,X_other-13-20260923-194816,60,97,200000,199960,144.0,36.57,41.913626,0.965904,95.349614,0.269,0.27
X_other,X_other-13-20260923-194816,60,haar,200000,199940,144.0,34.94,39.277081,0.952414,90.982413,0.269,0.267
X_other,X_other-13-20260923-194816,60,97,250000,249884,180.0,38.2,43.93797,0.972964,96.014918,0.269,0.273
X_other,X_other-13-20260923-194816,60,haar,250000,249992,180.0,35.89,40.952987,0.961612,92.152353,0.267,0.27
X_other,X_other-13-20260923-194816,60,97,300000,299980,216.0,39.23,45.546572,0.976448,96.42826,0.267,0.272
X_other,X_other-13-20260923-194816,60,haar,300000,299976,216.0,36.95,42.516297,0.967365,93.184777,0.271,0.265
X_other,X_other-13-20260923-194816,60,97,350000,349988,252.0,40.34,46.903176,0.980811,96.690153,0.273,0.272
X_other,X_other-13-20260923-194816,60,haar,350000,349924,252.0,38.19,44.002697,0.972441,94.239824,0.271,0.271
X_other,X_other-13-20260923-194816,60,97,416667,416612,300.0,41.24,48.080068,0.983858,96.79198,0.266,0.272
X_other,X_other-13-20260923-194816,60,haar,416667,416660,300.0,39.63,45.699685,0.977546,95.147627,0.27,0.267
X_other,X_other-13-20260923-194816,60,97,500000,499888,360.0,42.56,49.422289,0.986275,96.926301,0.271,0.269
X_other,X_other-13-20260923-194816,60,haar,500000,500000,360.0,41.27,47.316047,0.981431,95.818572,0.267,0.269
X_other,X_other-13-20260923-194816,60,97,600000,599896,432.0,44.09,50.484505,0.988136,97.066319,0.277,0.269
X_other,X_other-13-20260923-194816,60,haar,600000,599856,432.0,42.85,48.636525,0.983977,96.28877,0.267,0.271
X_other,X_other-13-20260923-194816,60,97,700000,699952,504.0,45.78,51.462251,0.989801,97.153142,0.267,0.305
X_other,X_other-13-20260923-194816,60,haar,700000,699948,504.0,44.14,49.624575,0.985674,96.583361,0.27,0.27
X_other,X_other-13-20260923-194816,60,97,800000,799968,576.0,47.68,52.505354,0.9915,97.228819,0.266,0.271
X_other,X_other-13-20260923-194816,60,haar,800000,799872,576.0,45.42,50.537494,0.987569,96.770517,0.268,0.266
X_other,X_other-13-20260923-194816,60,97,1000000,999852,720.0,50.26,53.860635,0.994409,97.312425,0.266,0.267
X_other,X_other-13-20260923-194816,60,haar,1000000,999968,720.0,48.0,51.976198,0.991628,97.101313,0.282,0.27
X_other,X_other-13-20260923-194816,70,97,150000,149956,108.0,35.44,39.740192,0.956848,94.485745,0.272,0.27
X_other,X_other-13-20260923-194816,70,haar,150000,149948,108.0,33.27,37.065099,0.942906,87.552702,0.265,0.268
X_other,X_other-13-20260923-194816,70,97,200000,199932,144.0,36.49,41.807715,0.965877,95.307385,0.273,0.269
X_other,X_other-13-20260923-194816,70,haar,200000,199920,144.0,34.93,39.237362,0.95226,90.992576,0.266,0.27
X_other,X_other-13-20260923-194816,70,97,250000,249988,180.0,38.22,43.964296,0.972511,96.012781,0.268,0.269
X_other,X_other-13-20260923-194816,70,haar,250000,250000,180.0,35.91,40.988362,0.961663,92.217301,0.286,0.272
X_other,X_other-13-20260923-194816,70,97,300000,299960,216.0,39.12,45.444505,0.976459,96.39709,0.268,0.267
X_other,X_other-13-20260923-194816,70,haar,300000,299992,216.0,36.9,42.425152,0.96746,93.166616,0.266,0.272
X_other,X_other-13-20260923-194816,70,97,350000,350000,252.0,40.32,46.903631,0.98084,96.659524,0.27,0.274
X_other,X_other-13-20260923-194816,70,haar,350000,349984,252.0,38.2,43.942957,0.972591,94.254219,0.271,0.266
X_other,X_other-13-20260923-194816,70,97,416667,416664,300.0,41.25,48.145716,0.983923,96.77453,0.264,0.277
X_other,X_other-13-20260923-194816,70,haar,416667,416600,300.0,39.63,45.694373,0.977575,95.11559,0.269,0.273
X_other,X_other-13-20260923-194816,70,97,500000,499932,360.0,42.48,49.367137,0.986201,96.915704,0.268,0.272
X_other,X_other-13-20260923-194816,70,haar,500000,499892,360.0,41.3,47.283352,0.981353,95.852641,0.27,0.304
X_other,X_other-13-20260923-194816,70,97,600000,599920,432.0,44.08,50.50401,0.988088,97.06707,0.274,0.268
X_other,X_other-13-20260923-194816,70,haar,600000,599900,432.0,42.88,48.69656,0.983999,96.322766,0.272,0.268
X_other,X_other-13-20260923-194816,70,97,700000,699872,504.0,45.85,51.476593,0.989761,97.158599,0.27,0.272
X_other,X_other-13-20260923-194816,70,haar,700000,699928,504.0,44.11,49.643384,0.985726,96.579466,0.271,0.268
X_other,X_other-13-20260923-194816,70,97,800000,799888,576.0,47.74,52.463352,0.991449,97.238349,0.271,0.266
X_other,X_other-13-20260923-194816,70,haar,800000,799872,576.0,45.32,50.50983,0.987527,96.707859,0.269,0.264
X_other,X_other-13-20260923-194816,70,97,1000000,999984,720.0,50.28,53.828967,0.994454,97.311246,0.28,0.274
X_other,X_other-13-20260923-194816,70,haar,1000000,999988,720.0,48.09,51.938676,0.991557,97.087845,0.266,0.269
X_other,X_other-13-20260923-194816,80,97,150000,149968,108.0,35.4,39.741709,0.956988,94.397342,0.276,0.269
X_other,X_other-13-20260923-194816,80,haar,150000,149964,108.0,33.3,37.083905,0.943194,87.557571,0.277,0.275
X_other,X_other-13-20260923-194816,80,97,200000,199936,144.0,36.46,41.733993,0.965858,95.272496,0.268,0.294
X_other,X_other-13-20260923-194816,80,haar,200000,199908,144.0,35.0,39.26605,0.952084,91.053891,0.27,0.267
X_other,X_other-13-20260923-194816,80,97,250000,249960,180.0,38.18,44.007275,0.972912,95.980051,0.269,0.271
X_other,X_other-13-20260923-194816,80,haar,250000,249960,180.0,35.94,40.958302,0.961676,92.192804,0.268,0.266
X_other,X_other-13-20260923-194816,80,97,300000,299892,216.0,39.14,45.511609,0.976269,96.369217,0.265,0.271
X_other,X_other-13-20260923-194816,80,haar,300000,299952,216.0,36.9,42.45864,0.967429,93.181507,0.271,0.269
X_other,X_other-13-20260923-194816,80,97,350000,349944,252.0,40.34,46.96149,0.980909,96.653433,0.268,0.27
X_other,X_other-13-20260923-194816,80,haar,350000,349948,252.0,38.28,44.021508,0.97254,94.343772,0.268,0.267
X_other,X_other-13-20260923-194816,80,97,416667,416640,300.0,41.24,48.134175,0.983955,96.790317,0.267,0.293
X_other,X_other-13-20260923-194816,80,haar,416667,416664,300.0,39.66,45.704082,0.97756,95.189307,0.27,0.267
X_other,X_other-13-20260923-194816,80,97,500000,499880,360.0,42.53,49.380638,0.98621,96.934059,0.269,0.275
X_other,X_other-13-20260923-194816,80,haar,500000,499996,360.0,41.31,47.306514,0.981339,95.867043,0.268,0.269
X_other,X_other-13-20260923-194816,80,97,600000,599964,432.0,44.12,50.553144,0.988146,97.081498,0.268,0.266
X_other,X_other-13-20260923-194816,80,haar,600000,599904,432.0,42.89,48.609225,0.983953,96.375165,0.268,0.272
X_other,X_other-13-20260923-194816,80,97,700000,699936,504.0,45.8,51.503517,0.989744,97.171479,0.269,0.268
X_other,X_other-13-20260923-194816,80,haar,700000,699876,504.0,44.12,49.592845,0.985669,96.60584,0.267,0.269
X_other,X_other-13-20260923-194816,80,97,800000,799920,576.0,47.76,52.472721,0.991456,97.249606,0.271,0.272
X_other,X_other-13-20260923-194816,80,haar,800000,799980,576.0,45.3,50.506109,0.98746,96.729911,0.27,0.269
X_other,X_other-13-20260923-194816,80,97,1000000,1000000,720.0,50.27,53.836814,0.994419,97.319242,0.268,0.27
X_other,X_other-13-20260923-194816,80,haar,1000000,999976,720.0,48.11,51.964455,0.991559,97.123909,0.27,0.27
X_other,X_other-14-20260923-194832,0,97,150000,149972,108.0,35.53,39.925748,0.957051,94.50905,0.273,0.27
X_other,X_other-14-20260923-194832,0,haar,150000,149972,108.0,33.19,36.826871,0.943006,87.164995,0.27,0.269
X_other,X_other-14-20260923-194832,0,97,200000,199996,144.0,36.79,42.137625,0.96583,95.416411,0.271,0.277
X_other,X_other-14-20260923-194832,0,haar,200000,199956,144.0,34.87,39.187322,0.952885,90.712504,0.266,0.27
X_other,X_other-14-20260923-194832,0,97,250000,250000,180.0,38.11,43.929326,0.973095,95.962626,0.268,0.268
X_other,X_other-14-20260923-194832,0,haar,250000,249924,180.0,35.88,40.955949,0.961906,92.051636,0.267,0.269
X_other,X_other-14-20260923-194832,0,97,300000,299932,216.0,39.29,45.570503,0.976627,96.403193,0.269,0.267
X_other,X_other-14-20260923-194832,0,haar,300000,299984,216.0,36.77,42.320541,0.967325,93.011131,0.268,0.268
X_other,X_other-14-20260923-194832,0,97,350000,350000,252.0,40.29,46.832613,0.980853,96.647491,0.271,0.268
X_other,X_other-14-20260923-194832,0,haar,350000,349904,252.0,38.14,43.831788,0.972176,94.127513,0.275,0.268
X_other,X_other-14-20260923-194832,0,97,416667,416576,300.0,41.41,48.189111,0.984033,96.791023,0.287,0.27
X_other,X_other-14-20260923-194832,0,haar,416667,416628,300.0,39.59,45.572344,0.977455,95.021875,0.27,0.275
X_other,X_other-14-20260923-194832,0,97,500000,499988,360.0,42.61,49.395266,0.986213,96.940195,0.27,0.265
X_other,X_other-14-20260923-194832,0,haar,500000,499872,360.0,41.33,47.268241,0.981355,95.790254,0.278,0.267
X_other,X_other-14-20260923-194832,0,97,600000,599940,432.0,44.23,50.513716,0.98814,97.080669,0.271,0.269
X_other,X_other-14-20260923-194832,0,haar,600000,599916,432.0,42.94,48.546023,0.983806,96.338337,0.268,0.269
X_other,X_other-14-20260923-194832,0,97,700000,699908,504.0,45.74,51.423467,0.989659,97.163547,0.27,0.271
X_other,X_other-14-20260923-194832,0,haar,700000,699904,504.0,44.17,49.592239,0.985586,96.56851,0.272,0.271
X_other,X_other-14-20260923-194832,0,97,800000,799976,576.0,47.7,52.466,0.991378,97.247438,0.272,0.268
X_other,X_other-14-20260923-194832,0,haar,800000,799852,576.0,45.32,50.469228,0.987359,96.714191,0.27,0.271
X_other,X_other-14-20260923-194832,0,97,1000000,999916,720.0,50.22,53.811012,0.994409,97.313602,0.269,0.276
X_other,X_other-14-20260923-194832,0,haar,1000000,999992,720.0,48.1,51.917646,0.991475,97.105091,0.291,0.302
X_other,X_other-14-20260923-194832,10,97,150000,149984,108.0,35.5,39.950486,0.957322,94.433815,0.272,0.269
X_other,X_other-14-20260923-194832,10,haar,150000,149972,108.0,33.21,36.90542,0.943051,87.328393,0.27,0.273
X_other,X_other-14-20260923-194832,10,97,200000,199964,144.0,36.82,42.212232,0.966018,95.431196,0.266,0.271
X_other,X_other-14-20260923-194832,10,haar,200000,199948,144.0,34.79,39.042128,0.953277,90.754655,0.278,0.267
X_other,X_other-14-20260923-194832,10,97,250000,249992,180.0,38.17,44.11463,0.973226,95.968546,0.271,0.267
X_other,X_other-14-20260923-194832,10,haar,250000,249860,180.0,35.85,40.913249,0.961675,92.076846,0.268,0.266
X_other,X_other-14-20260923-194832,10,97,300000,299936,216.0,39.22,45.608384,0.976536,96.353863,0.274,0.27
X_other,X_other-14-20260923-194832,10,haar,300000,299996,216.0,36.79,42.271321,0.967285,93.010244,0.268,0.271
X_other,X_other-14-20260923-194832,10,97,350000,349996,252.0,40.4,47.037317,0.980956,96.68508,0.27,0.274
X_other,X_other-14-20260923-194832,10,haar,350000,349864,252.0,38.14,43.818068,0.97243,94.162588,0.269,0.269
X_other,X_other-14-20260923-194832,10,97,416667,416664,300.0,41.42,48.20856,0.984006,96.792627,0.272,0.286
X_other,X_other-14-20260923-194832,10,haar,416667,416576,300.0,39.68,45.683116,0.977482,95.058667,0.267,0.276
X_other,X_other-14-20260923-194832,10,97,500000,499940,360.0,42.63,49.421013,0.986209,96.930782,0.269,0.264
X_other,X_other-14-20260923-194832,10,haar,500000,499960,360.0,41.39,47.235751,0.981309,95.836009,0.269,0.271
X_other,X_other-14-20260923-194832,10,97,600000,599876,432.0,44.08,50.421564,0.988001,97.062139,0.273,0.267
X_other,X_other-14-20260923-194832,10,haar,600000,599864,432.0,43.03,48.556036,0.983782,96.360519,0.269,0.275
X_other,X_other-14-20260923-194832,10,97,700000,699964,504.0,45.72,51.419589,0.989643,97.164304,0.291,0.307
X_other,X_other-14-20260923-194832,10,haar,700000,699936,504.0,44.22,49.547648,0.985569,96.581968,0.272,0.271
X_other,X_other-14-20260923-194832,10,97,800000,799980,576.0,47.66,52.498452,0.991378,97.238439,0.268,0.273
X_other,X_other-14-20260923-194832,10,haar,800000,799940,576.0,45.41,50.435752,0.987378,96.727605,0.269,0.275
X_other,X_other-14-20260923-194832,10,97,1000000,999944,720.0,50.19,53.838621,0.994401,97.312105,0.273,0.269
X_other,X_other-14-20260923-194832,10,haar,1000000,999980,720.0,48.06,51.883098,0.991467,97.099517,0.267,0.269
X_other,X_other-14-20260923-194832,20,97,150000,149944,108.0,35.49,39.930795,0.956986,94.461213,0.272,0.269
X_other,X_other-14-20260923-194832,20,haar,150000,149908,108.0,33.17,36.817858,0.943146,87.131916,0.269,0.273
X_other,X_other-14-20260923-194832,20,97,200000,199952,144.0,36.9,42.324907,0.965804,95.437476,0.27,0.279
X_other,X_other-14-20260923-194832,20,haar,200000,199996,144.0,34.82,39.085368,0.952832,90.725645,0.268,0.268
X_other,X_other-14-20260923-194832,20,97,250000,249940,180.0,38.18,44.027264,0.97312,95.971378,0.273,0.269
X_other,X_other-14-20260923-194832,20,haar,250000,249968,180.0,35.91,40.972156,0.961701,92.140247,0.286,0.272
X_other,X_other-14-20260923-194832,20,97,300000,299964,216.0,39.34,45.684681,0.976676,96.424924,0.269,0.269
X_other,X_other-14-20260923-194832,20,haar,300000,299940,216.0,36.86,42.291575,0.967028,93.116792,0.268,0.264
X_other,X_other-14-20260923-194832,20,97,350000,349992,252.0,40.42,47.071658,0.981051,96.65763,0.269,0.268
X_other,X_other-14-20260923-194832,20,haar,350000,349928,252.0,38.22,43.942035,0.972338,94.175917,0.272,0.272
X_other,X_other-14-20260923-194832,20,97,416667,416664,300.0,41.41,48.198504,0.984039,96.794178,0.273,0.269
X_other,X_other-14-20260923-194832,20,haar,416667,416600,300.0,39.7,45.695719,0.97752,95.085539,0.275,0.27
X_other,X_other-14-20260923-194832,20,97,500000,499888,360.0,42.56,49.38593,0.986227,96.910101,0.274,0.27
X_other,X_other-14-20260923-194832,20,haar,500000,499920,360.0,41.32,47.206579,0.981265,95.807076,0.267,0.272
X_other,X_other-14-20260923-194832,20,97,600000,599984,432.0,44.13,50.503305,0.988097,97.057374,0.269,0.271
X_other,X_other-14-20260923-194832,20,haar,600000,599900,432.0,42.93,48.532902,0.983708,96.326696,0.291,0.307
X_other,X_other-14-20260923-194832,20,97,700000,699852,504.0,45.83,51.442079,0.989685,97.154693,0.269,0.27
X_other,X_other-14-20260923-194832,20,haar,700000,699872,504.0,44.26,49.601222,0.985533,96.597203,0.265,0.271
X_other,X_other-14-20260923-194832,20,97,800000,799988,576.0,47.64,52.475501,0.991356,97.240408,0.275,0.266
X_other,X_other-14-20260923-194832,20,haar,800000,799980,576.0,45.43,50.471559,0.987381,96.763331,0.269,0.272
X_other,X_other-14-20260923-194832,20,97,1000000,999996,720.0,50.25,53.865517,0.994425,97.302451,0.268,0.278
X_other,X_other-14-20260923-194832,20,haar,1000000,1000000,720.0,48.11,51.942509,0.991471,97.118872,0.271,0.269
X_other,X_other-14-20260923-194832,30,97,150000,149948,108.0,35.44,39.953803,0.957304,94.393105,0.278,0.269
X_other,X_other-14-20260923-194832,30,haar,150000,149976,108.0,33.21,36.867294,0.942943,87.347895,0.266,0.272
X_other,X_other-14-20260923-194832,30,97,200000,199964,144.0,36.78,42.176612,0.965756,95.407531,0.271,0.269
X_other,X_other-14-20260923-194832,30,haar,200000,199964,144.0,34.8,39.08141,0.953153,90.768994,0.272,0.269
X_other,X_other-14-20260923-194832,30,97,250000,249928,180.0,38.14,43.987712,0.973017,95.942204,0.282,0.268
X_other,X_other-14-20260923-194832,30,haar,250000,249964,180.0,35.89,40.971655,0.961748,92.151044,0.266,0.265
X_other,X_other-14-20260923-194832,30,97,300000,299948,216.0,39.4,45.707213,0.976685,96.434365,0.274,0.267
X_other,X_other-14-20260923-194832,30,haar,300000,300000,216.0,36.84,42.274167,0.96713,93.087218,0.267,0.268
X_other,X_other-14-20260923-194832,30,97,350000,349988,252.0,40.42,47.052746,0.981034,96.663129,0.269,0.272
X_other,X_other-14-20260923-194832,30,haar,350000,349912,252.0,38.1,43.837435,0.972416,94.047094,0.273,0.268
X_other,X_other-14-20260923-194832,30,97,416667,416636,300.0,41.36,48.182135,0.984003,96.781519,0.27,0.269
X_other,X_other-14-20260923-194832,30,haar,416667,416664,300.0,39.59,45.618227,0.977513,94.98397,0.268,0.292
X_other,X_other-14-20260923-194832,30,97,500000,499896,360.0,42.62,49.439852,0.986277,96.922747,0.267,0.279
X_other,X_other-14-20260923-194832,30,haar,500000,499964,360.0,41.33,47.177573,0.981269,95.806069,0.267,0.268
X_other,X_other-14-20260923-194832,30,97,600000,599932,432.0,44.17,50.487632,0.98804,97.070585,0.273,0.27
X_other,X_other-14-20260923-194832,30,haar,600000,599856,432.0,43.01,48.510751,0.983713,96.347637,0.267,0.266
X_other,X_other-14-20260923-194832,30,97,700000,699924,504.0,45.77,51.388534,0.989604,97.160996,0.269,0.27
X_other,X_other-14-20260923-194832,30,haar,700000,699972,504.0,44.23,49.592679,0.985543,96.58128,0.275,0.28
X_other,X_other-14-20260923-194832,30,97,800000,800000,576.0,47.65,52.41727,0.991314,97.248111,0.267,0.267
X_other,X_other-14-20260923-194832,30,haar,800000,799948,576.0,45.43,50.4802,0.987347,96.736018,0.272,0.268
X_other,X_other-14-20260923-194832,30,97,1000000,999992,720.0,50.26,53.811695,0.994414,97.310187,0.268,0.272
X_other,X_other-14-20260923-194832,30,haar,1000000,999996,720.0,48.09,51.931456,0.991387,97.114796,0.269,0.27
X_other,X_other-14-20260923-194832,40,97,150000,149976,108.0,35.53,39.954923,0.957123,94.478942,0.293,0.265
X_other,X_other-14-20260923-194832,40,haar,150000,149896,108.0,33.2,36.884406,0.943154,87.262329,0.275,0.268
X_other,X_other-14-20260923-194832,40,97,200000,199992,144.0,36.85,42.293745,0.966007,95.41947,0.267,0.274
X_other,X_other-14-20260923-194832,40,haar,200000,199984,144.0,34.84,39.135846,0.952713,90.736035,0.264,0.266
X_other,X_other-14-20260923-194832,40,97,250000,249972,180.0,38.15,44.005004,0.973092,95.942875,0.265,0.274
X_other,X_other-14-20260923-194832,40,haar,250000,249936,180.0,35.9,40.981662,0.961815,92.1148,0.269,0.267
X_other,X_other-14-20260923-194832,40,97,300000,299972,216.0,39.32,45.603301,0.97667,96.42247,0.274,0.269
X_other,X_other-14-20260923-194832,40,haar,300000,299920,216.0,36.85,42.299185,0.967358,93.076415,0.272,0.269
X_other,X_other-14-20260923-194832,40,97,350000,349944,252.0,40.42,47.07226,0.981035,96.650067,0.27,0.286
X_other,X_other-14-20260923-194832,40,haar,350000,349984,252.0,37.98,43.786277,0.97229,93.977687,0.269,0.271
X_other,X_other-14-20260923-194832,40,97,416667,416520,300.0,41.29,48.201637,0.98394,96.7753,0.27,0.266
X_other,X_other-14-20260923-194832,40,haar,416667,416656,300.0,39.61,45.630287,0.977493,95.018677,0.273,0.267
X_other,X_other-14-20260923-194832,40,97,500000,499956,360.0,42.6,49.407662,0.986253,96.930357,0.266,0.272
X_other,X_other-14-20260923-194832,40,haar,500000,499980,360.0,41.3,47.17888,0.98129,95.781823,0.269,0.266
X_other,X_other-14-20260923-194832,40,97,600000,599968,432.0,44.06,50.495688,0.988055,97.064383,0.267,0.273
X_other,X_other-14-20260923-194832,40,haar,600000,599964,432.0,42.92,48.485224,0.98371,96.353854,0.268,0.273
X_other,X_other-14-20260923-194832,40,97,700000,699844,504.0,45.84,51.422269,0.989661,97.162165,0.271,0.271
X_other,X_other-14-20260923-194832,40,haar,700000,700000,504.0,44.2,49.545266,0.985507,96.60185,0.273,0.263
X_other,X_other-14-20260923-194832,40,97,800000,799916,576.0,47.67,52.448726,0.991355,97.249774,0.271,0.273
X_other,X_other-14-20260923-194832,40,haar,800000,799976,576.0,45.42,50.459341,0.987355,96.738794,0.272,0.275
X_other,X_other-14-20260923-194832,40,97,1000000,999968,720.0,50.22,53.831824,0.994411,97.308232,0.268,0.268
X_other,X_other-14-20260923-194832,40,haar,1000000,999992,720.0,48.02,51.902806,0.9913,97.111805,0.274,0.269
X_other,X_other-14-20260923-194832,50,97,150000,149940,108.0,35.46,39.979201,0.957217,94.386737,0.273,0.27
X_other,X_other-14-20260923-194832,50,haar,150000,149852,108.0,33.21,36.889501,0.943121,87.241434,0.266,0.272
X_other,X_other-14-20260923-194832,50,97,200000,199988,144.0,36.79,42.207526,0.965896,95.406813,0.27,0.265
X_other,X_other-14-20260923-194832,50,haar,200000,200000,144.0,34.85,39.142473,0.952714,90.721426,0.279,0.268
X_other,X_other-14-20260923-194832,50,97,250000,249968,180.0,38.19,44.024781,0.973262,95.956535,0.273,0.268
X_other,X_other-14-20260923-194832,50,haar,250000,249928,180.0,35.92,40.97945,0.961758,92.061075,0.268,0.272
X_other,X_other-14-20260923-194832,50,97,300000,299952,216.0,39.22,45.655501,0.976739,96.428234,0.268,0.273
X_other,X_other-14-20260923-194832,50,haar,300000,299940,216.0,36.86,42.296985,0.967194,93.048048,0.267,0.268
X_other,X_other-14-20260923-194832,50,97,350000,349956,252.0,40.36,47.025766,0.980978,96.653882,0.285,0.3
X_other,X_other-14-20260923-194832,50,haar,350000,349880,252.0,38.08,43.824181,0.97217,94.051873,0.268,0.275
X_other,X_other-14-20260923-194832,50,97,416667,416660,300.0,41.26,48.136859,0.983928,96.77211,0.268,0.272
X_other,X_other-14-20260923-194832,50,haar,416667,416616,300.0,39.57,45.695936,0.977523,94.9525,0.269,0.27
X_other,X_other-14-20260923-194832,50,97,500000,499920,360.0,42.48,49.290935,0.986098,96.926112,0.268,0.268
X_other,X_other-14-20260923-194832,50,haar,500000,499904,360.0,41.28,47.188899,0.981269,95.762272,0.268,0.27
X_other,X_other-14-20260923-194832,50,97,600000,599976,432.0,44.17,50.524487,0.988079,97.068404,0.273,0.271
X_other,X_other-14-20260923-194832,50,haar,600000,599896,432.0,43.0,48.486106,0.983778,96.368063,0.267,0.268
X_other,X_other-14-20260923-194832,50,97,700000,699916,504.0,45.82,51.442937,0.989629,97.174903,0.274,0.278
X_other,X_other-14-20260923-194832,50,haar,700000,699984,504.0,44.23,49.56904,0.985561,96.606267,0.269,0.273
X_other,X_other-14-20260923-194832,50,97,800000,799968,576.0,47.68,52.435447,0.991334,97.233568,0.27,0.296
X_other,X_other-14-20260923-194832,50,haar,800000,800000,576.0,45.39,50.465669,0.987313,96.73895,0.275,0.272
X_other,X_other-14-20260923-194832,50,97,1000000,999964,720.0,50.23,53.834788,0.994437,97.318844,0.273,0.271
X_other,X_other-14-20260923-194832,50,haar,1000000,999992,720.0,48.01,51.919661,0.991514,97.103417,0.267,0.272
X_other,X_other-14-20260923-194832,60,97,150000,149960,108.0,35.48,39.914614,0.957013,94.439736,0.277,0.267
X_other,X_other-14-20260923-194832,60,haar,150000,149944,108.0,33.17,36.86886,0.943279,87.225647,0.271,0.267
X_other,X_other-14-20260923-194832,60,97,200000,199960,144.0,36.72,42.129447,0.965921,95.388187,0.269,0.274
X_other,X_other-14-20260923-194832,60,haar,200000,199988,144.0,34.86,39.138461,0.952415,90.778097,0.267,0.276
X_other,X_other-14-20260923-194832,60,97,250000,249984,180.0,38.19,44.036368,0.973131,95.955599,0.267,0.269
X_other,X_other-14-20260923-194832,60,haar,250000,249924,180.0,35.9,40.971577,0.961742,92.12185,0.274,0.27
X_other,X_other-14-20260923-194832,60,97,300000,299956,216.0,39.25,45.660257,0.976662,96.420293,0.268,0.269
X_other,X_other-14-20260923-194832,60,haar,300000,299884,216.0,36.84,42.288771,0.967181,93.057281,0.288,0.305
X_other,X_other-14-20260923-194832,60,97,350000,349996,252.0,40.44,47.066235,0.980984,96.672337,0.268,0.271
X_other,X_other-14-20260923-194832,60,haar,350000,349984,252.0,38.08,43.84345,0.972207,94.082442,0.269,0.278
X_other,X_other-14-20260923-194832,60,97,416667,416592,300.0,41.34,48.172962,0.983967,96.789617,0.267,0.267
X_other,X_other-14-20260923-194832,60,haar,416667,416640,300.0,39.63,45.655212,0.9774,95.03739,0.267,0.267
X_other,X_other-14-20260923-194832,60,97,500000,499944,360.0,42.54,49.348569,0.9862,96.942302,0.269,0.27
X_other,X_other-14-20260923-194832,60,haar,500000,500000,360.0,41.26,47.191059,0.981249,95.757509,0.274,0.27
X_other,X_other-14-20260923-194832,60,97,600000,599964,432.0,44.14,50.480915,0.988074,97.078069,0.269,0.274
X_other,X_other-14-20260923-194832,60,haar,600000,599872,432.0,42.98,48.493857,0.983753,96.355039,0.27,0.27
X_other,X_other-14-20260923-194832,60,97,700000,699944,504.0,45.81,51.415702,0.989647,97.157104,0.269,0.272
X_other,X_other-14-20260923-194832,60,haar,700000,699892,504.0,44.19,49.473818,0.985491,96.604557,0.271,0.282
X_other,X_other-14-20260923-194832,60,97,800000,799908,576.0,47.65,52.43268,0.991359,97.247324,0.266,0.267
X_other,X_other-14-20260923-194832,60,haar,800000,799988,576.0,45.34,50.455094,0.987366,96.750769,0.278,0.272
X_other,X_other-14-20260923-194832,60,97,1000000,999900,720.0,50.24,53.834298,0.994407,97.318383,0.273,0.271
X_other,X_other-14-20260923-194832,60,haar,1000000,999996,720.0,48.06,51.912551,0.991468,97.098623,0.273,0.268
X_other,X_other-14-20260923-194832,70,97,150000,149856,108.0,35.45,39.930118,0.95713,94.43753,0.278,0.276
X_other,X_other-14-20260923-194832,70,haar,150000,149908,108.0,33.24,36.908879,0.943223,87.2803,0.269,0.291
X_other,X_other-14-20260923-194832,70,97,200000,199992,144.0,36.73,42.181009,0.965905,95.416675,0.27,0.266
X_other,X_other-14-20260923-194832,70,haar,200000,199940,144.0,34.84,39.097174,0.952436,90.751988,0.266,0.276
X_other,X_other-14-20260923-194832,70,97,250000,249988,180.0,38.23,44.110799,0.973065,96.00102,0.266,0.267
X_other,X_other-14-20260923-194832,70,haar,250000,249968,180.0,35.91,40.982432,0.96174,92.071213,0.268,0.272
X_other,X_other-14-20260923-194832,70,97,300000,299972,216.0,39.29,45.664864,0.976578,96.400781,0.268,0.273
X_other,X_other-14-20260923-194832,70,haar,300000,299956,216.0,36.84,42.313444,0.96731,93.019507,0.268,0.267
X_other,X_other-14-20260923-194832,70,97,350000,349964,252.0,40.44,47.066529,0.980976,96.664542,0.268,0.273
X_other,X_other-14-20260923-194832,70,haar,350000,349968,252.0,38.13,43.780447,0.97243,94.076673,0.27,0.272
X_other,X_other-14-20260923-194832,70,97,416667,416644,300.0,41.33,48.167526,0.984029,96.765844,0.271,0.266
X_other,X_other-14-20260923-194832,70,haar,416667,416628,300.0,39.67,45.574088,0.977432,95.047977,0.274,0.27
X_other,X_other-14-20260923-194832,70,97,500000,499936,360.0,42.56,49.371312,0.986272,96.918547,0.284,0.278
X_other,X_other-14-20260923-194832,70,haar,500000,499996,360.0,41.3,47.182836,0.981305,95.768177,0.269,0.271
X_other,X_other-14-20260923-194832,70,97,600000,599996,432.0,44.13,50.472369,0.988059,97.060641,0.27,0.273
X_other,X_other-14-20260923-194832,70,haar,600000,599932,432.0,42.96,48.44712,0.983705,96.331762,0.269,0.266
X_other,X_other-14-20260923-194832,70,97,700000,699988,504.0,45.81,51.417524,0.989649,97.149931,0.281,0.268
X_other,X_other-14-20260923-194832,70,haar,700000,699976,504.0,44.21,49.545874,0.985487,96.596445,0.271,0.269
X_other,X_other-14-20260923-194832,70,97,800000,799936,576.0,47.65,52.475234,0.991335,97.234844,0.268,0.273
X_other,X_other-14-20260923-194832,70,haar,800000,799944,576.0,45.48,50.464978,0.987351,96.775042,0.265,0.276
X_other,X_other-14-20260923-194832,70,97,1000000,999968,720.0,50.23,53.868057,0.994481,97.312293,0.266,0.288
X_other,X_other-14-20260923-194832,70,haar,1000000,999976,720.0,48.02,51.878378,0.991448,97.112844,0.27,0.269
X_other,X_other-14-20260923-194832,80,97,150000,149944,108.0,35.44,39.898438,0.957098,94.40893,0.271,0.27
X_other,X_other-14-20260923-194832,80,haar,150000,149916,108.0,33.23,36.915226,0.943039,87.178012,0.269,0.268
X_other,X_other-14-20260923-194832,80,97,200000,199956,144.0,36.79,42.223803,0.965952,95.439065,0.267,0.274
X_other,X_other-14-20260923-194832,80,haar,200000,199936,144.0,34.88,39.128808,0.951964,90.808778,0.267,0.268
X_other,X_other-14-20260923-194832,80,97,250000,249928,180.0,38.15,44.039238,0.973223,95.938255,0.273,0.267
X_other,X_other-14-20260923-194832,80,haar,250000,249856,180.0,35.9,40.970147,0.96171,92.070328,0.273,0.267
X_other,X_other-14-20260923-194832,80,97,300000,299984,216.0,39.25,45.680909,0.97663,96.405647,0.267,0.269
X_other,X_other-14-20260923-194832,80,haar,300000,299972,216.0,36.86,42.319627,0.967234,93.039875,0.272,0.268
X_other,X_other-14-20260923-194832,80,97,350000,349980,252.0,40.39,47.082554,0.980991,96.657396,0.269,0.268
X_other,X_other-14-20260923-194832,80,haar,350000,349860,252.0,38.17,43.874612,0.972308,94.078875,0.27,0.294
X_other,X_other-14-20260923-194832,80,97,416667,416656,300.0,41.34,48.217349,0.983988,96.797206,0.273,0.275
X_other,X_other-14-20260923-194832,80,haar,416667,416664,300.0,39.66,45.63376,0.977399,95.075994,0.268,0.275
X_other,X_other-14-20260923-194832,80,97,500000,499940,360.0,42.61,49.42509,0.986255,96.924141,0.271,0.272
X_other,X_other-14-20260923-194832,80,haar,500000,499944,360.0,41.31,47.183105,0.981275,95.783232,0.276,0.272
X_other,X_other-14-20260923-194832,80,97,600000,599944,432.0,44.21,50.492455,0.988073,97.07117,0.27,0.274
X_other,X_other-14-20260923-194832,80,haar,600000,599940,432.0,42.95,48.552327,0.983781,96.327759,0.274,0.268
X_other,X_other-14-20260923-194832,80,97,700000,699868,504.0,45.83,51.39649,0.989632,97.157243,0.266,0.268
X_other,X_other-14-20260923-194832,80,haar,700000,699940,504.0,44.19,49.556688,0.985549,96.613679,0.269,0.295
X_other,X_other-14-20260923-194832,80,97,800000,799996,576.0,47.66,52.465085,0.991372,97.243191,0.274,0.273
X_other,X_other-14-20260923-194832,80,haar,800000,799924,576.0,45.41,50.459846,0.987324,96.780068,0.27,0.269
X_other,X_other-14-20260923-194832,80,97,1000000,999972,720.0,50.24,53.841397,0.994436,97.313263,0.273,0.272
X_other,X_other-14-20260923-194832,80,haar,1000000,999980,720.0,48.06,51.928284,0.991543,97.124408,0.274,0.27
